product_id,product_name,category_id,brand,price,cost,stock,launch_date,status,rating_avg,review_count
1,이니스프리 그린티 토너 Premium,61,이니스프리,38200,23441,13,21OCT2023,active,3.94,18
2,LG생활건강 샴푸 700ml Plus,44,LG생활건강,9300,6308,256,24MAY2023,active,4.08,25
3,Samsung 전자레인지 Lite,23,Samsung,672100,423295,345,09MAY2024,active,4.2,25
4,카터스 조거팬츠 Premium,12,카터스,73800,56424,344,10MAR2022,active,3.69,16
5,CJ 비비고 만두 Mini,32,CJ,7300,5564,399,18AUG2025,active,4.26,19
6,설화수 자정 토너 Premium,61,설화수,38900,25889,206,21NOV2025,discontinued,3.81,21
7,농협 감자 3kg Premium,29,농협,2800,1751,171,11FEB2025,active,3.94,18
8,동원 참치캔 Premium,34,동원,5700,4101,463,09DEC2024,discontinued,4.29,17
9,Samsung 갤럭시워치,17,Samsung,270400,151003,269,08AUG2025,active,3.31,16
10,Apple Apple Watch Pro,17,Apple,436000,287409,220,17JUN2024,active,4.0,19
11,맥심 모카 골드 Lite,36,맥심,1500,941,151,16DEC2022,discontinued,4.08,25
12,교보문고 백종원의 육아 레시피 Mini,55,교보문고,8400,6398,182,16JUL2022,active,4.05,21
13,이니스프리 수분 크림 Lite,62,이니스프리,26500,14648,398,05JAN2024,soldout,3.82,22
14,카누 미니,36,카누,3300,2234,71,11MAR2024,active,4.09,22
15,The North Face 후디 자켓 Plus,5,The North Face,38700,27877,417,10JUN2025,discontinued,3.74,19
16,오리온 초코파이 Plus,33,오리온,4400,2910,282,13DEC2025,active,3.95,20
17,Levi's 501 Jeans Plus,4,Levi's,36900,21019,73,31OCT2024,active,3.88,26
18,Starbucks 비아 콜롬비아 Basic,36,Starbucks,7500,5802,354,10SEP2025,active,4.24,21
19,송월타월 호텔 수건 6매 Premium,45,송월타월,10100,6758,496,04APR2023,active,3.87,15
20,해커스 정보처리기사 Basic,58,해커스,14900,10299,327,18FEB2024,discontinued,3.75,12
21,Uniqlo EZY Ankle Pro,4,Uniqlo,86900,52524,534,08MAY2022,active,3.91,11
22,Ottogi 오뚜기 카레 Plus,32,Ottogi,4900,3239,579,19DEC2025,active,3.81,21
23,교보문고 한강 소년이 온다,51,교보문고,15100,9795,446,01JUL2023,active,3.91,11
24,Samsung 갤럭시북 Mini,19,Samsung,464800,263646,372,20NOV2025,active,4.3,23
25,롯데 빼빼로 Lite,33,롯데,4300,2469,361,24FEB2025,active,4.16,19
26,동서 현미녹차 100T Premium,37,동서,2900,2153,92,18AUG2023,active,3.96,27
27,Tefal 프라이팬 28cm Max,41,Tefal,7300,4417,320,17JAN2022,discontinued,4.11,18
28,맥 맥 립스틱 Mini,65,맥,18800,11182,323,03DEC2022,active,4.0,18
29,Corelle 접시 세트 Premium,42,Corelle,22500,14987,383,18MAR2022,active,4.04,28
30,Samsung 세탁기 Basic,24,Samsung,303100,220296,574,21JUN2026,active,4.46,13
31,LG 광파오븐 Basic,23,LG,403100,227448,345,14DEC2023,active,4.58,19
32,Nike 패딩 Mini,5,Nike,55200,37683,102,08NOV2023,active,3.79,14
33,해커스 영어 회화 100일 Basic,57,해커스,14500,8372,214,15FEB2023,active,3.8,20
34,카터스 맨투맨 Plus,11,카터스,53100,29650,191,10AUG2025,active,3.92,25
35,동원 동원 참치 Pro,32,동원,1600,899,193,25DEC2024,discontinued,3.85,27
36,Samsung 갤럭시 Lite,15,Samsung,408500,303048,379,21MAY2022,active,3.96,24
37,라네즈 워터 토너 Pro,61,라네즈,31100,17948,402,05DEC2025,active,4.04,27
38,농협 사과 5kg Premium,28,농협,4900,2745,599,10MAY2026,active,4.27,11
39,Uniqlo Blouse Lite,7,Uniqlo,15000,9760,10,05APR2026,active,4.14,22
40,녹차원 얼그레이,37,녹차원,11400,8482,186,06JUN2024,active,4.0,13
41,Logitech MX Master Lite,21,Logitech,264900,161682,14,26DEC2024,active,4.04,23
42,Apple iPhone Pro,15,Apple,540900,349959,296,17FEB2026,active,3.93,14
43,제주삼다수 500ml 20개입 Mini,38,제주삼다수,4900,2739,410,14FEB2024,active,4.18,22
44,ZARA Slim Chino Lite,4,ZARA,66300,43312,584,01SEP2025,active,4.28,18
45,한우자조금 한우 등심 1++,30,한우자조금,22700,15500,51,06MAY2025,active,4.31,16
46,한샘 유리컵 6개,42,한샘,6100,4155,27,12JAN2026,soldout,3.68,19
47,뉴발란스키즈 반팔티,11,뉴발란스키즈,24600,15410,576,20DEC2024,active,3.92,24
48,뉴발란스키즈 데님 Pro,12,뉴발란스키즈,40600,25276,16,05APR2025,active,3.65,26
49,교보문고 원씽 Lite,54,교보문고,10400,5975,350,23MAR2025,active,4.17,23
50,Razer DeathAdder Max,21,Razer,707300,448685,427,14APR2023,active,3.91,22
51,Samsung QLED TV Mini,25,Samsung,733800,420382,228,18MAR2022,active,3.92,25
52,길벗 집에서 만드는 파스타 Plus,55,길벗,20400,14816,209,25DEC2023,active,3.74,19
53,설화수 자정 안티에이징 Lite,62,설화수,34200,26410,430,03JAN2025,active,3.89,18
54,ZARA Knit,7,ZARA,82600,63859,293,19JAN2026,active,3.93,15
55,H&M Cargo Pants Max,4,H&M,18100,13556,581,28NOV2024,active,3.88,26
56,ZARA 플라워 원피스 Plus,9,ZARA,37700,25944,103,26APR2022,active,3.86,21
57,입생로랑 뷰티 넘버 원 Plus,65,입생로랑,19000,13512,203,19APR2022,soldout,4.0,22
58,H&M Cardigan Premium,7,H&M,61900,38105,52,26FEB2026,active,3.78,18
59,아모레퍼시픽 바디워시 Lite,44,아모레퍼시픽,4400,3058,374,05MAY2023,discontinued,3.96,27
60,풀무원 바나나 1송이 Pro,28,풀무원,4800,3143,53,07FEB2024,active,4.17,18
61,평창수 2L 6개입 Lite,38,평창수,6200,4097,275,25JUN2022,soldout,3.96,26
62,교보문고 모든 순간이 너였다 Max,52,교보문고,11100,8039,334,06AUG2023,active,3.73,15
63,Samsung 갤럭시탭 Plus,16,Samsung,303800,186788,30,11JUN2025,active,4.31,16
64,위즈덤하우스 캠핑 요리 Lite,55,위즈덤하우스,16400,10219,134,03JUN2023,active,4.0,14
65,Roccat Kone Pro,21,Roccat,784700,598465,57,31MAR2024,active,4.25,20
66,3M 테이프 클리너 Premium,47,3M,7100,3996,104,28MAR2024,active,4.09,22
67,Cuchen 밥솥 Lite,23,Cuchen,264300,174886,265,03JAN2026,active,3.89,27
68,아디다스키즈 레깅스 Mini,12,아디다스키즈,71300,54184,521,26AUG2023,soldout,4.05,22
69,Corsair K95 Premium,21,Corsair,375500,259239,495,06NOV2024,active,3.83,18
70,Ottogi 햄 캔 Pro,34,Ottogi,2800,1891,252,27FEB2026,active,4.0,19
71,라네즈 수분 로션 Max,62,라네즈,46000,27942,294,20FEB2026,active,4.0,22
72,풀무원 풀무원 두부 Plus,32,풀무원,3400,2138,157,25JUN2026,active,3.75,20
73,LG 건조기 Lite,24,LG,819500,611323,548,15FEB2023,active,4.37,27
74,CJ 샤인머스캣 2kg Pro,28,CJ,3000,2035,66,28JUL2023,active,3.95,20
75,Nescafe 골드 블렌드 Premium,36,Nescafe,4300,2874,298,29JAN2026,active,4.05,20
76,아이시스 500ml 40개입 Mini,38,아이시스,9500,5442,462,29OCT2022,active,4.2,15
77,Tetley 캐모마일 Pro,37,Tetley,4100,2270,100,02JUN2022,discontinued,4.26,23
78,헤라 블랙 쿠션 Basic,64,헤라,46700,36035,55,15DEC2024,active,4.15,26
79,Dove 치약 3개입,44,Dove,12800,8149,331,01JUL2023,soldout,4.0,24
80,Cuckoo 전기포트 Mini,23,Cuckoo,1452800,1000600,392,20FEB2023,active,4.12,25
81,Nike Tech Tee Premium,3,Nike,93000,52855,380,06MAR2022,active,4.0,16
82,Twinings 잉글리시 브렉퍼스트 Max,37,Twinings,1900,1343,91,29SEP2024,active,3.81,26
83,아디다스키즈 후드 티 Plus,11,아디다스키즈,49600,37918,446,04AUG2024,active,3.92,25
84,LG Velvet Premium,15,LG,271000,184931,108,28FEB2022,active,3.8,20
85,Illy 에스프레소 원두,36,Illy,5600,3242,316,21AUG2023,active,4.27,15
86,Adidas Trefoil Hoodie Max,3,Adidas,37800,25847,167,20MAY2026,active,3.89,28
87,나이키키즈 반바지 Lite,12,나이키키즈,19200,13944,434,18MAR2022,active,4.0,15
88,맥심 모카 골드 Pro,36,맥심,10300,6627,441,04OCT2025,discontinued,3.38,24
89,Garmin Venu Basic,17,Garmin,499800,376030,217,25JUN2025,active,3.75,16
90,LG OLED TV Mini,25,LG,372900,260730,221,19JUN2026,active,3.88,26
91,컬럼비아키즈 트레이닝 팬츠 Mini,12,컬럼비아키즈,27900,21115,527,12DEC2025,active,3.4,10
92,한빛미디어 데일 카네기 인간관계론 Pro,54,한빛미디어,17200,11926,277,10AUG2024,active,4.44,9
93,길벗 지적 대화를 위한 넓고 얕은 지식 Basic,54,길벗,19200,11139,568,26APR2022,active,3.88,17
94,민음사 무진기행 Pro,51,민음사,15500,9629,573,12JUN2022,active,3.86,22
95,Uniqlo A라인 스커트 Lite,8,Uniqlo,15000,8946,465,23AUG2025,active,3.67,15
96,샤넬 루쥬 코코,65,샤넬,30000,22770,583,09APR2022,active,3.94,17
97,헤라 레조나 토너 Max,61,헤라,12500,9061,29,10AUG2023,active,4.11,27
98,입생로랑 뚜쉬 에끌라 Premium,64,입생로랑,26200,18485,358,11APR2024,active,4.0,20
99,광주요 도자기 밥공기 Mini,42,광주요,5700,3529,287,13OCT2022,active,4.35,20
100,나이키키즈 카라 티 Lite,11,나이키키즈,15500,9181,85,17AUG2022,active,4.18,17
101,Xiaomi Redmi Max,15,Xiaomi,928200,672001,233,20FEB2025,active,4.04,23
102,카터스 조거팬츠 Lite,12,카터스,29900,19705,312,04AUG2023,active,3.81,21
103,LG gram Basic,19,LG,348700,209893,364,27SEP2023,active,4.18,17
104,문학동네 언어의 온도 Mini,52,문학동네,19700,13628,268,20JAN2023,active,4.0,16
105,문학동네 데미안 Premium,51,문학동네,14000,7829,130,30SEP2024,active,3.94,17
106,CJ 스팸 Pro,34,CJ,21400,13375,350,25OCT2023,active,4.16,19
107,카누 미니 Pro,36,카누,4000,2631,179,01JUN2022,active,3.74,19
108,시원스쿨 TOEIC 실전 Max,57,시원스쿨,18800,10979,479,24DEC2023,active,4.19,16
109,위즈덤하우스 아주 작은 습관의 힘 Premium,54,위즈덤하우스,24000,18635,162,12APR2025,active,4.0,26
110,SKII 피테라 에센스,62,SKII,77700,46471,95,05AUG2022,active,4.0,21
111,해태 홈런볼 Plus,33,해태,2900,1681,509,09SEP2023,active,4.0,17
112,Fissler 압력솥 Basic,41,Fissler,10300,6147,364,05DEC2025,active,3.85,20
113,YES24 역행자 Max,54,YES24,27100,19698,352,23MAR2023,active,4.1,20
114,Uniqlo AIRism Shirt Plus,3,Uniqlo,59000,38224,435,05AUG2022,active,3.95,19
115,교보문고 원씽 Lite,54,교보문고,25000,17001,82,03DEC2025,active,3.84,19
116,길벗 HSK 5급 Basic,57,길벗,9400,5215,224,29MAY2026,active,3.67,18
117,HyperX Cloud II Lite,21,HyperX,1119900,624813,411,16OCT2024,active,3.67,27
118,Adidas 바람막이,5,Adidas,22900,14943,117,25AUG2025,active,4.29,21
119,ZARA Basic Tee Premium,3,ZARA,40700,30029,481,02SEP2022,active,4.25,16
120,ZARA Culotte Mini,8,ZARA,33200,25019,191,29JAN2025,active,4.31,16
121,에비앙 750ml Basic,38,에비앙,2600,1481,590,27SEP2022,active,3.93,28
122,SteelSeries Arctis Plus,21,SteelSeries,189500,127689,589,12FEB2022,active,3.77,22
123,에스티로더 어드밴스드 토너,61,에스티로더,10400,7904,106,22DEC2022,active,3.8,20
124,락앤락 냄비 세트 Mini,41,락앤락,14300,9141,381,20APR2022,active,4.0,16
125,Google Pixel Pro,15,Google,177100,131195,389,28DEC2022,active,4.35,17
126,Philips 에어프라이어 Plus,23,Philips,224000,130088,243,12JUN2023,active,3.95,21
127,Nespresso 커피머신 Max,23,Nespresso,388100,296951,584,24APR2025,active,3.81,21
128,Volvic 1.5L 12개입 Pro,38,Volvic,1500,1084,467,21JAN2025,active,3.83,6
129,디올 어딕트,65,디올,47400,36332,537,15OCT2024,active,4.0,27
130,HP Omen Pro,20,HP,104100,73455,209,16AUG2024,active,4.48,21
131,LG생활건강 샤프란 리필 Max,48,LG생활건강,12700,8046,72,28APR2023,active,4.24,17
132,이니스프리 그린티 토너 Basic,61,이니스프리,30000,22973,308,18JAN2024,active,3.68,22
133,애경 스파크 세탁 세제 Pro,48,애경,18400,11286,589,22MAY2022,active,4.14,21
134,MUJI Basic Tee Premium,7,MUJI,35400,22174,185,22APR2023,active,3.93,15
135,코사홀리 이불 세트 Plus,45,코사홀리,44800,31861,252,10MAR2024,active,4.21,19
136,한빛미디어 JLPT N2 Mini,57,한빛미디어,17700,12850,12,24AUG2022,active,4.06,18
137,샘표 옥수수 Pro,34,샘표,10200,7790,298,19SEP2023,active,3.83,18
138,설화수 자정 토너 Plus,61,설화수,19200,11464,75,15SEP2025,active,4.25,12
139,Delonghi 토스터 Lite,23,Delonghi,475600,348871,50,19OCT2022,active,4.18,22
140,Nivea 핸드워시 Plus,44,Nivea,33800,24331,148,17SEP2023,active,3.79,19
141,문학동네 홈베이킹 기초 Mini,55,문학동네,14800,8357,121,05JUL2026,active,4.2,15
142,Dell XPS Tower Plus,20,Dell,496500,317293,210,17JUL2025,active,4.4,15
143,피죤 섬유유연제 Max,48,피죤,24000,14760,279,26FEB2026,active,3.88,24
144,컬럼비아키즈 체크 셔츠,11,컬럼비아키즈,23200,14384,537,16OCT2024,active,4.1,21
145,농심 새우깡 Mini,33,농심,1500,1164,155,28SEP2022,soldout,4.12,17
146,MUJI 수저 세트,42,MUJI,15500,10816,237,15APR2026,active,4.11,19
147,MUJI Jogger Basic,4,MUJI,65700,46979,375,30MAR2022,discontinued,4.17,23
148,나스 오르가즘 블러셔,65,나스,13200,10225,81,09OCT2023,active,4.06,18
149,H&M 롱 원피스 Lite,9,H&M,54200,34512,491,04JUL2022,active,4.29,21
150,IKEA 샐러드볼 Max,42,IKEA,20000,14688,355,04FEB2025,active,3.95,19
151,Corelle 접시 세트 Basic,42,Corelle,3400,2209,272,13FEB2023,active,4.24,17
152,농협하나로 삼겹살 1kg Plus,30,농협하나로,2500,1874,579,01SEP2025,active,3.91,22
153,무인양품 샤워 타월 Mini,45,무인양품,10500,6211,43,16OCT2025,active,4.17,24
154,Fitbit Charge Lite,17,Fitbit,397200,305036,572,30OCT2025,active,3.95,21
155,한샘 유리컵 6개 Max,42,한샘,8500,5102,122,28AUG2024,active,4.19,16
156,오설록 제주 녹차 Basic,37,오설록,2800,1750,348,25NOV2024,active,4.17,24
157,라네즈 워터 토너 Basic,61,라네즈,81000,58637,329,23JUN2024,active,4.21,19
158,창비 82년생 김지영 Lite,51,창비,15600,9992,408,07AUG2024,active,3.91,22
159,H&M Slim Polo Premium,3,H&M,23900,16488,322,01DEC2023,active,3.74,23
160,Cuchen 전기밥솥 Plus,41,Cuchen,13000,8479,110,09APR2024,active,4.05,20
161,ASUS ROG Lite,20,ASUS,610600,440086,88,09NOV2022,active,4.0,15
162,에스티로더 더블 웨어 Basic,64,에스티로더,30600,18436,432,20FEB2023,active,4.23,22
163,Columbia 트렌치코트 Pro,5,Columbia,32000,18030,98,07SEP2025,active,4.0,23
164,헤라 레조나 토너 Max,61,헤라,20100,12441,538,19AUG2025,active,3.76,21
165,스톤헨지 슬립 드레스 Lite,9,스톤헨지,24400,16081,145,23OCT2025,active,4.1,20
166,뉴발란스키즈 데님 Premium,12,뉴발란스키즈,25300,14892,256,12FEB2024,active,3.92,24
167,Neoflam 실리콘 뒤집개 Basic,41,Neoflam,16300,10295,188,24APR2022,active,3.8,20
168,Samsung 갤럭시 Plus,15,Samsung,243600,156390,239,04JUN2026,discontinued,4.37,19
169,문법의 원리 토익 스피킹,57,문법의 원리,19000,10700,502,02MAY2026,soldout,4.09,22
170,YES24 아몬드 Basic,51,YES24,28700,19635,270,22OCT2022,active,3.77,30
171,맥 맥 립스틱 Plus,65,맥,36100,27197,519,27MAR2026,active,4.36,22
172,Starbucks 비아 콜롬비아 Lite,36,Starbucks,3700,2164,549,28JAN2026,active,3.91,22
173,Samsung 전자레인지 Plus,23,Samsung,203000,139561,113,19JUL2024,active,3.73,11
174,Downy 주방 세제 Mini,48,Downy,34400,24179,338,11JUL2024,active,3.88,17
175,Tide 표백제 Mini,48,Tide,6600,4266,567,26JAN2025,active,4.05,22
176,Nescafe 골드 블렌드 Mini,36,Nescafe,8900,6330,358,11JUL2024,active,4.11,18
177,메이크업포에버 HD 파운데이션 Premium,64,메이크업포에버,43600,28098,333,21JUN2025,active,3.8,15
178,Apple MacBook Premium,19,Apple,383800,255636,168,20JAN2022,active,3.71,17
179,에스티로더 어드밴스드 토너 Pro,61,에스티로더,25300,13957,338,10JUL2024,active,3.95,19
180,Levi's 501 Jeans Premium,4,Levi's,15000,10636,260,11DEC2023,active,4.12,24
181,MLB 플리스,5,MLB,44200,31033,198,13FEB2022,discontinued,3.75,12
182,해커스 영어 회화 100일 Lite,57,해커스,20900,11679,210,15OCT2022,active,3.52,25
183,Sony BRAVIA Basic,25,Sony,230100,146043,286,20MAY2025,active,4.2,20
184,Uniqlo EZY Ankle Basic,4,Uniqlo,33000,25580,471,29AUG2025,active,3.61,18
185,ZARA Slim Chino Pro,4,ZARA,37100,23995,481,19JAN2024,active,4.25,16
186,광주요 도자기 밥공기 Premium,42,광주요,18900,12576,22,04APR2022,active,3.95,21
187,롯데 골뱅이,34,롯데,4900,3720,559,14MAR2024,soldout,3.88,24
188,시원스쿨 TOEIC 실전 Plus,57,시원스쿨,8500,6077,108,05OCT2025,active,3.94,17
189,LG생활건강 샤프란 리필 Pro,48,LG생활건강,9700,6633,295,17APR2026,active,4.07,14
190,교보문고 한강 소년이 온다,51,교보문고,17800,13056,5,03OCT2023,active,3.95,20
191,MUJI Tech Tee Plus,3,MUJI,60100,45003,549,20DEC2023,active,4.32,19
192,풀무원 양파망 1.8kg,29,풀무원,3100,2030,202,26OCT2025,discontinued,4.47,17
193,H&M Cargo Pants Plus,4,H&M,134900,88936,324,05MAY2025,active,3.9,21
194,제주삼다수 500ml 20개입 Max,38,제주삼다수,1500,958,243,17MAR2025,active,4.17,24
195,애경 스파크 세탁 세제,48,애경,9500,7337,326,31JUL2023,active,4.0,20
196,MIXXO 니트 원피스 Basic,9,MIXXO,34500,24507,46,22SEP2022,active,4.09,22
197,피죤 섬유유연제 Mini,48,피죤,11800,6715,590,14AUG2023,active,4.11,18
198,MIXXO Turtleneck Premium,7,MIXXO,17300,12948,12,26APR2022,active,4.32,19
199,Xiaomi Mi Band Plus,17,Xiaomi,578800,382314,379,12MAR2025,active,3.96,24
200,TCL C815 Max,25,TCL,552700,312725,364,20AUG2025,soldout,4.1,20
201,에듀윌 컴활 1급,58,에듀윌,16600,11228,341,07JAN2022,active,3.96,27
202,Illy 에스프레소 원두 Basic,36,Illy,6100,3940,220,22MAY2023,discontinued,3.73,26
203,MUJI Wide Pants Mini,8,MUJI,28100,21127,72,15AUG2025,active,3.95,22
204,창비 나는 나로 살기로 했다 Plus,52,창비,8500,5073,45,16SEP2024,active,4.45,20
205,DEW E DEW 셔츠 원피스,9,DEW E DEW,23600,17466,503,23AUG2025,active,3.93,15
206,CJ 포스틱,33,CJ,5400,3662,273,11NOV2025,active,4.17,18
207,Samsung 갤럭시워치 Plus,17,Samsung,487700,274360,554,27DEC2023,active,4.0,21
208,Dyson 냉장고 Pro,24,Dyson,453500,350793,207,14AUG2022,active,3.64,14
209,민음사 무진기행 Pro,51,민음사,20300,13558,123,27AUG2024,active,3.37,19
210,Apple iPhone Basic,15,Apple,312100,192535,9,26OCT2023,active,3.59,17
211,ZARA 플라워 원피스 Mini,9,ZARA,36900,24278,328,11OCT2023,active,3.93,14
212,Winia 공기청정기 Plus,24,Winia,623500,465946,186,09JAN2026,discontinued,3.85,13
213,메디안 스킨 로션 Basic,44,메디안,12600,7813,542,02AUG2023,discontinued,3.47,15
214,The North Face 후디 자켓 Basic,5,The North Face,17200,10222,59,04APR2024,active,4.11,18
215,CJ 제일제당 닭가슴살 2kg Lite,30,CJ 제일제당,2500,1449,441,04JUN2025,active,3.82,11
216,YES24 와인 입문,55,YES24,22700,14040,216,02JAN2026,active,3.65,20
217,CJ 상추 200g Premium,29,CJ,13000,9482,1,20APR2026,active,4.19,21
218,평창수 2L 6개입,38,평창수,11100,7309,535,16MAR2023,active,4.3,30
219,Nike 패딩 Pro,5,Nike,41700,25116,355,31JUL2022,active,4.0,29
220,이마트 오이 5개 Mini,29,이마트,2100,1235,164,26MAY2025,active,4.28,18
221,풀무원 양념갈비,30,풀무원,4800,3007,90,01AUG2024,active,3.92,24
222,Downy 주방 세제 Plus,48,Downy,34100,26126,166,02MAY2024,active,3.85,20
223,카터스 맨투맨 Basic,11,카터스,52600,33079,206,01FEB2024,active,3.83,18
224,나스 리퀴드 라이트닝 Plus,64,나스,26200,20364,281,12NOV2022,active,3.81,21
225,문학동네 데미안 Lite,51,문학동네,20900,13827,64,18MAR2024,discontinued,3.72,18
226,Estee Lauder 리페어 크림 Mini,62,Estee Lauder,13800,8158,515,11OCT2024,active,4.28,25
227,이니스프리 그린티 토너 Basic,61,이니스프리,19500,14721,156,26JUN2026,active,4.08,25
228,이마트 딸기 500g Plus,28,이마트,2300,1508,305,22JUL2024,active,4.15,20
229,이니스프리 수분 크림 Pro,62,이니스프리,39400,28101,394,07OCT2024,active,4.09,11
230,Nike Trefoil Hoodie Premium,3,Nike,55700,43237,73,09SEP2023,soldout,4.36,25
231,Apple Apple Watch Lite,17,Apple,403400,226525,186,31AUG2022,active,4.11,18
232,MUJI 수저 세트 Mini,42,MUJI,7900,4520,573,29APR2023,active,3.8,20
233,동서 현미녹차 100T Lite,37,동서,4800,3435,336,23MAR2025,active,3.44,16
234,동원 참치캔 Pro,34,동원,3400,2090,567,21MAR2025,active,4.37,19
235,Scotch-Brite 수세미 Mini,47,Scotch-Brite,8200,4857,239,11SEP2023,active,3.63,19
236,IKEA 얼굴 수건 Lite,45,IKEA,16300,9112,532,19JUN2024,active,3.76,17
237,입생로랑 뷰티 넘버 원 Max,65,입생로랑,18800,10434,140,21JUL2023,active,4.06,36
238,한빛미디어 데일 카네기 인간관계론 Pro,54,한빛미디어,8700,6334,264,24MAR2023,active,4.0,21
239,뉴발란스키즈 반팔티 Pro,11,뉴발란스키즈,16200,9410,138,20DEC2023,discontinued,4.06,17
240,Midea 무선청소기 Pro,24,Midea,169000,111130,458,21FEB2022,active,3.61,31
241,아이시스 500ml 40개입 Max,38,아이시스,5800,3998,69,28FEB2025,active,4.0,22
242,MUJI Jogger Max,4,MUJI,39700,25746,384,12SEP2022,active,4.14,14
243,Adidas AIRism Shirt Plus,3,Adidas,38500,21415,197,06FEB2022,active,4.0,19
244,Lenovo ThinkPad Basic,19,Lenovo,629400,459591,204,30SEP2022,discontinued,3.86,28
245,H&M 슬랙스 Premium,8,H&M,74200,40989,567,18SEP2023,active,3.95,20
246,길벗 HSK 5급 Lite,57,길벗,12800,9283,430,06JUN2025,active,4.15,13
247,Tide 표백제 Plus,48,Tide,17000,12842,324,17NOV2024,active,3.96,25
248,LG Velvet Lite,15,LG,171400,111333,441,19APR2022,active,4.07,15
249,헤라 블랙 쿠션 Premium,64,헤라,67900,45708,287,10MAY2024,active,3.79,19
250,길벗 지적 대화를 위한 넓고 얕은 지식 Basic,54,길벗,9900,6531,225,17MAR2024,active,4.09,22
251,GS Fresh 당근 1kg Max,29,GS Fresh,2900,1854,63,18OCT2025,active,4.43,21
252,Samsung 세탁기 Basic,24,Samsung,309000,233019,559,13JAN2024,active,4.41,32
253,Adidas 바람막이 Max,5,Adidas,15000,11334,497,11DEC2023,active,3.9,10
254,이마트 소불고기 Premium,30,이마트,5000,3136,59,16JAN2022,active,4.28,18
255,맥심 모카 골드 Basic,36,맥심,5700,3941,396,14JUN2025,active,4.1,20
256,창비 82년생 김지영 Plus,51,창비,15100,11524,256,09FEB2022,active,4.42,26
257,카누 미니 Mini,36,카누,1600,1234,576,20APR2022,active,3.8,25
258,Garmin Venu Plus,17,Garmin,1454200,970039,238,08SEP2022,active,3.71,14
259,아디다스키즈 레깅스 Lite,12,아디다스키즈,50400,32969,37,27OCT2025,active,4.53,30
260,교보문고 백종원의 육아 레시피 Plus,55,교보문고,46800,28739,24,17MAY2026,active,4.39,18
261,아이패스 한국사능력검정 Premium,58,아이패스,11800,9092,409,19SEP2025,active,4.06,16
262,설화수 자정 안티에이징 Pro,62,설화수,52800,30774,460,21FEB2024,active,4.05,22
263,한우자조금 한우 등심 1++ Lite,30,한우자조금,8400,5740,570,26APR2024,active,4.06,17
264,위즈덤하우스 아주 작은 습관의 힘 Basic,54,위즈덤하우스,14500,8917,416,15JUN2023,active,4.27,15
265,녹차원 얼그레이 Lite,37,녹차원,13100,8045,356,30OCT2024,active,3.97,31
266,YES24 역행자 Mini,54,YES24,13800,8875,382,29NOV2024,active,4.17,23
267,Tetley 캐모마일 Max,37,Tetley,3800,2962,157,21JUN2022,active,4.0,20
268,LG생활건강 샴푸 700ml Basic,44,LG생활건강,3000,1687,568,04OCT2025,active,4.27,26
269,GS Fresh 수박 1통,28,GS Fresh,6500,4439,432,07AUG2023,active,3.46,26
270,농협 사과 5kg Lite,28,농협,1900,1081,47,15OCT2024,active,4.05,22
271,Levi's 501 Jeans Basic,4,Levi's,26000,15224,327,22JAN2022,active,3.6,25
272,교보문고 원씽 Basic,54,교보문고,10800,7031,432,26JAN2025,active,4.41,17
273,LG 건조기 Basic,24,LG,355100,236995,430,26MAY2024,active,3.85,20
274,입생로랑 뚜쉬 에끌라 Max,64,입생로랑,38800,23649,55,12DEC2022,active,3.93,14
275,길벗 집에서 만드는 파스타,55,길벗,16300,10151,576,15JAN2023,active,4.04,25
276,YES24 아몬드 Premium,51,YES24,21600,12312,267,31MAR2022,active,3.95,19
277,Uniqlo Blouse Plus,7,Uniqlo,77600,48091,68,04JAN2022,active,4.18,17
278,교보문고 한강 소년이 온다 Basic,51,교보문고,14000,10812,448,16APR2026,discontinued,3.48,23
279,Logitech MX Master Pro,21,Logitech,331900,254661,256,02FEB2025,active,4.43,14
280,Pulmuone 햇반 Premium,32,Pulmuone,9600,6019,489,29OCT2024,active,4.24,21
281,농협하나로 삼겹살 1kg Mini,30,농협하나로,10100,6881,48,16DEC2024,active,4.23,26
282,나이키키즈 반바지 Max,12,나이키키즈,56600,42971,315,13APR2024,active,4.16,25
283,아디다스키즈 후드 티 Lite,11,아디다스키즈,20500,11304,412,19OCT2024,active,4.17,18
284,Columbia 트렌치코트 Max,5,Columbia,46700,34392,433,13MAY2026,active,3.77,26
285,Hisense ULED Lite,25,Hisense,472400,362862,1,13APR2024,active,3.65,17
286,민음사 무진기행 Max,51,민음사,24800,14160,144,28DEC2023,active,3.95,20
287,ASUS ZenBook Lite,19,ASUS,313700,184183,365,12JAN2024,active,3.95,19
288,오리온 초코파이 Basic,33,오리온,1500,1156,419,28MAR2023,active,4.31,16
289,롯데 빼빼로 Plus,33,롯데,7900,5321,572,18APR2025,active,4.0,22
290,더타올 목욕 수건 Lite,45,더타올,3000,1659,560,05OCT2024,active,4.0,24
291,시대에듀 ADsP,58,시대에듀,12100,7371,443,22OCT2023,active,4.17,23
292,한국산업인력공단 SQLD Lite,58,한국산업인력공단,10800,7057,433,08JUL2022,active,4.35,20
293,컬럼비아키즈 트레이닝 팬츠 Pro,12,컬럼비아키즈,19500,13832,554,06DEC2022,active,4.09,22
294,Tefal 프라이팬 28cm Lite,41,Tefal,8500,6108,56,14JUL2024,active,4.17,18
295,Fissler 압력솥 Pro,41,Fissler,27700,21576,561,01FEB2026,active,4.04,24
296,위즈덤하우스 죽고 싶지만 떡볶이는 먹고 싶어 Mini,52,위즈덤하우스,22600,13924,177,09JAN2025,active,3.87,15
297,CJ 비비고 만두 Basic,32,CJ,4100,2762,292,16MAY2024,active,4.05,20
298,송월타월 호텔 수건 6매 Pro,45,송월타월,26300,17691,45,15MAR2023,active,4.33,18
299,문학동네 데미안 Plus,51,문학동네,10600,6818,169,16FEB2024,active,4.22,23
300,IKEA 샐러드볼 Premium,42,IKEA,6500,3827,270,11APR2024,active,4.0,11
301,창비 82년생 김지영 Basic,51,창비,23000,17820,416,25NOV2022,discontinued,3.86,21
302,MIXXO 데님 Pro,8,MIXXO,51400,38357,138,17SEP2025,active,3.96,27
303,농협 감자 3kg Basic,29,농협,3500,2326,246,05MAY2022,active,4.35,31
304,ZARA Knit,7,ZARA,18300,12604,147,11OCT2023,active,3.74,19
305,한빛미디어 데일 카네기 인간관계론 Basic,54,한빛미디어,29200,17586,229,13OCT2023,active,3.89,18
306,Samsung QLED TV Basic,25,Samsung,157600,106391,373,25JUL2022,active,4.32,19
307,Corelle 접시 세트 Mini,42,Corelle,9300,6601,79,20MAR2025,active,4.0,21
308,코사홀리 이불 세트 Plus,45,코사홀리,15300,10227,64,10JUN2026,active,4.24,21
309,아모레퍼시픽 바디워시 Max,44,아모레퍼시픽,39300,30566,87,11NOV2023,active,3.69,16
310,H&M 롱 원피스 Max,9,H&M,45700,31560,87,10JUL2024,active,4.12,24
311,길벗 지적 대화를 위한 넓고 얕은 지식 Pro,54,길벗,19700,12515,203,01DEC2022,active,4.3,20
312,에스티로더 더블 웨어 Basic,64,에스티로더,21100,15352,381,21MAY2025,discontinued,3.89,18
313,한빛미디어 JLPT N2 Pro,57,한빛미디어,20400,12019,475,31MAY2024,active,4.0,13
314,Starbucks 비아 콜롬비아 Mini,36,Starbucks,5200,3319,572,06AUG2022,soldout,3.86,28
315,Dove 치약 3개입 Mini,44,Dove,5100,3211,538,26AUG2025,active,3.5,22
316,LG생활건강 고무장갑 Lite,47,LG생활건강,21400,13895,213,29AUG2023,active,3.94,16
317,위즈덤하우스 아주 작은 습관의 힘,54,위즈덤하우스,24000,17515,73,18JUN2022,active,4.25,20
318,YES24 아몬드 Mini,51,YES24,22500,14880,60,22JUL2025,active,4.12,16
319,Ottogi 오뚜기 카레 Lite,32,Ottogi,5000,3663,542,07SEP2022,active,4.0,20
320,LG생활건강 샤프란 리필 Plus,48,LG생활건강,7500,5119,218,24FEB2026,active,3.89,18
321,Ottogi 햄 캔 Pro,34,Ottogi,1500,943,11,05DEC2022,active,4.04,27
322,교보문고 한강 소년이 온다 Premium,51,교보문고,17300,12737,414,31JUL2023,active,4.2,30
323,MLB 플리스 Plus,5,MLB,69500,42034,31,17MAR2024,active,4.0,19
324,풀무원 바나나 1송이 Mini,28,풀무원,9800,5895,159,25MAR2022,active,3.88,25
325,Twinings 잉글리시 브렉퍼스트 Plus,37,Twinings,8700,5794,236,24DEC2023,active,4.0,20
326,샤넬 루쥬 코코 Plus,65,샤넬,28400,17323,180,02MAY2024,active,4.17,18
327,락앤락 먼지털이,47,락앤락,25600,14133,557,18MAR2025,active,4.06,17
328,The North Face 후디 자켓,5,The North Face,63200,44183,340,19MAR2026,active,4.05,19
329,라네즈 수분 로션,62,라네즈,23000,15353,457,02MAR2025,discontinued,3.86,22
330,Nescafe 골드 블렌드 Plus,36,Nescafe,7800,5089,79,23OCT2023,active,4.08,12
331,애경 스파크 세탁 세제 Mini,48,애경,9600,7415,472,25APR2024,active,3.75,20
332,해태 홈런볼 Premium,33,해태,7100,4837,111,13JUN2024,active,3.65,20
333,CJ 스팸 Basic,34,CJ,1900,1422,291,20JUN2025,active,3.54,13
334,Uniqlo EZY Ankle Plus,4,Uniqlo,17400,10128,382,27MAY2026,active,4.0,17
335,락앤락 냄비 세트 Lite,41,락앤락,25200,17159,16,28JUN2024,active,3.67,15
336,디올 어딕트 Mini,65,디올,52100,39055,492,03SEP2022,discontinued,4.22,18
337,ZARA Slim Chino Plus,4,ZARA,53100,36326,330,29JUN2022,active,4.32,25
338,에비앙 750ml Premium,38,에비앙,5200,3718,485,17APR2024,active,3.71,21
339,LG OLED TV Basic,25,LG,105300,66925,405,20OCT2023,active,3.88,25
340,SKII 피테라 에센스,62,SKII,28400,16223,116,02JAN2022,active,4.09,23
341,민음사 무진기행 Mini,51,민음사,19500,12778,554,10APR2025,discontinued,3.69,26
342,Xiaomi Redmi Max,15,Xiaomi,320900,205610,114,13JUL2022,active,4.25,16
343,설화수 자정 토너 Basic,61,설화수,19300,14463,548,28FEB2023,active,3.9,20
344,Nivea 핸드워시 Lite,44,Nivea,31700,19213,546,30DEC2023,active,3.57,14
345,나스 오르가즘 블러셔 Plus,65,나스,28600,22089,335,20OCT2023,active,4.15,20
346,Volvic 1.5L 12개입 Premium,38,Volvic,6700,5161,335,07NOV2023,active,3.79,19
347,YES24 역행자 Max,54,YES24,22200,13474,146,26MAR2025,active,3.83,23
348,오설록 제주 녹차 Premium,37,오설록,2400,1512,121,31MAR2022,active,4.38,16
349,Illy 에스프레소 원두 Max,36,Illy,5600,4233,80,04SEP2024,active,3.35,17
350,MSI MEG Mini,20,MSI,976500,754173,374,08JUN2022,active,4.18,22
351,나이키키즈 카라 티 Max,11,나이키키즈,108100,70480,569,08DEC2024,active,3.93,29
352,위즈덤하우스 캠핑 요리 Lite,55,위즈덤하우스,16500,10293,62,23NOV2023,active,4.18,22
353,CJ 제일제당 닭가슴살 2kg Lite,30,CJ 제일제당,4100,2751,503,02FEB2025,active,4.14,21
354,Uniqlo Basic Tee Pro,3,Uniqlo,42600,30168,448,04JUL2026,active,4.28,18
355,카터스 조거팬츠 Lite,12,카터스,42000,25741,427,11AUG2023,active,3.86,21
356,Dyson 냉장고 Basic,24,Dyson,1016600,731330,426,25NOV2025,active,3.83,24
357,Razer DeathAdder Max,21,Razer,243300,136705,420,13FEB2022,active,4.12,16
358,HP Pavilion Lite,19,HP,374000,209940,321,02JUN2023,active,3.62,26
359,샘표 옥수수 Mini,34,샘표,2200,1405,165,06SEP2024,active,4.14,22
360,LG 광파오븐 Premium,23,LG,241000,152143,596,26JAN2026,active,4.35,20
361,한샘 유리컵 6개,42,한샘,16700,10397,460,15FEB2024,discontinued,4.11,19
362,YES24 아버지의 해방일지 Premium,52,YES24,22500,14916,458,16OCT2022,active,3.84,19
363,H&M Cargo Pants Pro,4,H&M,24500,15282,188,17APR2024,active,3.91,23
364,피죤 섬유유연제 Premium,48,피죤,21200,12597,463,12OCT2025,active,4.0,20
365,롯데 골뱅이 Max,34,롯데,10700,6646,378,15MAR2025,active,4.0,24
366,농심 새우깡 Pro,33,농심,19000,14710,1,28OCT2023,active,3.71,21
367,동서 현미녹차 100T Max,37,동서,5100,3287,363,01JAN2022,active,4.21,24
368,CJ 포스틱 Mini,33,CJ,3100,2022,71,10SEP2025,active,4.05,22
369,오리온 초코파이 Pro,33,오리온,2400,1638,426,28JUL2024,active,3.95,21
370,맥 맥 립스틱 Plus,65,맥,15300,11875,169,14JAN2022,discontinued,3.93,14
371,스톤헨지 슬립 드레스 Basic,9,스톤헨지,76800,46507,204,29JAN2022,active,4.06,16
372,Cuchen 밥솥 Basic,23,Cuchen,178200,125933,336,04DEC2023,active,4.0,21
373,문법의 원리 토익 스피킹 Max,57,문법의 원리,26500,18938,471,03FEB2025,active,4.0,16
374,문학동네 데미안 Premium,51,문학동네,11500,7931,194,17FEB2026,active,4.09,23
375,뉴발란스키즈 데님,12,뉴발란스키즈,24000,13688,274,01JUN2026,active,4.1,20
376,Uniqlo A라인 스커트,8,Uniqlo,33100,23358,6,18SEP2022,active,4.41,17
377,라네즈 워터 토너 Plus,61,라네즈,19400,10955,565,24SEP2024,soldout,3.76,21
378,H&M Cardigan Pro,7,H&M,63500,43631,572,09MAR2025,active,3.84,19
379,MIXXO 니트 원피스 Plus,9,MIXXO,107700,77555,598,11JUN2024,active,4.09,22
380,Downy 주방 세제 Plus,48,Downy,9000,5386,177,13JUN2024,discontinued,4.29,17
381,무인양품 샤워 타월 Premium,45,무인양품,10300,7658,241,21APR2025,active,3.82,11
382,교보문고 원씽,54,교보문고,15200,8466,202,24APR2026,discontinued,4.43,21
383,Estee Lauder 리페어 크림 Pro,62,Estee Lauder,41100,30581,542,23JAN2025,active,4.25,16
384,Winia 공기청정기 Mini,24,Winia,403400,264580,461,29MAR2022,soldout,4.18,22
385,Lenovo IdeaCentre Premium,20,Lenovo,1016900,610185,79,13JAN2025,active,4.16,19
386,입생로랑 뷰티 넘버 원 Plus,65,입생로랑,59100,34323,522,21MAR2022,active,3.86,22
387,IKEA 얼굴 수건 Plus,45,IKEA,6500,5000,416,13OCT2023,discontinued,4.16,19
388,풀무원 양파망 1.8kg Mini,29,풀무원,7000,3966,383,15APR2022,active,3.95,21
389,Sony BRAVIA Plus,25,Sony,1101500,656264,390,31OCT2024,active,4.22,18
390,CJ 상추 200g Plus,29,CJ,3400,2141,125,11JUL2024,active,4.31,16
391,광주요 도자기 밥공기 Plus,42,광주요,11100,7688,493,24APR2022,active,4.12,24
392,제주삼다수 500ml 20개입 Basic,38,제주삼다수,3300,2228,46,15AUG2025,active,3.88,17
393,해커스 영어 회화 100일 Premium,57,해커스,13300,7699,475,19APR2025,active,4.17,23
394,평창수 2L 6개입 Lite,38,평창수,1500,924,463,02JUN2023,active,3.5,18
395,동원 참치캔 Premium,34,동원,1900,1149,122,04MAR2022,active,4.09,22
396,Google Pixel Mini,15,Google,463400,277629,473,26JAN2026,active,3.85,20
397,Dell XPS Plus,19,Dell,1097000,707085,133,25JUN2023,active,3.63,19
398,ZARA Slim Polo Premium,3,ZARA,25100,17869,561,15APR2025,active,3.83,24
399,H&M Tech Tee Basic,3,H&M,24600,14760,22,08APR2026,active,3.74,19
400,교보문고 모든 순간이 너였다,52,교보문고,32200,20425,565,25JUL2023,discontinued,4.0,29
401,Tide 표백제 Mini,48,Tide,6800,4351,234,30JAN2023,active,3.89,27
402,녹차원 얼그레이 Max,37,녹차원,1500,1161,58,10FEB2023,active,4.64,11
403,이니스프리 수분 크림 Premium,62,이니스프리,18000,13852,163,18MAY2026,discontinued,3.62,21
404,MUJI Trefoil Hoodie Max,3,MUJI,24300,17836,215,24JAN2022,active,4.03,31
405,Midea 무선청소기 Plus,24,Midea,155000,93865,182,11DEC2024,active,4.19,21
406,헤라 레조나 토너 Basic,61,헤라,27500,15555,568,09APR2023,active,3.91,23
407,ZARA Culotte Basic,8,ZARA,64100,39927,89,02MAY2023,discontinued,4.06,16
408,롯데 빼빼로 Premium,33,롯데,1900,1161,310,17OCT2022,active,4.0,9
409,메디안 스킨 로션 Mini,44,메디안,14000,9329,556,28FEB2024,active,4.18,22
410,Nike 패딩 Mini,5,Nike,46000,33528,256,26FEB2022,active,3.9,21
411,Samsung 갤럭시북 Basic,19,Samsung,420800,314511,532,27MAR2026,active,4.26,23
412,아이시스 500ml 40개입 Mini,38,아이시스,5500,4093,532,15FEB2025,active,4.5,14
413,Samsung 세탁기 Basic,24,Samsung,498000,315097,51,14OCT2022,active,4.14,14
414,시원스쿨 TOEIC 실전 Premium,57,시원스쿨,11700,8284,337,24AUG2025,active,4.12,17
415,해태 홈런볼 Lite,33,해태,14000,8707,170,05OCT2023,active,4.18,22
416,LG생활건강 샴푸 700ml Basic,44,LG생활건강,28200,15905,66,10AUG2024,active,3.88,16
417,Roccat Kone Max,21,Roccat,903400,642642,299,10NOV2024,active,3.47,15
418,MUJI 수저 세트 Mini,42,MUJI,24500,13530,231,14APR2026,active,4.06,17
419,MUJI Wide Pants Basic,8,MUJI,15000,9661,67,24JAN2025,soldout,3.57,21
420,더타올 목욕 수건 Basic,45,더타올,23200,14517,505,31JAN2023,active,3.37,19
421,H&M 슬랙스 Premium,8,H&M,53800,38169,27,04SEP2025,active,3.88,24
422,LG gram Mini,19,LG,175900,127744,50,08NOV2024,discontinued,4.14,22
423,LG 건조기 Lite,24,LG,388800,241033,259,18DEC2022,active,4.16,25
424,에비앙 750ml Premium,38,에비앙,5900,4346,590,01MAR2024,active,4.11,19
425,Volvic 1.5L 12개입 Lite,38,Volvic,15700,9696,585,05NOV2024,active,3.58,19
426,동원 동원 참치,32,동원,8100,5286,183,16FEB2022,active,4.12,17
427,에스티로더 어드밴스드 토너 Premium,61,에스티로더,17600,12622,22,14FEB2026,active,3.95,22
428,문학동네 홈베이킹 기초 Mini,55,문학동네,32100,22770,128,05MAY2026,active,3.71,17
429,창비 82년생 김지영 Pro,51,창비,16600,12899,290,23OCT2024,active,4.0,22
430,송월타월 호텔 수건 6매 Mini,45,송월타월,11400,6860,500,08NOV2023,active,4.17,29
431,길벗 HSK 5급 Mini,57,길벗,14300,10043,185,03APR2025,active,3.94,18
432,Ottogi 햄 캔 Lite,34,Ottogi,1500,1035,478,08SEP2023,active,3.89,19
433,Apple iPad Lite,16,Apple,414200,314987,570,14OCT2025,active,4.12,25
434,MIXXO 데님 Mini,8,MIXXO,48900,28653,491,01FEB2022,active,4.0,15
435,YES24 와인 입문 Mini,55,YES24,13900,10048,512,02MAR2023,active,3.47,17
436,문학동네 언어의 온도 Mini,52,문학동네,19300,13137,66,14OCT2022,discontinued,4.14,22
437,무인양품 밀대 Lite,47,무인양품,7900,4844,466,18JUL2022,active,3.9,21
438,Lenovo ThinkPad Tab Mini,16,Lenovo,406500,267932,284,23JUN2026,active,4.19,16
439,이마트 오이 5개 Mini,29,이마트,6100,3823,416,27DEC2023,active,3.69,16
440,LG생활건강 샤프란 리필,48,LG생활건강,14900,10180,99,28DEC2024,active,3.68,19
441,Nike AIRism Shirt Plus,3,Nike,15000,11317,188,03JAN2022,active,4.26,27
442,Uniqlo A라인 스커트 Pro,8,Uniqlo,27900,18998,387,27MAR2024,active,3.82,17
443,MUJI Basic Tee Max,7,MUJI,99300,69042,240,26MAR2022,active,4.07,29
444,Dyson 냉장고 Pro,24,Dyson,329200,220337,416,15AUG2024,active,4.17,23
445,맥심 모카 골드 Plus,36,맥심,4900,2752,175,11DEC2025,soldout,4.24,25
446,Winia 공기청정기 Max,24,Winia,419900,253433,386,25MAY2026,active,4.0,19
447,MUJI Jogger Premium,4,MUJI,93000,61673,470,17FEB2024,active,3.92,13
448,IKEA 샐러드볼 Mini,42,IKEA,28900,17957,232,06MAR2026,active,4.14,14
449,애경 스파크 세탁 세제 Plus,48,애경,21600,12783,451,13MAY2025,active,4.14,22
450,Cuchen 전기밥솥,41,Cuchen,7400,4928,276,09JUL2024,active,3.94,17
451,풀무원 양념갈비 Premium,30,풀무원,6300,3932,228,11MAR2026,discontinued,4.63,19
452,카누 미니 Mini,36,카누,7300,4448,170,03MAR2024,active,3.9,20
453,Apple MacBook Lite,19,Apple,290900,191038,212,19JAN2025,active,4.08,13
454,한빛미디어 데일 카네기 인간관계론 Basic,54,한빛미디어,11500,6677,281,26OCT2025,active,4.19,27
455,YES24 아몬드 Plus,51,YES24,32200,24580,40,05OCT2022,soldout,4.0,16
456,교보문고 한강 소년이 온다 Lite,51,교보문고,14400,10793,121,05FEB2023,active,4.05,21
457,한빛미디어 JLPT N2 Plus,57,한빛미디어,31100,22166,226,09FEB2023,active,3.8,15
458,Lenovo ThinkPad,19,Lenovo,804700,462243,293,02APR2022,active,3.87,15
459,Adidas 바람막이 Plus,5,Adidas,46300,33727,599,28SEP2022,active,3.82,22
460,Adidas Basic Tee Lite,3,Adidas,47600,35025,266,22FEB2022,active,4.28,18
461,민음사 무진기행,51,민음사,9300,6757,540,11JAN2022,active,3.84,19
462,설화수 자정 안티에이징 Max,62,설화수,33600,19360,450,31AUG2023,active,4.05,21
463,Microsoft Surface Pro,16,Microsoft,1035300,722741,448,30DEC2025,active,4.0,19
464,아모레퍼시픽 바디워시 Mini,44,아모레퍼시픽,20100,14912,60,07NOV2023,soldout,4.19,21
465,HP Omen Plus,20,HP,485300,331358,501,25FEB2022,active,4.37,19
466,ASUS ZenBook Mini,19,ASUS,1235700,863351,146,25OCT2023,active,3.71,28
467,3M 테이프 클리너 Basic,47,3M,11900,7799,333,19JAN2022,active,4.08,26
468,Levi's 501 Jeans Lite,4,Levi's,25000,16790,141,16OCT2024,active,3.96,27
469,길벗 지적 대화를 위한 넓고 얕은 지식 Mini,54,길벗,17300,9651,43,12AUG2022,active,4.18,22
470,CJ 스팸 Lite,34,CJ,8400,5854,143,01APR2022,active,3.67,15
471,TCL C815 Mini,25,TCL,157800,89746,332,07JUL2022,active,4.08,25
472,제주삼다수 500ml 20개입 Pro,38,제주삼다수,5900,3835,496,22SEP2025,active,4.15,26
473,아디다스키즈 레깅스 Pro,12,아디다스키즈,59000,36421,395,14NOV2022,active,4.13,23
474,Dove 치약 3개입,44,Dove,11300,7632,54,12MAR2025,active,3.71,24
475,평창수 2L 6개입 Pro,38,평창수,10600,6155,306,20APR2024,active,3.94,17
476,Huawei MatePad,16,Huawei,649900,460829,422,08OCT2022,active,3.84,25
477,아이시스 500ml 40개입 Pro,38,아이시스,22000,16122,416,24NOV2023,active,3.94,17
478,창비 나는 나로 살기로 했다 Pro,52,창비,12000,7050,324,05MAY2022,active,3.93,30
479,메이크업포에버 HD 파운데이션 Pro,64,메이크업포에버,48900,28068,79,19APR2023,active,3.35,17
480,컬럼비아키즈 체크 셔츠 Lite,11,컬럼비아키즈,19700,11494,30,26FEB2026,active,3.92,13
481,MIXXO Turtleneck Plus,7,MIXXO,15000,11276,111,15JUN2026,discontinued,4.0,18
482,Fitbit Charge,17,Fitbit,130400,87561,557,23AUG2025,active,3.88,26
483,Nivea 핸드워시 Mini,44,Nivea,18400,12097,563,21MAY2024,active,4.0,17
484,교보문고 백종원의 육아 레시피 Pro,55,교보문고,17500,10054,471,16MAY2026,active,4.0,27
485,Tetley 캐모마일 Lite,37,Tetley,3500,2447,73,25MAR2024,active,3.71,24
486,풀무원 풀무원 두부 Lite,32,풀무원,1500,1124,552,24MAY2023,active,4.39,23
487,길벗 집에서 만드는 파스타 Lite,55,길벗,12300,9107,478,30APR2025,active,4.23,22
488,Samsung 갤럭시탭,16,Samsung,443500,307785,588,23NOV2023,active,4.0,18
489,문법의 원리 토익 스피킹 Plus,57,문법의 원리,22400,12707,386,13MAR2022,active,4.04,25
490,Samsung 갤럭시,15,Samsung,438000,252222,563,04OCT2025,active,3.31,13
491,Starbucks 비아 콜롬비아 Mini,36,Starbucks,5800,3255,432,01NOV2024,active,3.74,19
492,위즈덤하우스 아주 작은 습관의 힘 Plus,54,위즈덤하우스,14000,8529,411,31JAN2024,active,3.73,22
493,YES24 역행자 Max,54,YES24,32800,19063,466,25JUN2023,active,4.13,23
494,위즈덤하우스 캠핑 요리 Premium,55,위즈덤하우스,10800,6585,598,21MAR2023,active,3.79,24
495,CJ 샤인머스캣 2kg Lite,28,CJ,3000,1915,247,30OCT2022,active,3.81,16
496,이니스프리 그린티 토너,61,이니스프리,22100,16948,580,06JAN2023,active,4.1,20
497,피죤 섬유유연제 Max,48,피죤,18500,12772,119,05APR2024,active,3.6,15
498,Nescafe 골드 블렌드 Basic,36,Nescafe,2300,1706,66,15DEC2025,active,4.0,15
499,샘표 옥수수,34,샘표,5400,3852,572,27JUL2024,active,4.5,22
500,Downy 주방 세제 Pro,48,Downy,14700,8465,326,08JAN2022,active,3.87,15
501,해커스 영어 회화 100일 Premium,57,해커스,12300,8846,469,23JUL2025,active,4.12,16
502,HP Pavilion Pro,19,HP,539200,330676,492,15MAR2022,discontinued,3.9,20
503,Dell XPS Tower Plus,20,Dell,241600,168393,285,03MAY2022,active,4.25,24
504,롯데 골뱅이 Premium,34,롯데,2200,1382,311,10JAN2025,soldout,4.16,19
505,Twinings 잉글리시 브렉퍼스트,37,Twinings,5200,4053,308,07JAN2024,active,3.76,25
506,교보문고 원씽 Mini,54,교보문고,8400,5129,96,02FEB2023,discontinued,3.8,15
507,나스 리퀴드 라이트닝 Max,64,나스,10000,6142,112,19NOV2025,active,3.7,23
508,코사홀리 이불 세트 Mini,45,코사홀리,18300,13982,455,08JUL2023,active,4.2,20
509,Hisense ULED,25,Hisense,830100,461260,462,02NOV2023,active,4.11,27
510,이마트 소불고기 Plus,30,이마트,3500,2485,131,28MAR2024,active,3.87,31
511,오설록 제주 녹차 Pro,37,오설록,3000,2150,120,05DEC2023,active,4.1,21
512,농심 새우깡 Premium,33,농심,9900,7349,196,05JUN2023,active,4.3,20
513,ASUS ROG Mini,20,ASUS,222400,172164,481,10MAR2022,active,4.08,26
514,GS Fresh 당근 1kg,29,GS Fresh,1800,1393,38,27SEP2023,active,4.2,15
515,문학동네 홈베이킹 기초 Mini,55,문학동네,21600,12204,565,13JUL2024,active,4.06,18
516,Dell XPS,19,Dell,444800,328717,511,14AUG2023,active,4.0,11
517,헤라 블랙 쿠션 Pro,64,헤라,56300,39334,473,26SEP2024,active,4.0,18
518,농협 감자 3kg Premium,29,농협,1500,1048,160,27AUG2025,active,3.85,13
519,Samsung 갤럭시북 Max,19,Samsung,190900,110630,288,01MAR2023,active,4.11,28
520,Apple iPhone Pro,15,Apple,446200,312136,199,05JAN2026,active,4.4,25
521,카터스 맨투맨 Mini,11,카터스,46600,36160,527,25MAR2022,discontinued,4.0,19
522,Corelle 접시 세트 Max,42,Corelle,22200,16865,502,02DEC2025,active,3.89,18
523,Corsair K95,21,Corsair,491300,319836,247,31OCT2024,active,4.11,19
524,Scotch-Brite 수세미 Max,47,Scotch-Brite,14700,8220,382,02JAN2024,active,3.91,23
525,풀무원 양파망 1.8kg,29,풀무원,3700,2343,217,03JAN2023,active,4.35,20
526,Midea 무선청소기 Pro,24,Midea,1149100,850414,86,20MAY2025,active,3.61,18
527,ZARA Culotte Mini,8,ZARA,18700,13302,81,17SEP2023,active,4.05,19
528,한빛미디어 데일 카네기 인간관계론 Plus,54,한빛미디어,18800,12326,61,22AUG2022,active,3.72,25
529,LG gram Mini,19,LG,244500,137573,499,27AUG2022,active,3.91,23
530,동서 현미녹차 100T,37,동서,7100,4602,41,18MAR2024,active,4.17,24
531,Pulmuone 햇반 Lite,32,Pulmuone,2300,1513,11,11JAN2025,active,4.29,21
532,YES24 와인 입문 Premium,55,YES24,21900,16722,114,11DEC2022,active,3.79,19
533,동원 참치캔 Basic,34,동원,5300,3696,217,28JUN2024,active,3.7,27
534,Samsung 세탁기 Plus,24,Samsung,1260200,783441,105,16FEB2023,active,3.74,19
535,설화수 자정 토너 Max,61,설화수,25100,16837,527,02FEB2024,active,4.1,20
536,샤넬 루쥬 코코 Plus,65,샤넬,38300,21646,471,22JUL2022,active,4.74,19
537,라네즈 워터 토너 Premium,61,라네즈,18600,14390,386,06FEB2026,discontinued,3.82,22
538,HyperX Cloud II Max,21,HyperX,372200,235533,225,11SEP2024,active,3.53,15
539,LG생활건강 고무장갑 Premium,47,LG생활건강,14200,9370,480,10NOV2024,discontinued,3.94,18
540,MUJI Wide Pants Max,8,MUJI,15000,9475,407,09OCT2022,active,4.23,22
541,길벗 지적 대화를 위한 넓고 얕은 지식 Plus,54,길벗,9200,6504,456,16MAY2026,active,3.54,13
542,Ottogi 햄 캔 Max,34,Ottogi,7400,5197,20,23DEC2024,soldout,4.11,19
543,메디안 스킨 로션 Max,44,메디안,12200,8717,202,22FEB2023,active,4.0,17
544,Xiaomi Mi Band Lite,17,Xiaomi,309900,189557,416,31OCT2022,active,4.21,19
545,이마트 딸기 500g Mini,28,이마트,2900,1805,415,03DEC2023,active,4.0,21
546,Apple MacBook Mini,19,Apple,290900,168375,447,09MAY2026,discontinued,3.83,24
547,LG Velvet Basic,15,LG,473300,331673,511,22MAR2025,active,4.25,24
548,Apple iPad Basic,16,Apple,577800,323078,84,04SEP2024,active,4.53,15
549,Samsung QLED TV,25,Samsung,126000,86620,166,17OCT2025,active,4.22,18
550,해커스 정보처리기사,58,해커스,28700,21525,383,24MAR2025,soldout,4.11,18
551,뉴발란스키즈 반팔티,11,뉴발란스키즈,81200,61297,467,09MAY2024,active,3.76,21
552,MSI MEG Lite,20,MSI,109200,71338,71,27JUN2024,active,3.57,21
553,라네즈 수분 로션 Basic,62,라네즈,57000,37371,520,28OCT2023,active,4.31,16
554,디올 어딕트 Premium,65,디올,56000,31791,472,27SEP2022,active,4.05,22
555,Xiaomi Redmi,15,Xiaomi,442500,311642,257,30SEP2023,active,4.09,32
556,Neoflam 실리콘 뒤집개,41,Neoflam,6100,4507,274,15JUN2022,active,4.09,23
557,Uniqlo EZY Ankle Plus,4,Uniqlo,66700,40438,19,27JUN2025,active,3.84,19
558,H&M 슬랙스 Pro,8,H&M,31400,20312,489,13NOV2025,active,4.0,18
559,LG생활건강 샴푸 700ml Premium,44,LG생활건강,18500,13744,489,17JUL2024,active,3.85,20
560,시원스쿨 TOEIC 실전,57,시원스쿨,39600,29768,325,23JAN2023,active,4.1,20
561,에듀윌 컴활 1급,58,에듀윌,18000,10906,528,24JAN2026,active,3.9,29
562,CJ 상추 200g,29,CJ,2500,1691,88,18DEC2025,active,4.18,28
563,나이키키즈 반바지 Pro,12,나이키키즈,29600,17590,485,15MAR2022,active,4.16,25
564,Uniqlo Slim Polo Pro,3,Uniqlo,22600,12959,349,21AUG2023,discontinued,4.46,13
565,CJ 포스틱 Lite,33,CJ,6600,5013,83,17APR2026,active,4.25,20
566,LG OLED TV Premium,25,LG,272700,201448,386,20JAN2026,active,4.28,29
567,아디다스키즈 후드 티 Lite,11,아디다스키즈,27300,19787,86,09JUL2023,active,4.14,28
568,녹차원 얼그레이 Max,37,녹차원,1900,1066,306,08MAY2022,active,3.94,18
569,Uniqlo Blouse Pro,7,Uniqlo,33500,24925,153,30DEC2022,discontinued,3.5,16
570,교보문고 백종원의 육아 레시피 Plus,55,교보문고,17500,11388,439,11JUL2023,discontinued,3.89,19
571,DEW E DEW 셔츠 원피스 Basic,9,DEW E DEW,15000,9431,263,16SEP2025,active,3.94,17
572,락앤락 먼지털이 Plus,47,락앤락,15600,10540,420,02SEP2022,active,4.0,17
573,이마트 오이 5개 Basic,29,이마트,4700,2683,492,05FEB2022,active,4.0,17
574,헤라 레조나 토너 Pro,61,헤라,18700,13539,410,05JUN2024,active,3.83,23
575,Tefal 프라이팬 28cm Pro,41,Tefal,45100,30846,172,22OCT2022,active,3.7,23
576,Lenovo ThinkPad Tab Pro,16,Lenovo,786200,466150,3,15JUL2025,active,3.81,21
577,에비앙 750ml Lite,38,에비앙,2200,1305,471,04AUG2025,active,4.17,18
578,GS Fresh 당근 1kg Premium,29,GS Fresh,8800,5212,109,22JAN2024,active,4.08,24
579,에스티로더 어드밴스드 토너 Basic,61,에스티로더,62700,35307,36,06MAR2023,active,4.48,21
580,Columbia 트렌치코트 Premium,5,Columbia,39300,26928,582,31OCT2025,active,3.62,13
581,Lenovo IdeaCentre Lite,20,Lenovo,549500,408432,30,14SEP2022,active,3.86,22
582,한샘 유리컵 6개 Lite,42,한샘,16300,9030,380,20MAR2022,active,3.56,16
583,한우자조금 한우 등심 1++ Mini,30,한우자조금,1500,841,267,25NOV2023,active,3.22,18
584,광주요 도자기 밥공기 Plus,42,광주요,11900,8112,10,15FEB2024,active,4.11,19
585,컬럼비아키즈 트레이닝 팬츠 Plus,12,컬럼비아키즈,31400,23188,343,30APR2022,active,4.3,20
586,입생로랑 뚜쉬 에끌라 Max,64,입생로랑,70100,43823,543,09OCT2022,active,4.12,24
587,이니스프리 그린티 토너,61,이니스프리,36300,22883,568,10JAN2025,active,4.16,25
588,ZARA Tech Tee Lite,3,ZARA,30300,20820,165,18JUL2024,discontinued,4.0,26
589,MLB 플리스 Basic,5,MLB,34400,21089,341,10JAN2024,active,4.38,21
590,HP Omen Mini,20,HP,817500,454628,481,10JUN2025,active,4.33,18
591,MUJI 수저 세트 Mini,42,MUJI,11900,8557,18,01NOV2024,active,3.85,20
592,Tetley 캐모마일,37,Tetley,3000,2081,183,22DEC2025,discontinued,4.18,22
593,문학동네 데미안 Premium,51,문학동네,14600,9980,544,14MAY2023,active,4.0,20
594,아이패스 한국사능력검정,58,아이패스,23700,17077,9,15MAR2025,active,3.84,19
595,ZARA 플라워 원피스,9,ZARA,48900,34489,591,06JAN2025,active,4.26,27
596,Tide 표백제,48,Tide,13700,8183,191,26APR2023,active,4.12,26
597,CJ 비비고 만두 Plus,32,CJ,5600,3533,319,20MAY2025,active,4.31,16
598,LG 건조기 Lite,24,LG,316200,183081,579,12AUG2023,active,4.0,26
599,Ottogi 오뚜기 카레 Max,32,Ottogi,4200,2435,474,27AUG2022,active,3.75,20
600,Samsung 갤럭시워치 Lite,17,Samsung,297100,209611,426,09SEP2022,active,4.14,21
601,길벗 HSK 5급 Premium,57,길벗,14500,10838,58,26MAR2026,active,4.07,14
602,길벗 집에서 만드는 파스타 Pro,55,길벗,27900,21522,435,17OCT2024,active,3.94,16
603,위즈덤하우스 아주 작은 습관의 힘,54,위즈덤하우스,10600,7361,96,07JUN2025,active,4.04,24
604,농협 감자 3kg Lite,29,농협,3000,1777,495,11JAN2026,active,4.21,24
605,농협하나로 삼겹살 1kg Premium,30,농협하나로,2000,1148,277,01NOV2025,active,4.0,16
606,GS Fresh 수박 1통 Pro,28,GS Fresh,1700,1252,264,11FEB2023,active,4.38,21
607,에스티로더 더블 웨어 Pro,64,에스티로더,26500,18102,8,15APR2022,active,4.14,21
608,SteelSeries Arctis,21,SteelSeries,305400,211399,456,24FEB2024,active,4.44,16
609,Cuckoo 전기포트 Max,23,Cuckoo,1273100,929027,272,10APR2026,active,4.09,23
610,무인양품 밀대 Basic,47,무인양품,11200,7971,7,03JUL2022,active,4.07,27
611,H&M Trefoil Hoodie Plus,3,H&M,78700,58389,207,06FEB2026,active,4.0,21
612,The North Face 후디 자켓 Lite,5,The North Face,64900,36534,122,11DEC2025,active,3.81,16
613,Dyson 냉장고 Pro,24,Dyson,390200,281696,32,27SEP2023,active,3.95,20
614,CJ 스팸 Lite,34,CJ,21500,16032,512,26JUL2023,active,3.6,25
615,Apple Apple Watch Basic,17,Apple,519700,320037,203,27MAR2025,active,4.31,26
616,Lenovo ThinkPad Plus,19,Lenovo,1096600,764662,517,17JAN2023,active,4.18,17
617,Microsoft Surface Basic,16,Microsoft,1022700,636382,516,10OCT2025,discontinued,3.89,18
618,LG생활건강 샤프란 리필 Plus,48,LG생활건강,17100,13172,442,22JAN2023,discontinued,4.09,23
619,Winia 공기청정기 Mini,24,Winia,694300,387202,591,12MAR2025,active,4.2,15
620,카터스 조거팬츠 Plus,12,카터스,52800,36081,338,08APR2026,soldout,3.42,26
621,시대에듀 ADsP,58,시대에듀,10300,6059,437,14NOV2022,active,3.29,17
622,ASUS ZenBook Max,19,ASUS,457800,326782,444,03APR2023,active,4.07,27
623,Illy 에스프레소 원두 Basic,36,Illy,10400,6140,135,18MAR2026,discontinued,3.93,15
624,IKEA 샐러드볼 Pro,42,IKEA,33300,20117,386,07AUG2023,active,4.31,16
625,뉴발란스키즈 데님,12,뉴발란스키즈,23500,15597,24,29JAN2023,active,4.14,22
626,Corelle 접시 세트 Mini,42,Corelle,18300,13915,505,27FEB2022,active,4.1,20
627,위즈덤하우스 캠핑 요리 Max,55,위즈덤하우스,17300,10357,324,30APR2022,active,3.92,24
628,Volvic 1.5L 12개입 Lite,38,Volvic,4500,2624,337,30AUG2022,active,4.0,22
629,아디다스키즈 레깅스,12,아디다스키즈,44900,32532,94,28AUG2023,active,3.88,16
630,한샘 유리컵 6개 Basic,42,한샘,15200,10110,544,26JUL2025,discontinued,4.15,20
631,광주요 도자기 밥공기 Premium,42,광주요,18400,13978,145,21NOV2024,active,3.96,26
632,한빛미디어 JLPT N2 Premium,57,한빛미디어,29000,16927,230,22APR2026,active,4.04,24
633,메이크업포에버 HD 파운데이션 Pro,64,메이크업포에버,47500,33181,494,12MAR2022,discontinued,4.24,21
634,문학동네 홈베이킹 기초 Plus,55,문학동네,18400,11105,37,28APR2023,active,4.28,25
635,Fissler 압력솥 Pro,41,Fissler,40800,23911,424,05DEC2023,active,4.07,15
636,Sony BRAVIA Premium,25,Sony,861000,608889,436,22FEB2024,active,3.81,21
637,Google Pixel Lite,15,Google,418500,287320,367,06JUN2024,active,4.29,17
638,창비 82년생 김지영 Mini,51,창비,10000,7236,344,19OCT2023,active,3.28,18
639,CJ 제일제당 닭가슴살 2kg Mini,30,CJ 제일제당,2400,1490,159,16FEB2025,active,3.97,29
640,Dell XPS Tower Basic,20,Dell,774400,505709,549,09MAR2025,active,4.0,19
641,MUJI 수저 세트 Mini,42,MUJI,9100,5853,540,25FEB2022,active,4.0,25
642,아모레퍼시픽 바디워시 Basic,44,아모레퍼시픽,7200,5589,143,25SEP2024,active,4.29,14
643,ASUS ROG,20,ASUS,280700,173252,587,01JUN2024,active,4.44,16
644,YES24 역행자 Basic,54,YES24,12300,7599,575,19DEC2024,active,3.89,28
645,H&M 롱 원피스,9,H&M,60400,38145,344,19NOV2022,active,3.72,18
646,농협 사과 5kg Basic,28,농협,4400,2991,268,09DEC2022,active,4.0,27
647,MIXXO 데님 Premium,8,MIXXO,15900,9667,267,14SEP2022,soldout,4.53,15
648,Twinings 잉글리시 브렉퍼스트 Premium,37,Twinings,5000,3802,168,07APR2026,active,3.95,20
649,ZARA Slim Chino Plus,4,ZARA,41400,25299,32,26JUL2024,active,3.94,18
650,Huawei MatePad,16,Huawei,331800,250853,376,10OCT2022,active,4.14,14
651,무인양품 샤워 타월 Max,45,무인양품,26700,15320,213,11MAR2026,discontinued,3.93,28
652,Uniqlo A라인 스커트,8,Uniqlo,28200,19768,561,18JAN2023,active,3.93,15
653,YES24 아몬드 Basic,51,YES24,25400,19268,439,01AUG2022,active,3.84,19
654,MUJI AIRism Shirt Basic,3,MUJI,51900,30559,491,12MAY2024,active,3.76,25
655,풀무원 바나나 1송이 Max,28,풀무원,9400,7263,392,23OCT2025,active,4.04,25
656,애경 스파크 세탁 세제 Pro,48,애경,6900,4513,488,11OCT2023,active,3.67,21
657,Garmin Venu Basic,17,Garmin,469200,360117,28,22MAR2022,active,3.8,25
658,동원 동원 참치 Plus,32,동원,4700,3316,38,24JAN2023,active,3.6,20
659,제주삼다수 500ml 20개입 Mini,38,제주삼다수,1800,1114,172,09DEC2025,active,3.85,26
660,오설록 제주 녹차 Mini,37,오설록,10600,6289,16,07MAR2022,active,3.72,18
661,오리온 초코파이 Lite,33,오리온,2700,1673,55,05JAN2026,active,4.32,22
662,락앤락 냄비 세트 Lite,41,락앤락,9200,5256,225,14AUG2023,active,4.21,19
663,MSI MEG Mini,20,MSI,240800,140407,557,14FEB2024,active,4.3,27
664,교보문고 한강 소년이 온다 Mini,51,교보문고,21600,12399,66,02OCT2025,active,3.9,20
665,위즈덤하우스 죽고 싶지만 떡볶이는 먹고 싶어 Premium,52,위즈덤하우스,8800,5696,196,16FEB2022,active,4.14,22
666,나스 리퀴드 라이트닝 Plus,64,나스,43000,31518,22,21MAR2022,active,3.75,16
667,교보문고 원씽 Max,54,교보문고,24700,14388,236,24JUL2022,active,4.07,14
668,Nike Basic Tee Lite,3,Nike,50100,29056,565,13JAN2022,active,4.05,21
669,풀무원 풀무원 두부 Premium,32,풀무원,8000,5583,137,05MAR2024,active,3.76,25
670,스톤헨지 슬립 드레스 Premium,9,스톤헨지,57200,34054,472,09MAY2025,active,4.06,16
671,IKEA 샐러드볼 Max,42,IKEA,7500,4293,552,16AUG2025,soldout,4.05,19
672,TCL C815 Premium,25,TCL,1046300,615616,228,02FEB2023,active,4.22,18
673,ZARA Culotte,8,ZARA,27500,20967,316,01AUG2023,active,4.2,25
674,3M 테이프 클리너 Plus,47,3M,12800,9458,597,21MAY2024,active,3.67,24
675,MUJI Wide Pants Mini,8,MUJI,29700,18753,560,20MAY2026,active,4.06,17
676,한국산업인력공단 SQLD Basic,58,한국산업인력공단,19800,13876,200,27APR2026,active,4.09,23
677,Nike 패딩 Max,5,Nike,26200,17647,257,12MAR2023,active,4.46,24
678,샘표 옥수수 Mini,34,샘표,5100,3599,479,31MAY2022,soldout,4.11,18
679,문법의 원리 토익 스피킹 Mini,57,문법의 원리,9900,6999,177,08FEB2023,discontinued,3.75,20
680,해커스 영어 회화 100일 Pro,57,해커스,26000,18059,122,10DEC2023,active,4.53,17
681,Samsung 갤럭시탭,16,Samsung,661600,404372,341,05APR2023,active,3.81,26
682,Apple iPad Max,16,Apple,371200,207490,170,20FEB2025,active,3.87,15
683,풀무원 양파망 1.8kg Premium,29,풀무원,3500,2291,58,20JUL2022,active,3.96,24
684,Hisense ULED Basic,25,Hisense,651300,491681,464,11AUG2025,discontinued,3.7,20
685,Pulmuone 햇반 Max,32,Pulmuone,2900,1974,259,26JAN2025,active,3.82,28
686,Logitech MX Master Premium,21,Logitech,476900,353597,372,27OCT2024,active,4.07,14
687,Samsung 갤럭시 Mini,15,Samsung,888000,690929,94,13DEC2025,active,3.96,23
688,Adidas Slim Polo Basic,3,Adidas,22300,13104,124,03JUL2023,active,4.36,11
689,Lenovo IdeaCentre Premium,20,Lenovo,551900,391357,40,19SEP2023,discontinued,3.88,25
690,ZARA Knit Plus,7,ZARA,43800,30882,253,19MAY2026,active,4.17,18
691,Uniqlo Tech Tee Premium,3,Uniqlo,34200,26518,6,18JUL2023,active,3.92,25
692,SKII 피테라 에센스 Pro,62,SKII,21900,17009,470,22FEB2023,active,3.81,26
693,피죤 섬유유연제,48,피죤,27600,19539,510,26APR2025,active,3.71,14
694,YES24 아버지의 해방일지 Mini,52,YES24,12800,7757,580,29MAY2026,active,3.61,18
695,Corelle 접시 세트 Premium,42,Corelle,4500,3301,68,08DEC2023,active,4.09,11
696,Scotch-Brite 수세미,47,Scotch-Brite,19600,11262,80,15JUL2022,active,4.0,19
697,나이키키즈 반바지 Lite,12,나이키키즈,17600,12840,541,15FEB2026,discontinued,4.0,17
698,설화수 자정 토너 Lite,61,설화수,45000,34170,584,08DEC2024,active,3.93,15
699,평창수 2L 6개입,38,평창수,12500,7975,261,21FEB2023,active,4.0,18
700,교보문고 모든 순간이 너였다,52,교보문고,20900,14526,88,25MAR2024,active,3.89,27
701,Adidas 바람막이 Pro,5,Adidas,69000,44776,207,27SEP2024,active,4.09,22
702,HP Pavilion Plus,19,HP,1486600,967309,212,18DEC2023,active,4.38,32
703,ZARA Trefoil Hoodie Mini,3,ZARA,64800,40265,265,02APR2024,active,4.33,18
704,H&M 슬랙스 Max,8,H&M,44200,32057,292,05OCT2025,active,3.56,9
705,IKEA 얼굴 수건 Pro,45,IKEA,35600,27245,206,11DEC2024,active,4.0,20
706,더타올 목욕 수건 Plus,45,더타올,38200,29275,332,17MAY2024,active,4.14,21
707,Samsung QLED TV,25,Samsung,1278500,754570,76,09FEB2023,active,4.1,20
708,롯데 골뱅이 Max,34,롯데,3400,2554,287,24JUN2025,active,3.77,26
709,Philips 에어프라이어,23,Philips,196300,141259,46,15OCT2024,active,3.72,18
710,시원스쿨 TOEIC 실전,57,시원스쿨,13000,7905,199,13JAN2022,soldout,3.53,17
711,CJ 비비고 만두 Lite,32,CJ,8000,4523,426,17AUG2025,discontinued,4.21,24
712,Razer DeathAdder Lite,21,Razer,486700,297684,209,30JUL2023,active,3.88,24
713,H&M Cargo Pants Max,4,H&M,32000,24313,419,17FEB2026,active,4.27,22
714,Fitbit Charge Pro,17,Fitbit,619200,430734,153,13SEP2025,active,3.95,22
715,라네즈 워터 토너 Lite,61,라네즈,12300,8804,521,26APR2026,active,4.0,19
716,해커스 정보처리기사 Mini,58,해커스,17200,10477,414,14MAR2024,active,4.16,19
717,문학동네 언어의 온도,52,문학동네,25500,18244,352,05MAR2025,active,3.95,20
718,에듀윌 컴활 1급 Basic,58,에듀윌,20300,11296,156,01JUN2023,active,4.1,30
719,창비 나는 나로 살기로 했다 Premium,52,창비,21500,13680,260,10MAR2022,active,4.42,12
720,CJ 샤인머스캣 2kg Max,28,CJ,15000,10412,76,10NOV2023,active,4.2,15
721,송월타월 호텔 수건 6매 Max,45,송월타월,12800,7470,487,12OCT2023,active,4.21,24
722,Nespresso 커피머신 Lite,23,Nespresso,298900,220974,130,07NOV2023,discontinued,4.0,17
723,Cuchen 전기밥솥 Pro,41,Cuchen,27200,16430,578,21MAR2023,active,4.07,15
724,위즈덤하우스 죽고 싶지만 떡볶이는 먹고 싶어,52,위즈덤하우스,26000,18200,454,15FEB2022,active,4.07,15
725,아이패스 한국사능력검정 Mini,58,아이패스,20400,13121,162,22MAR2025,active,4.07,15
726,민음사 무진기행 Pro,51,민음사,15300,10512,14,10OCT2025,active,4.04,23
727,맥심 모카 골드 Plus,36,맥심,4900,2816,231,23JUL2024,active,4.04,25
728,Delonghi 토스터 Plus,23,Delonghi,205600,113879,194,22JUN2023,active,4.13,23
729,코사홀리 이불 세트 Basic,45,코사홀리,26000,19739,541,21AUG2025,active,4.22,18
730,나스 오르가즘 블러셔 Lite,65,나스,56700,34701,358,15DEC2022,active,3.67,18
731,LG OLED TV Lite,25,LG,201300,148665,330,01SEP2022,active,4.59,17
732,MIXXO 데님 Lite,8,MIXXO,61100,47648,426,11DEC2023,soldout,4.0,22
733,Dove 치약 3개입 Basic,44,Dove,17000,10176,496,03JUL2026,active,3.94,18
734,H&M Cardigan Plus,7,H&M,19600,11975,485,07JAN2022,discontinued,3.65,17
735,Lenovo ThinkPad Tab Pro,16,Lenovo,214500,150677,448,20NOV2025,discontinued,4.12,26
736,Sony BRAVIA Basic,25,Sony,553500,427331,412,28APR2023,active,4.55,22
737,Microsoft Surface Basic,16,Microsoft,348400,265006,329,16JUN2023,active,3.71,21
738,TCL C815 Pro,25,TCL,1318400,877607,146,12JUL2025,active,3.68,19
739,풀무원 양념갈비 Lite,30,풀무원,9500,6962,258,05NOV2022,discontinued,3.36,11
740,카누 미니 Mini,36,카누,6800,3952,291,03JUL2023,active,4.12,16
741,Uniqlo A라인 스커트 Pro,8,Uniqlo,49700,38508,142,17SEP2023,active,3.82,22
742,YES24 아버지의 해방일지 Plus,52,YES24,27700,21378,364,03MAR2022,active,3.92,12
743,MIXXO 니트 원피스 Max,9,MIXXO,60300,35435,89,30JUN2026,active,4.0,26
744,MUJI Jogger,4,MUJI,49000,30324,163,28NOV2024,active,3.96,24
745,HP Omen Max,20,HP,245600,140737,480,24JAN2022,active,3.85,13
746,Xiaomi Mi Band Premium,17,Xiaomi,2777700,1701327,83,13MAR2022,active,4.42,19
747,동원 참치캔 Premium,34,동원,2200,1622,76,15MAY2023,active,3.75,20
748,Midea 무선청소기 Basic,24,Midea,366700,233592,516,07NOV2022,active,3.59,27
749,LG생활건강 고무장갑,47,LG생활건강,4900,2794,484,16SEP2022,active,3.83,18
750,Samsung 갤럭시워치 Max,17,Samsung,611200,384268,589,23SEP2023,active,4.55,20
751,Samsung 세탁기 Mini,24,Samsung,484300,375680,598,23DEC2025,active,4.26,27
752,컬럼비아키즈 트레이닝 팬츠 Lite,12,컬럼비아키즈,57400,39883,103,26OCT2023,active,4.22,18
753,MUJI Basic Tee Plus,7,MUJI,15000,9685,451,05SEP2024,soldout,3.71,14
754,Estee Lauder 리페어 크림 Premium,62,Estee Lauder,57900,34062,486,18JUN2023,active,4.06,16
755,MIXXO Turtleneck Mini,7,MIXXO,22300,17323,338,29MAR2023,active,4.07,14
756,동서 현미녹차 100T Plus,37,동서,4400,3250,565,28SEP2024,active,3.87,23
757,Columbia 트렌치코트 Plus,5,Columbia,63500,39035,477,03FEB2022,active,4.19,16
758,Downy 주방 세제 Lite,48,Downy,15600,8831,222,08MAR2023,active,4.19,16
759,MLB 플리스,5,MLB,44300,24941,8,01MAY2024,active,3.88,16
760,Neoflam 실리콘 뒤집개 Basic,41,Neoflam,21500,12420,52,27OCT2025,active,3.95,21
761,Nivea 핸드워시 Max,44,Nivea,17200,11757,76,30MAY2026,active,4.05,19
762,Tide 표백제 Lite,48,Tide,10800,8247,502,28AUG2023,active,4.35,17
763,CJ 상추 200g Mini,29,CJ,4300,2856,315,07FEB2025,active,4.27,26
764,Ottogi 오뚜기 카레 Basic,32,Ottogi,5700,4240,164,04AUG2022,active,4.17,18
765,ZARA Culotte Mini,8,ZARA,21200,13834,278,30SEP2025,active,4.12,16
766,이마트 딸기 500g Basic,28,이마트,9800,6987,26,30APR2022,active,4.15,20
767,한샘 유리컵 6개,42,한샘,15800,11349,69,24MAR2023,discontinued,4.03,29
768,맥 맥 립스틱 Premium,65,맥,31000,18290,217,26AUG2024,active,3.69,16
769,롯데 빼빼로 Mini,33,롯데,11300,7153,364,13JUN2022,active,4.04,28
770,동원 동원 참치 Lite,32,동원,4500,3134,305,09APR2026,active,4.06,18
771,DEW E DEW 셔츠 원피스 Basic,9,DEW E DEW,32500,18403,123,14MAY2022,active,3.78,18
772,H&M AIRism Shirt Basic,3,H&M,27100,17158,18,16OCT2024,active,3.76,17
773,MUJI Wide Pants Plus,8,MUJI,44600,30015,256,27NOV2024,active,4.0,11
774,헤라 블랙 쿠션 Plus,64,헤라,35700,27814,295,19SEP2022,active,4.3,20
775,Dell XPS Pro,19,Dell,296600,195501,21,02FEB2024,active,4.58,19
776,아이시스 500ml 40개입 Mini,38,아이시스,4300,3172,449,28JAN2026,active,4.22,18
777,교보문고 모든 순간이 너였다 Plus,52,교보문고,12500,8117,551,05MAR2022,active,4.11,18
778,Roccat Kone Pro,21,Roccat,289800,212472,549,22JAN2023,active,3.62,16
779,에비앙 750ml Premium,38,에비앙,1500,1030,47,29MAY2022,active,4.26,19
780,Tefal 프라이팬 28cm Premium,41,Tefal,11600,8745,586,20APR2025,active,4.23,22
781,Apple iPhone Plus,15,Apple,159300,102671,182,13SEP2024,discontinued,4.43,14
782,Volvic 1.5L 12개입 Mini,38,Volvic,3500,2411,434,07OCT2022,active,4.12,24
783,해태 홈런볼 Basic,33,해태,3200,2223,106,15MAY2022,active,3.83,18
784,무인양품 샤워 타월 Max,45,무인양품,25100,16214,187,12JUN2022,active,3.83,12
785,Hisense ULED,25,Hisense,240600,140315,85,22SEP2023,active,4.0,17
786,제주삼다수 500ml 20개입 Mini,38,제주삼다수,2800,1600,455,09MAR2022,active,3.95,21
787,YES24 와인 입문,55,YES24,14000,7753,136,13FEB2025,discontinued,4.15,20
788,MUJI Basic Tee Lite,3,MUJI,25600,19223,335,26AUG2024,active,4.0,17
789,카터스 조거팬츠 Premium,12,카터스,82500,49862,468,02JAN2025,active,3.88,25
790,한빛미디어 데일 카네기 인간관계론 Plus,54,한빛미디어,10300,6166,570,10APR2023,active,4.12,17
791,Samsung 전자레인지 Plus,23,Samsung,352300,253405,402,23AUG2025,active,4.2,20
792,농심 새우깡,33,농심,6200,3866,539,29NOV2024,active,3.88,16
793,Corsair K95 Basic,21,Corsair,750600,500192,71,12JAN2025,active,4.36,22
794,평창수 2L 6개입,38,평창수,3700,2173,23,01AUG2023,active,3.5,16
795,광주요 도자기 밥공기 Lite,42,광주요,4200,3237,484,09JUL2024,active,4.11,18
796,Ottogi 햄 캔 Basic,34,Ottogi,4400,3281,55,15SEP2025,active,3.67,18
797,HyperX Cloud II Lite,21,HyperX,995700,745452,222,15SEP2025,soldout,3.65,20
798,Starbucks 비아 콜롬비아 Max,36,Starbucks,5900,3796,178,08APR2024,active,4.52,21
799,Levi's 501 Jeans Premium,4,Levi's,41800,30319,433,06JUN2026,active,3.83,18
800,아이시스 500ml 40개입 Plus,38,아이시스,2300,1341,449,10OCT2023,active,3.75,20
801,SteelSeries Arctis Plus,21,SteelSeries,219800,121325,491,28MAY2022,active,4.34,29
802,나이키키즈 카라 티 Max,11,나이키키즈,36700,20353,188,17SEP2023,discontinued,4.12,25
803,The North Face 후디 자켓 Pro,5,The North Face,15400,10547,577,25JUL2025,discontinued,3.47,17
804,CJ 스팸 Premium,34,CJ,8400,5499,419,17JUL2025,active,3.95,19
805,GS Fresh 수박 1통 Basic,28,GS Fresh,2700,1806,248,17JUN2025,active,4.36,11
806,시대에듀 ADsP Max,58,시대에듀,16100,8882,587,28MAY2025,active,3.88,24
807,길벗 지적 대화를 위한 넓고 얕은 지식 Basic,54,길벗,8000,5177,163,12NOV2024,active,4.12,24
808,LG 광파오븐,23,LG,349300,249803,254,26MAY2026,active,3.96,24
809,녹차원 얼그레이 Mini,37,녹차원,2100,1368,475,21APR2024,active,4.0,25
810,길벗 HSK 5급 Plus,57,길벗,8000,5747,416,27OCT2023,active,3.91,22
811,MUJI 수저 세트 Basic,42,MUJI,18400,11106,169,17JUN2023,discontinued,3.87,30
812,Huawei MatePad Lite,16,Huawei,1184300,872855,316,13MAY2023,active,3.9,21
813,헤라 레조나 토너 Basic,61,헤라,58500,40092,173,02APR2026,active,3.82,22
814,Samsung QLED TV Mini,25,Samsung,665900,398524,469,17MAR2022,active,3.96,23
815,에스티로더 어드밴스드 토너 Premium,61,에스티로더,23100,13962,344,07MAY2026,active,4.35,20
816,CJ 포스틱 Plus,33,CJ,8600,5972,444,10MAY2024,active,4.21,19
817,에비앙 750ml,38,에비앙,11500,8520,17,20JUN2026,active,3.83,18
818,Tetley 캐모마일 Max,37,Tetley,5400,3486,69,20JUL2025,active,3.95,20
819,LG OLED TV,25,LG,217300,132424,337,03JAN2026,soldout,3.68,22
820,Dell XPS Tower Mini,20,Dell,327800,245657,591,28JAN2026,active,3.86,21
821,이마트 소불고기 Plus,30,이마트,16100,11333,526,15OCT2024,active,3.95,19
822,Twinings 잉글리시 브렉퍼스트 Basic,37,Twinings,4600,3004,455,27JUL2022,active,4.18,22
823,Uniqlo Blouse Premium,7,Uniqlo,15000,9933,268,05MAY2023,discontinued,4.05,20
824,Samsung 갤럭시탭 Pro,16,Samsung,183200,109366,187,22NOV2025,active,3.9,20
825,Nike 패딩 Premium,5,Nike,28100,19506,568,21MAR2022,active,3.8,15
826,입생로랑 뚜쉬 에끌라 Pro,64,입생로랑,55300,34977,528,08SEP2024,active,4.29,17
827,농협 사과 5kg Lite,28,농협,4000,3115,433,01SEP2023,active,4.07,15
828,교보문고 백종원의 육아 레시피 Premium,55,교보문고,24800,16378,287,26FEB2025,active,4.48,21
829,오리온 초코파이 Plus,33,오리온,3400,2249,566,04SEP2025,active,4.1,20
830,문학동네 언어의 온도 Pro,52,문학동네,8000,5441,498,26FEB2024,active,4.28,18
831,뉴발란스키즈 데님 Max,12,뉴발란스키즈,27000,20543,440,08MAY2026,active,4.04,25
832,이니스프리 수분 크림 Plus,62,이니스프리,36500,26797,302,30JUL2023,active,3.88,17
833,이마트 오이 5개 Max,29,이마트,5900,3857,86,24FEB2024,active,4.32,19
834,입생로랑 뷰티 넘버 원 Premium,65,입생로랑,14000,10014,437,07AUG2025,active,3.92,26
835,에스티로더 더블 웨어 Max,64,에스티로더,24000,16436,540,05MAR2026,active,3.71,14
836,한빛미디어 JLPT N2 Pro,57,한빛미디어,47700,31636,21,21MAY2026,active,4.14,14
837,ZARA 플라워 원피스 Plus,9,ZARA,17300,10280,559,06NOV2024,soldout,3.8,20
838,Volvic 1.5L 12개입 Basic,38,Volvic,7800,5122,516,16JUN2022,active,3.64,28
839,창비 나는 나로 살기로 했다 Mini,52,창비,8000,4852,502,05APR2023,active,4.47,19
840,H&M 롱 원피스 Pro,9,H&M,60900,46309,466,01MAY2025,active,3.89,18
841,문법의 원리 토익 스피킹 Pro,57,문법의 원리,11400,7149,100,15MAR2023,active,3.68,28
842,문학동네 데미안 Basic,51,문학동네,19100,14688,582,04MAR2026,active,4.0,19
843,롯데 빼빼로 Plus,33,롯데,1900,1277,140,01DEC2022,active,3.24,17
844,풀무원 풀무원 두부 Plus,32,풀무원,6000,4171,137,11FEB2025,active,3.75,24
845,스톤헨지 슬립 드레스,9,스톤헨지,21000,14172,577,18APR2026,active,3.93,15
846,MIXXO 니트 원피스 Premium,9,MIXXO,23600,13682,227,11DEC2024,active,4.25,12
847,ZARA Knit Max,7,ZARA,47300,30103,280,01AUG2024,active,3.71,31
848,IKEA 얼굴 수건 Premium,45,IKEA,10300,5899,430,22OCT2024,active,4.26,27
849,Apple Apple Watch Basic,17,Apple,555800,385324,39,29OCT2023,active,3.73,22
850,더타올 목욕 수건 Premium,45,더타올,11900,7768,518,16JUN2026,active,4.17,23
851,락앤락 먼지털이 Basic,47,락앤락,13900,10132,210,18DEC2023,active,4.05,19
852,Nescafe 골드 블렌드 Plus,36,Nescafe,6700,4024,301,22APR2024,active,3.89,18
853,LG Velvet Max,15,LG,358600,210803,85,28MAR2024,active,4.35,17
854,Adidas 바람막이 Premium,5,Adidas,19900,12804,396,12MAR2023,active,3.95,20
855,무인양품 밀대 Pro,47,무인양품,9700,7402,252,18JUN2025,discontinued,4.25,24
856,설화수 자정 안티에이징 Lite,62,설화수,60900,43445,532,14SEP2023,active,3.95,22
857,해커스 영어 회화 100일,57,해커스,17000,10987,380,05OCT2024,active,4.14,14
858,길벗 집에서 만드는 파스타 Mini,55,길벗,11600,7760,443,09DEC2023,active,4.0,26
859,Illy 에스프레소 원두 Pro,36,Illy,6500,3700,32,21MAY2024,active,4.25,12
860,3M 테이프 클리너 Plus,47,3M,17600,13665,259,03JUN2025,active,4.17,18
861,DEW E DEW 셔츠 원피스 Mini,9,DEW E DEW,49600,34882,233,25AUG2022,active,3.81,16
862,Uniqlo EZY Ankle Lite,4,Uniqlo,20100,12374,514,22DEC2022,active,3.83,18
863,한우자조금 한우 등심 1++ Lite,30,한우자조금,3000,2054,307,22APR2023,active,4.05,20
864,IKEA 샐러드볼 Max,42,IKEA,8900,5119,69,23APR2025,soldout,4.18,17
865,Garmin Venu Mini,17,Garmin,356300,275114,453,01DEC2022,active,3.52,21
866,H&M Cardigan Max,7,H&M,50100,29569,438,05OCT2024,discontinued,3.71,14
867,Cuchen 밥솥 Pro,23,Cuchen,528400,369376,363,26JUL2025,active,3.73,26
868,ZARA 플라워 원피스 Basic,9,ZARA,45400,27533,480,01MAY2023,active,4.06,17
869,송월타월 호텔 수건 6매 Basic,45,송월타월,30100,21522,143,05SEP2024,active,4.05,22
870,한국산업인력공단 SQLD Basic,58,한국산업인력공단,21400,15593,23,09JUN2022,active,4.0,19
871,ZARA Slim Chino Mini,4,ZARA,33300,23472,424,26JUL2022,discontinued,4.04,23
872,Cuckoo 전기포트 Basic,23,Cuckoo,217400,150296,174,18JAN2025,active,3.54,13
873,Fitbit Charge Pro,17,Fitbit,288100,217592,324,12OCT2025,active,4.26,19
874,아디다스키즈 레깅스 Max,12,아디다스키즈,31000,17610,347,16JUN2023,active,4.25,24
875,제주삼다수 500ml 20개입 Mini,38,제주삼다수,8700,5447,17,27MAR2022,active,4.0,14
876,H&M 슬랙스 Max,8,H&M,35700,21673,43,06MAR2024,active,4.14,22
877,H&M 롱 원피스 Mini,9,H&M,24400,18964,154,10MAR2026,active,3.96,28
878,평창수 2L 6개입 Max,38,평창수,2900,1854,376,31AUG2023,active,4.0,16
879,MUJI Basic Tee Lite,7,MUJI,34800,25003,401,11SEP2025,active,4.19,16
880,GS Fresh 당근 1kg Max,29,GS Fresh,9100,6438,224,16MAR2026,active,4.25,20
881,농협하나로 삼겹살 1kg Basic,30,농협하나로,14900,8921,216,30JUL2024,active,3.57,23
882,창비 82년생 김지영 Lite,51,창비,15000,9074,567,14SEP2022,active,4.1,21
883,CJ 제일제당 닭가슴살 2kg Max,30,CJ 제일제당,4700,2889,30,14MAY2025,active,3.82,28
884,Samsung 갤럭시북 Mini,19,Samsung,213500,137613,58,22JUN2025,active,4.2,20
885,Nike Slim Polo Mini,3,Nike,116200,70172,352,22FEB2026,active,4.5,22
886,아이시스 500ml 40개입,38,아이시스,1800,998,444,14JUN2026,active,4.0,27
887,Logitech MX Master Mini,21,Logitech,893500,672144,234,23APR2022,active,4.06,18
888,해커스 정보처리기사 Plus,58,해커스,14000,10809,106,23APR2026,active,3.88,25
889,시원스쿨 TOEIC 실전 Pro,57,시원스쿨,12800,8045,190,06FEB2024,active,4.0,17
890,Xiaomi Mi Band Mini,17,Xiaomi,227200,142649,529,21APR2025,active,4.07,15
891,위즈덤하우스 캠핑 요리 Lite,55,위즈덤하우스,42700,23554,582,20FEB2026,active,3.87,23
892,ASUS ROG,20,ASUS,505200,356902,565,13MAY2025,active,3.84,19
893,Columbia 트렌치코트 Mini,5,Columbia,36700,27152,244,28AUG2024,active,4.15,20
894,YES24 아몬드 Plus,51,YES24,23200,13542,75,07DEC2023,active,3.32,19
895,스톤헨지 슬립 드레스 Basic,9,스톤헨지,24500,14374,546,21MAR2023,soldout,3.53,17
896,Apple iPad Lite,16,Apple,442900,324078,266,13NOV2025,active,4.17,23
897,MIXXO 데님 Plus,8,MIXXO,37500,25940,316,09NOV2022,discontinued,3.71,14
898,샘표 옥수수 Basic,34,샘표,3400,1905,120,26OCT2022,active,3.82,22
899,Lenovo ThinkPad Tab Premium,16,Lenovo,908700,629897,24,18JUN2023,active,4.24,17
900,H&M Cargo Pants Premium,4,H&M,31800,19749,431,19APR2026,active,4.13,23
901,MSI MEG Lite,20,MSI,174200,110583,159,20MAY2024,discontinued,4.22,18
902,라네즈 수분 로션 Max,62,라네즈,24800,18030,595,03MAY2024,active,3.56,16
903,MUJI Jogger Pro,4,MUJI,42100,31007,113,23MAY2023,active,3.96,24
904,풀무원 양념갈비,30,풀무원,2600,1669,501,24FEB2023,active,3.85,20
905,Adidas Tech Tee Pro,3,Adidas,22200,17046,165,22MAY2022,active,3.95,21
906,길벗 HSK 5급 Plus,57,길벗,13100,8429,174,24DEC2024,active,3.9,20
907,Xiaomi Redmi Basic,15,Xiaomi,920500,669684,0,09OCT2024,active,3.83,6
908,Sony BRAVIA Pro,25,Sony,330200,218358,85,05OCT2023,active,3.88,17
909,Google Pixel Basic,15,Google,1042800,788807,573,07NOV2025,active,3.79,24
910,Samsung 갤럭시워치 Basic,17,Samsung,305900,232112,319,25JAN2022,active,4.06,17
911,Philips 에어프라이어 Plus,23,Philips,537600,306488,400,05APR2022,active,4.17,12
912,맥심 모카 골드 Plus,36,맥심,3500,2678,381,02MAR2026,discontinued,4.07,15
913,에듀윌 컴활 1급 Plus,58,에듀윌,22000,16277,317,14MAR2025,active,4.12,25
914,위즈덤하우스 아주 작은 습관의 힘 Pro,54,위즈덤하우스,10400,7612,249,11AUG2024,soldout,4.16,19
915,코사홀리 이불 세트 Premium,45,코사홀리,20800,12401,524,21SEP2024,active,4.11,18
916,Scotch-Brite 수세미 Plus,47,Scotch-Brite,14300,10513,554,23JAN2025,active,4.24,21
917,Uniqlo A라인 스커트,8,Uniqlo,24700,18414,255,27NOV2025,active,3.86,22
918,Razer DeathAdder Pro,21,Razer,400400,246848,306,04APR2025,active,4.2,20
919,Apple Apple Watch Plus,17,Apple,1110400,853919,143,01FEB2024,active,3.72,18
920,Samsung 갤럭시 Mini,15,Samsung,480500,269785,390,08MAR2022,active,4.0,12
921,위즈덤하우스 죽고 싶지만 떡볶이는 먹고 싶어 Basic,52,위즈덤하우스,12300,7189,168,28JAN2025,active,4.27,30
922,LG gram,19,LG,214700,144631,297,07JUN2024,active,4.58,12
923,YES24 역행자 Plus,54,YES24,19900,13580,232,02OCT2025,active,3.89,19
924,교보문고 원씽 Lite,54,교보문고,17600,12291,270,31AUG2023,active,3.6,10
925,Uniqlo Trefoil Hoodie Basic,3,Uniqlo,55100,30520,59,02FEB2026,active,3.71,17
926,SKII 피테라 에센스 Basic,62,SKII,12300,9481,295,23DEC2025,active,4.37,19
927,해태 홈런볼 Plus,33,해태,2100,1176,466,13NOV2025,active,3.96,27
928,메디안 스킨 로션 Premium,44,메디안,26500,15446,234,19AUG2023,active,3.72,18
929,나이키키즈 반바지 Max,12,나이키키즈,44300,24507,233,26JUL2024,active,4.17,18
930,Garmin Venu Premium,17,Garmin,609200,414485,367,20JAN2022,active,3.92,24
931,메이크업포에버 HD 파운데이션 Plus,64,메이크업포에버,16600,12689,231,04MAR2022,active,3.8,20
932,한빛미디어 JLPT N2 Basic,57,한빛미디어,11000,7734,490,27MAY2022,active,3.9,30
933,Roccat Kone,21,Roccat,801900,592773,502,20AUG2022,active,3.9,20
934,무인양품 샤워 타월 Lite,45,무인양품,24900,13771,591,30NOV2025,active,4.45,20
935,한빛미디어 데일 카네기 인간관계론,54,한빛미디어,10500,7083,380,24MAR2023,active,4.14,28
936,Pulmuone 햇반,32,Pulmuone,2000,1311,427,30DEC2023,active,3.85,26
937,문법의 원리 토익 스피킹 Basic,57,문법의 원리,15600,10370,363,23AUG2023,active,3.86,22
938,ZARA Culotte Premium,8,ZARA,22400,12692,201,23JUL2023,active,3.31,16
939,농협 감자 3kg Lite,29,농협,2700,1910,145,08JAN2022,active,3.85,20
940,Corsair K95 Pro,21,Corsair,208800,139006,456,03JUN2024,active,4.2,20
941,에비앙 750ml Mini,38,에비앙,3500,2540,134,22JUN2026,active,3.79,24
942,MIXXO Turtleneck Basic,7,MIXXO,18100,11975,263,05JUN2023,discontinued,3.79,19
943,오설록 제주 녹차 Plus,37,오설록,2200,1285,63,06AUG2024,active,4.29,21
944,샤넬 루쥬 코코 Pro,65,샤넬,35500,24818,490,20MAR2026,active,3.94,18
945,동서 현미녹차 100T Mini,37,동서,4700,2771,40,26JAN2023,active,3.62,16
946,풀무원 바나나 1송이 Plus,28,풀무원,6900,5179,295,13FEB2022,active,3.93,29
947,Estee Lauder 리페어 크림,62,Estee Lauder,11000,7601,2,24JUN2025,discontinued,3.67,18
948,컬럼비아키즈 트레이닝 팬츠 Max,12,컬럼비아키즈,36500,21394,109,22JUL2023,active,4.11,18
949,이니스프리 그린티 토너 Plus,61,이니스프리,103200,79602,220,09JUL2024,active,4.0,22
950,이니스프리 수분 크림 Lite,62,이니스프리,23700,15860,369,14JAN2022,active,4.0,15
951,HyperX Cloud II Lite,21,HyperX,725600,411245,367,11DEC2024,active,4.27,22
952,LG생활건강 샤프란 리필 Max,48,LG생활건강,21700,15063,435,09OCT2022,active,4.32,25
953,아이패스 한국사능력검정 Pro,58,아이패스,23000,13989,3,22FEB2022,active,4.12,26
954,교보문고 한강 소년이 온다 Mini,51,교보문고,17400,12786,243,01APR2023,active,3.9,29
955,롯데 골뱅이 Plus,34,롯데,7300,5388,165,20MAR2026,active,3.71,14
956,Nespresso 커피머신 Lite,23,Nespresso,672900,521603,25,23DEC2022,discontinued,3.94,16
957,민음사 무진기행 Pro,51,민음사,21000,13974,394,26JAN2023,active,3.85,27
958,녹차원 얼그레이 Max,37,녹차원,2200,1440,473,10MAR2022,active,3.94,18
959,TCL C815 Premium,25,TCL,158800,114859,16,30MAY2026,active,4.29,21
960,문학동네 데미안 Basic,51,문학동네,8700,5050,91,15OCT2024,active,3.48,23
961,Levi's 501 Jeans Premium,4,Levi's,30800,20814,482,09MAR2026,active,4.35,20
962,SteelSeries Arctis Premium,21,SteelSeries,631800,426867,542,20SEP2025,active,3.69,16
963,설화수 자정 안티에이징 Lite,62,설화수,15300,8729,204,29SEP2022,active,4.11,18
964,라네즈 수분 로션,62,라네즈,51700,33405,501,15OCT2023,active,4.07,29
965,설화수 자정 토너,61,설화수,21900,16342,399,08MAY2026,active,3.69,13
966,MIXXO 니트 원피스 Max,9,MIXXO,27000,20166,206,16JUL2023,active,4.08,26
967,DEW E DEW 셔츠 원피스 Plus,9,DEW E DEW,21900,12544,145,20APR2024,discontinued,4.16,19
968,MLB 플리스,5,MLB,15000,8562,100,31JUL2023,active,4.0,26
969,컬럼비아키즈 체크 셔츠 Premium,11,컬럼비아키즈,41600,25393,240,24AUG2024,active,4.12,16
970,카터스 조거팬츠,12,카터스,101400,76171,162,10JAN2022,active,3.85,27
971,디올 어딕트 Premium,65,디올,28600,16577,172,06JAN2023,active,3.55,20
972,Delonghi 토스터 Mini,23,Delonghi,145700,104262,501,10SEP2025,active,4.18,38
973,LG생활건강 샴푸 700ml Lite,44,LG생활건강,21300,12210,546,06FEB2023,active,4.0,18
974,창비 82년생 김지영 Lite,51,창비,8500,5893,283,08APR2024,active,4.24,17
975,IKEA 얼굴 수건 Plus,45,IKEA,6400,4044,358,25AUG2022,discontinued,3.79,19
976,라네즈 워터 토너,61,라네즈,25700,18798,380,13OCT2024,active,3.71,17
977,Fissler 압력솥,41,Fissler,14300,8633,532,14JUN2025,active,3.41,17
978,문학동네 홈베이킹 기초 Basic,55,문학동네,10900,7597,162,06SEP2022,soldout,4.08,12
979,아모레퍼시픽 바디워시 Pro,44,아모레퍼시픽,11300,6827,306,16SEP2023,active,4.2,15
980,시대에듀 ADsP Mini,58,시대에듀,21700,15496,338,30APR2026,active,3.96,23
981,YES24 아몬드 Lite,51,YES24,22900,17196,54,27MAR2024,active,3.82,17
982,해커스 영어 회화 100일 Mini,57,해커스,26900,15579,332,20JUL2024,active,3.88,26
983,락앤락 냄비 세트 Lite,41,락앤락,42000,31471,126,29MAY2024,discontinued,4.29,21
984,교보문고 한강 소년이 온다 Mini,51,교보문고,22500,15446,242,12JUN2026,active,4.0,16
985,Uniqlo Blouse Max,7,Uniqlo,31800,18419,599,28JAN2024,active,3.88,16
986,농심 새우깡 Premium,33,농심,8900,5770,408,04JUN2024,active,4.24,25
987,Uniqlo EZY Ankle Lite,4,Uniqlo,48000,28175,502,20JAN2024,active,3.74,19
988,Microsoft Surface Mini,16,Microsoft,599400,426221,302,10JUN2023,active,4.05,21
989,MUJI Wide Pants,8,MUJI,40300,29198,463,06OCT2023,active,4.0,30
990,Huawei MatePad Pro,16,Huawei,255900,146971,234,04MAY2025,active,3.86,22
991,민음사 무진기행 Max,51,민음사,10800,7197,37,24FEB2025,active,4.23,13
992,한국산업인력공단 SQLD Max,58,한국산업인력공단,15600,11502,138,18MAY2024,active,4.0,11
993,Lenovo IdeaCentre Pro,20,Lenovo,483700,370184,194,24FEB2024,active,3.93,15
994,LG생활건강 고무장갑 Mini,47,LG생활건강,8800,5879,526,09JUN2023,active,4.1,21
995,YES24 와인 입문,55,YES24,19300,14833,0,21OCT2023,discontinued,4.0,25
996,카누 미니 Plus,36,카누,21000,14137,560,07NOV2022,discontinued,4.0,12
997,Samsung 전자레인지 Pro,23,Samsung,155300,99495,95,11MAY2025,active,3.88,24
998,Dove 치약 3개입 Mini,44,Dove,18900,14082,412,03JAN2023,discontinued,3.62,21
999,뉴발란스키즈 데님 Pro,12,뉴발란스키즈,34900,23152,537,27MAR2024,active,4.15,20
1000,H&M 슬랙스 Pro,8,H&M,47500,31280,428,19OCT2023,active,3.8,15
1001,Nivea 핸드워시 Lite,44,Nivea,10300,6826,234,18FEB2023,active,4.05,22
1002,ZARA Knit Mini,7,ZARA,33200,24726,348,06APR2025,active,4.05,19
1003,Apple MacBook Plus,19,Apple,478100,354437,480,28AUG2023,active,4.29,17
1004,ZARA Slim Chino Premium,4,ZARA,30300,19477,395,27JAN2022,active,3.7,20
1005,Cuchen 전기밥솥 Lite,41,Cuchen,5300,3321,350,02JAN2023,soldout,4.05,21
1006,락앤락 먼지털이 Pro,47,락앤락,11600,7692,415,23OCT2024,active,4.38,13
1007,교보문고 백종원의 육아 레시피 Premium,55,교보문고,9200,6271,50,20MAY2025,active,3.96,24
1008,길벗 집에서 만드는 파스타 Basic,55,길벗,21100,12761,80,13OCT2023,active,4.05,19
1009,Volvic 1.5L 12개입 Premium,38,Volvic,1500,1098,35,20MAY2025,active,4.05,19
1010,Neoflam 실리콘 뒤집개 Pro,41,Neoflam,24700,16348,66,17NOV2022,active,4.0,25
1011,MIXXO 데님 Pro,8,MIXXO,46900,29398,480,07FEB2023,active,3.94,16
1012,이마트 소불고기,30,이마트,6600,3792,467,16MAY2023,active,4.17,18
1013,Fitbit Charge Mini,17,Fitbit,120700,73015,141,20FEB2025,active,3.9,31
1014,Samsung 갤럭시탭 Mini,16,Samsung,363200,279059,355,17MAY2025,active,3.9,21
1015,SKII 피테라 에센스 Lite,62,SKII,59400,36838,470,17JAN2026,active,4.0,21
1016,해커스 정보처리기사 Plus,58,해커스,13200,7772,590,27FEB2022,active,3.61,28
1017,ZARA 플라워 원피스 Lite,9,ZARA,19000,12463,438,01JUL2024,active,4.07,15
1018,아디다스키즈 레깅스 Max,12,아디다스키즈,24700,15329,530,23NOV2022,active,4.23,13
1019,동원 참치캔 Pro,34,동원,4600,2567,126,03MAY2024,discontinued,4.07,15
1020,제주삼다수 500ml 20개입 Premium,38,제주삼다수,2700,1685,204,23AUG2024,active,4.1,21
1021,Lenovo ThinkPad Basic,19,Lenovo,927500,626196,28,08JUN2025,soldout,3.85,27
1022,평창수 2L 6개입 Pro,38,평창수,4600,3113,444,16FEB2025,soldout,4.29,24
1023,HP Omen Pro,20,HP,317000,200346,463,10MAY2026,active,3.69,13
1024,Estee Lauder 리페어 크림 Lite,62,Estee Lauder,13600,8879,279,08JUL2025,active,3.83,23
1025,CJ 샤인머스캣 2kg Basic,28,CJ,6800,5250,150,15AUG2024,active,4.29,24
1026,Tetley 캐모마일 Basic,37,Tetley,6700,4266,239,08MAR2026,soldout,3.89,28
1027,문학동네 데미안 Basic,51,문학동네,11800,7190,265,29AUG2023,active,3.74,27
1028,이니스프리 수분 크림 Lite,62,이니스프리,10000,6059,104,29SEP2025,active,4.21,14
1029,ASUS ZenBook Pro,19,ASUS,566000,370891,432,13NOV2022,active,4.36,14
1030,위즈덤하우스 캠핑 요리 Lite,55,위즈덤하우스,15100,10942,496,30OCT2025,active,3.89,18
1031,H&M Cardigan Mini,7,H&M,44400,26523,439,18APR2022,active,4.11,19
1032,Uniqlo A라인 스커트 Mini,8,Uniqlo,117500,83793,157,09NOV2025,active,4.0,19
1033,시원스쿨 TOEIC 실전 Lite,57,시원스쿨,16100,8933,171,11MAY2022,active,3.69,16
1034,나이키키즈 반바지 Basic,12,나이키키즈,26600,17193,493,25JUL2022,active,4.38,24
1035,나스 오르가즘 블러셔,65,나스,14900,10853,310,29OCT2023,active,3.72,29
1036,Corelle 접시 세트 Pro,42,Corelle,11000,6906,402,01MAR2024,active,3.94,17
1037,무인양품 밀대 Lite,47,무인양품,14700,9990,462,27JAN2022,active,4.37,19
1038,Apple iPhone Lite,15,Apple,456700,272716,366,20FEB2026,discontinued,3.94,17
1039,메디안 스킨 로션 Lite,44,메디안,37500,27024,549,31JAN2025,active,3.76,17
1040,Logitech MX Master,21,Logitech,596800,335416,254,21JAN2023,active,3.75,16
1041,설화수 자정 안티에이징,62,설화수,27400,20442,207,19DEC2024,active,4.1,20
1042,나스 리퀴드 라이트닝 Max,64,나스,19400,11554,449,16MAY2024,active,3.95,20
1043,CJ 포스틱 Mini,33,CJ,5900,4431,94,03OCT2025,active,4.04,25
1044,Xiaomi Mi Band Premium,17,Xiaomi,256700,161998,477,22DEC2024,active,3.81,26
1045,Ottogi 햄 캔 Basic,34,Ottogi,5500,3939,189,05JUL2023,active,3.94,17
1046,ZARA AIRism Shirt Plus,3,ZARA,48600,30298,483,24JUL2022,active,3.77,26
1047,길벗 HSK 5급,57,길벗,14900,11299,535,20MAR2026,active,3.44,18
1048,CJ 비비고 만두 Premium,32,CJ,3100,1795,422,25SEP2024,active,3.8,15
1049,아이시스 500ml 40개입,38,아이시스,1500,886,132,15JAN2023,discontinued,3.9,21
1050,문학동네 홈베이킹 기초 Basic,55,문학동네,25700,17049,54,19MAY2025,active,3.9,20
1051,CJ 스팸 Plus,34,CJ,6500,3697,509,15JUL2024,active,3.9,21
1052,H&M Basic Tee Max,3,H&M,46900,27909,540,14AUG2025,active,3.78,18
1053,라네즈 수분 로션 Lite,62,라네즈,11600,8897,409,15DEC2025,active,4.1,30
1054,LG 광파오븐 Max,23,LG,1012400,784197,210,13JUN2023,active,4.28,18
1055,Ottogi 오뚜기 카레,32,Ottogi,3500,2227,292,22OCT2023,active,3.59,17
1056,LG Velvet Max,15,LG,372000,283596,114,26NOV2025,active,4.22,18
1057,Xiaomi Redmi Premium,15,Xiaomi,232900,157279,258,23APR2025,active,4.04,23
1058,Apple iPad Pro,16,Apple,151400,92662,121,01MAR2023,discontinued,4.08,12
1059,에비앙 750ml,38,에비앙,11000,7827,298,24APR2024,active,3.91,23
1060,헤라 블랙 쿠션,64,헤라,64300,45109,380,28SEP2023,active,4.1,21
1061,길벗 지적 대화를 위한 넓고 얕은 지식 Premium,54,길벗,15200,11817,560,20OCT2022,active,4.09,11
1062,Twinings 잉글리시 브렉퍼스트 Mini,37,Twinings,3000,1832,500,02FEB2022,discontinued,3.8,25
1063,Volvic 1.5L 12개입 Plus,38,Volvic,3700,2606,296,24SEP2024,discontinued,4.0,25
1064,Samsung 갤럭시워치 Lite,17,Samsung,358600,201520,361,28OCT2023,active,3.82,17
1065,에듀윌 컴활 1급 Premium,58,에듀윌,10000,5761,588,27JUN2024,active,4.15,27
1066,H&M Cargo Pants Plus,4,H&M,30400,16747,462,07JAN2026,active,4.3,23
1067,카터스 맨투맨 Basic,11,카터스,39800,31039,437,18MAY2026,active,4.05,19
1068,이마트 딸기 500g Plus,28,이마트,10000,7345,126,23FEB2022,active,4.32,25
1069,Tefal 프라이팬 28cm Basic,41,Tefal,13400,9794,196,26JUN2026,active,4.17,18
1070,YES24 아버지의 해방일지 Premium,52,YES24,8600,5738,220,26JUL2025,active,4.41,22
1071,Fissler 압력솥,41,Fissler,16500,10213,90,16MAY2023,discontinued,3.62,34
1072,Hisense ULED,25,Hisense,379400,221869,410,01JUL2024,soldout,4.5,14
1073,Starbucks 비아 콜롬비아 Mini,36,Starbucks,12800,7878,7,08OCT2024,active,3.7,23
1074,오설록 제주 녹차 Premium,37,오설록,13300,8465,543,30SEP2023,active,3.91,22
1075,뉴발란스키즈 반팔티 Basic,11,뉴발란스키즈,87400,63273,467,24JUN2024,active,3.67,12
1076,H&M 롱 원피스 Plus,9,H&M,25900,17459,319,10APR2023,active,4.19,21
1077,Nescafe 골드 블렌드 Plus,36,Nescafe,19700,11186,393,28JUN2026,active,3.64,14
1078,창비 82년생 김지영 Basic,51,창비,18700,10362,268,19SEP2024,active,4.06,17
1079,LG생활건강 샴푸 700ml Max,44,LG생활건강,35400,20303,190,28MAY2024,active,4.09,23
1080,오리온 초코파이 Mini,33,오리온,3400,2191,60,18AUG2024,active,4.0,18
1081,제주삼다수 500ml 20개입 Pro,38,제주삼다수,3900,2982,437,04FEB2024,active,4.39,18
1082,한샘 유리컵 6개,42,한샘,15700,10936,263,24JAN2022,active,4.04,23
1083,동원 동원 참치 Lite,32,동원,5400,3965,94,16MAY2024,active,4.17,12
1084,아디다스키즈 후드 티 Plus,11,아디다스키즈,77100,50675,552,08DEC2025,active,3.93,15
1085,Samsung QLED TV Lite,25,Samsung,384800,243648,469,13JUN2026,active,3.69,16
1086,한우자조금 한우 등심 1++ Pro,30,한우자조금,11100,6381,513,20JAN2025,active,4.38,24
1087,입생로랑 뚜쉬 에끌라 Premium,64,입생로랑,46100,34642,193,12DEC2025,active,4.12,16
1088,농협하나로 삼겹살 1kg Lite,30,농협하나로,4200,3066,481,10JAN2026,active,4.3,23
1089,롯데 빼빼로 Pro,33,롯데,7700,4532,335,07JUL2024,active,4.33,15
1090,광주요 도자기 밥공기,42,광주요,10000,6678,434,24SEP2023,active,3.75,20
1091,SKII 피테라 에센스 Basic,62,SKII,121700,80577,195,26AUG2024,active,4.13,15
1092,나이키키즈 카라 티 Max,11,나이키키즈,15000,10406,248,02MAY2024,active,4.42,26
1093,MUJI Slim Polo,3,MUJI,54300,41681,497,03JAN2023,active,3.89,18
1094,애경 스파크 세탁 세제 Plus,48,애경,4600,3143,211,08MAY2023,active,3.62,16
1095,Dell XPS Tower Pro,20,Dell,386300,260462,465,18JAN2024,active,4.25,12
1096,더타올 목욕 수건 Lite,45,더타올,12600,7075,220,10OCT2023,active,3.94,16
1097,샘표 옥수수 Plus,34,샘표,14100,7959,272,29MAR2022,active,4.33,18
1098,풀무원 양파망 1.8kg Max,29,풀무원,3000,1779,153,07APR2022,active,3.79,19
1099,피죤 섬유유연제 Basic,48,피죤,29200,16278,248,24DEC2024,active,3.71,14
1100,송월타월 호텔 수건 6매 Premium,45,송월타월,6500,4686,278,13MAY2026,active,4.21,28
1101,아모레퍼시픽 바디워시 Plus,44,아모레퍼시픽,29900,21419,439,11MAY2023,active,4.16,19
1102,Dove 치약 3개입 Premium,44,Dove,10000,5812,275,21APR2023,active,3.79,14
1103,코사홀리 이불 세트 Pro,45,코사홀리,13900,10317,513,06SEP2025,active,4.39,23
1104,LG 건조기 Max,24,LG,361500,211694,87,02FEB2023,active,4.15,20
1105,Estee Lauder 리페어 크림 Lite,62,Estee Lauder,64100,39695,504,27MAR2023,active,3.64,25
1106,CJ 상추 200g Max,29,CJ,10500,6376,589,26JUN2023,active,4.29,17
1107,GS Fresh 수박 1통 Max,28,GS Fresh,6700,4258,240,27SEP2022,active,3.79,19
1108,Nike Tech Tee Mini,3,Nike,18100,11015,235,28APR2024,soldout,3.95,21
1109,Razer DeathAdder Max,21,Razer,288000,190788,127,07MAR2024,active,4.21,19
1110,MUJI Jogger Max,4,MUJI,19500,12552,502,19MAY2023,active,4.13,15
1111,MUJI 수저 세트,42,MUJI,3400,2641,199,31JUL2025,active,4.31,16
1112,무인양품 샤워 타월 Plus,45,무인양품,28400,15985,542,27NOV2024,active,4.64,14
1113,아이패스 한국사능력검정 Lite,58,아이패스,14300,8332,501,21SEP2025,active,4.14,21
1114,MUJI Basic Tee,7,MUJI,29600,16639,491,18DEC2023,active,3.73,11
1115,Adidas Trefoil Hoodie,3,Adidas,89100,61830,20,03DEC2022,active,3.4,10
1116,컬럼비아키즈 트레이닝 팬츠 Plus,12,컬럼비아키즈,27200,15301,233,13APR2025,active,4.46,13
1117,Nivea 핸드워시 Plus,44,Nivea,8000,5939,415,21MAR2026,active,4.18,22
1118,헤라 레조나 토너 Pro,61,헤라,25900,17294,147,03JUN2024,active,4.04,28
1119,The North Face 후디 자켓 Plus,5,The North Face,18400,12350,28,09FEB2023,active,3.92,26
1120,Downy 주방 세제 Mini,48,Downy,16400,11138,360,20JAN2022,active,3.94,16
1121,Lenovo ThinkPad Tab Mini,16,Lenovo,353500,208313,307,01JUL2026,active,3.9,10
1122,Microsoft Surface,16,Microsoft,326300,194301,161,03JUL2024,active,4.11,19
1123,이마트 오이 5개 Premium,29,이마트,3200,1994,60,20AUG2025,discontinued,4.19,21
1124,교보문고 모든 순간이 너였다 Pro,52,교보문고,15600,10709,124,04JAN2025,active,4.14,29
1125,YES24 아몬드 Premium,51,YES24,16800,10051,455,22MAR2025,active,4.39,23
1126,롯데 골뱅이 Premium,34,롯데,3400,1960,70,02JUL2026,active,4.12,17
1127,IKEA 샐러드볼,42,IKEA,10700,8272,465,16APR2022,active,3.94,18
1128,Tide 표백제 Basic,48,Tide,12700,7049,242,26FEB2022,active,4.07,27
1129,컬럼비아키즈 체크 셔츠,11,컬럼비아키즈,32500,23875,489,21SEP2024,active,4.21,14
1130,메디안 스킨 로션 Lite,44,메디안,13600,9944,220,22MAR2024,active,3.67,15
1131,카터스 조거팬츠 Lite,12,카터스,24100,14902,472,22MAY2022,active,3.85,26
1132,Uniqlo AIRism Shirt Plus,3,Uniqlo,66300,38533,532,09OCT2023,active,3.54,24
1133,Nike 패딩 Plus,5,Nike,38400,22406,493,15MAY2024,active,3.58,26
1134,Illy 에스프레소 원두 Basic,36,Illy,3400,2415,81,02JAN2025,active,4.2,15
1135,동원 참치캔 Plus,34,동원,6200,4326,521,14JAN2024,active,4.19,16
1136,뉴발란스키즈 데님 Lite,12,뉴발란스키즈,34700,25332,11,25DEC2023,active,4.19,26
1137,한빛미디어 JLPT N2 Premium,57,한빛미디어,8100,6201,262,29NOV2023,active,3.87,30
1138,Adidas 바람막이,5,Adidas,44500,31556,448,04MAY2025,active,4.11,18
1139,교보문고 한강 소년이 온다 Max,51,교보문고,10800,6327,191,14JUN2023,soldout,3.8,20
1140,Corelle 접시 세트 Mini,42,Corelle,23400,14180,113,08OCT2024,active,4.1,21
1141,아디다스키즈 레깅스 Max,12,아디다스키즈,31400,23352,25,13JAN2024,active,4.0,21
1142,문학동네 언어의 온도 Max,52,문학동네,22200,13278,498,23JUN2023,active,4.24,25
1143,위즈덤하우스 아주 작은 습관의 힘 Lite,54,위즈덤하우스,12600,7140,507,24JUL2025,active,4.25,24
1144,LG생활건강 샤프란 리필 Max,48,LG생활건강,13900,9893,544,14SEP2023,active,3.92,13
1145,맥심 모카 골드,36,맥심,11400,7325,61,18OCT2022,active,3.73,22
1146,Roccat Kone Basic,21,Roccat,376400,286669,228,07DEC2025,active,3.68,22
1147,애경 스파크 세탁 세제 Pro,48,애경,9300,6505,34,19NOV2022,active,3.85,20
1148,Dyson 냉장고 Plus,24,Dyson,655400,374099,455,11JAN2022,active,4.22,23
1149,MIXXO Turtleneck Pro,7,MIXXO,53100,40781,587,03APR2026,active,3.92,24
1150,문법의 원리 토익 스피킹 Premium,57,문법의 원리,13100,7984,501,22FEB2024,active,4.28,18
1151,풀무원 풀무원 두부,32,풀무원,1500,941,594,20APR2023,active,3.82,17
1152,Corsair K95,21,Corsair,306800,197125,24,24FEB2024,active,4.0,20
1153,3M 테이프 클리너 Mini,47,3M,20000,11235,568,13MAY2026,active,3.5,16
1154,농협 사과 5kg,28,농협,2800,1859,31,03APR2022,active,4.07,14
1155,카터스 맨투맨 Plus,11,카터스,36000,20821,11,26OCT2024,active,4.0,18
1156,Huawei MatePad,16,Huawei,298100,191446,318,19SEP2025,active,4.41,17
1157,뉴발란스키즈 반팔티 Max,11,뉴발란스키즈,15000,9459,0,01SEP2024,soldout,4.12,17
1158,민음사 무진기행 Mini,51,민음사,12400,9024,434,20MAY2022,active,4.11,18
1159,Ottogi 햄 캔 Plus,34,Ottogi,7800,5730,135,08APR2023,active,3.6,10
1160,Pulmuone 햇반 Basic,32,Pulmuone,1500,877,195,10JAN2024,active,3.82,17
1161,GS Fresh 당근 1kg Basic,29,GS Fresh,5800,3678,132,06JAN2025,active,4.06,16
1162,농협 감자 3kg Basic,29,농협,2100,1335,85,11FEB2025,active,4.16,25
1163,YES24 와인 입문 Basic,55,YES24,20800,12164,475,27MAR2022,active,4.18,22
1164,LG생활건강 샴푸 700ml Max,44,LG생활건강,20500,15039,323,12MAY2025,active,3.9,20
1165,풀무원 바나나 1송이,28,풀무원,4300,3064,179,21MAR2025,active,4.41,22
1166,Levi's 501 Jeans Pro,4,Levi's,32800,19476,515,20JUL2023,active,4.05,21
1167,ZARA Basic Tee Plus,3,ZARA,22300,14145,174,05MAR2022,active,3.62,21
1168,ZARA Culotte Max,8,ZARA,16100,9246,20,27JUN2023,soldout,3.55,20
1169,CJ 제일제당 닭가슴살 2kg Basic,30,CJ 제일제당,16100,11181,104,23DEC2022,soldout,4.07,14
1170,Apple Apple Watch Premium,17,Apple,263200,152107,577,07SEP2023,active,3.89,27
1171,맥 맥 립스틱,65,맥,76100,59111,442,17FEB2025,active,4.33,18
1172,Uniqlo EZY Ankle Pro,4,Uniqlo,21600,15758,48,16NOV2024,active,4.12,26
1173,Columbia 트렌치코트 Premium,5,Columbia,49700,31795,527,26AUG2023,active,4.0,16
1174,CJ 스팸 Mini,34,CJ,2200,1502,144,11OCT2024,active,4.26,19
1175,HP Pavilion Premium,19,HP,605600,460018,339,06APR2026,soldout,4.06,18
1176,풀무원 양념갈비 Mini,30,풀무원,3900,2642,353,14JAN2024,discontinued,4.23,26
1177,MUJI Wide Pants Mini,8,MUJI,30100,17763,74,14FEB2026,active,3.88,17
1178,해커스 영어 회화 100일 Basic,57,해커스,20800,13251,577,17JAN2024,active,4.29,17
1179,시대에듀 ADsP Mini,58,시대에듀,13500,10042,318,24JUN2023,active,3.75,12
1180,IKEA 얼굴 수건 Lite,45,IKEA,5600,3909,86,04FEB2025,active,4.15,13
1181,Google Pixel Plus,15,Google,698500,488717,552,01MAY2026,active,4.17,12
1182,창비 나는 나로 살기로 했다 Plus,52,창비,10300,7718,41,15MAY2022,active,4.26,23
1183,YES24 역행자 Basic,54,YES24,20000,15112,92,09JAN2025,active,4.1,21
1184,해태 홈런볼 Lite,33,해태,9700,7387,506,22NOV2025,active,4.33,15
1185,카누 미니 Premium,36,카누,3700,2115,528,04DEC2022,discontinued,4.19,16
1186,LG OLED TV Max,25,LG,899300,607161,264,07JUL2022,active,4.05,21
1187,Samsung 갤럭시탭 Premium,16,Samsung,590700,425491,291,07NOV2024,active,3.85,27
1188,더타올 목욕 수건,45,더타올,8700,6299,463,11DEC2025,active,4.13,23
1189,샘표 옥수수 Max,34,샘표,13100,9033,559,02OCT2025,active,3.79,14
1190,피죤 섬유유연제 Mini,48,피죤,6700,3942,96,24JUL2023,active,4.05,21
1191,Sony BRAVIA Pro,25,Sony,352900,258819,94,16JUL2025,active,4.17,18
1192,TCL C815 Max,25,TCL,390900,279738,325,24AUG2023,discontinued,4.14,21
1193,HyperX Cloud II Pro,21,HyperX,636100,362456,73,07MAR2024,active,3.85,20
1194,Samsung 갤럭시 Plus,15,Samsung,863900,567302,335,12MAR2025,active,3.93,14
1195,이니스프리 수분 크림 Pro,62,이니스프리,55900,32981,67,31AUG2024,active,3.72,18
1196,ZARA Slim Chino Plus,4,ZARA,41500,26046,76,06JAN2026,active,4.5,22
1197,동서 현미녹차 100T Lite,37,동서,4000,2216,207,28JAN2026,active,3.95,20
1198,에스티로더 어드밴스드 토너 Lite,61,에스티로더,10000,6420,220,12JUN2025,discontinued,4.19,21
1199,Apple iPhone Basic,15,Apple,201000,135970,261,09DEC2024,active,3.81,21
1200,농심 새우깡 Basic,33,농심,16900,11703,409,30SEP2022,active,4.0,23
1201,Uniqlo Blouse Mini,7,Uniqlo,15000,10539,330,07SEP2022,active,4.31,16
1202,평창수 2L 6개입 Max,38,평창수,2800,2078,343,20JUL2024,active,3.8,15
1203,아모레퍼시픽 바디워시 Mini,44,아모레퍼시픽,26500,15888,73,28JAN2025,active,4.4,20
1204,위즈덤하우스 죽고 싶지만 떡볶이는 먹고 싶어 Plus,52,위즈덤하우스,17700,10225,253,12MAY2023,active,4.0,19
1205,롯데 골뱅이 Mini,34,롯데,9400,7011,331,06JUL2024,active,4.25,20
1206,시원스쿨 TOEIC 실전 Pro,57,시원스쿨,20200,11837,397,02JUN2024,active,3.85,20
1207,Garmin Venu Plus,17,Garmin,1068400,827149,344,16APR2024,discontinued,3.5,14
1208,스톤헨지 슬립 드레스 Basic,9,스톤헨지,43300,32205,583,12MAY2025,active,4.48,23
1209,CJ 샤인머스캣 2kg Lite,28,CJ,7800,5188,454,27OCT2023,soldout,3.72,18
1210,CJ 비비고 만두 Basic,32,CJ,2900,2249,114,08MAY2024,active,3.95,20
1211,입생로랑 뷰티 넘버 원 Max,65,입생로랑,42200,24155,312,16JAN2025,discontinued,4.1,20
1212,교보문고 백종원의 육아 레시피 Plus,55,교보문고,13900,8613,227,01AUG2023,active,3.75,16
1213,에스티로더 더블 웨어 Plus,64,에스티로더,22600,15747,244,06AUG2025,active,4.18,17
1214,한국산업인력공단 SQLD Pro,58,한국산업인력공단,23300,14690,525,20NOV2025,soldout,4.31,16
1215,YES24 아버지의 해방일지 Max,52,YES24,23400,17866,527,07JUL2026,active,3.8,15
1216,Hisense ULED Lite,25,Hisense,1218400,688510,426,24AUG2023,discontinued,4.0,17
1217,길벗 HSK 5급 Premium,57,길벗,31200,21102,41,01MAY2023,discontinued,3.91,22
1218,녹차원 얼그레이 Plus,37,녹차원,9300,6378,464,11JUN2022,active,3.85,13
1219,해커스 정보처리기사 Plus,58,해커스,8100,5671,277,09JAN2022,active,3.81,21
1220,Dell XPS Pro,19,Dell,1324500,806359,18,29AUG2025,active,3.81,26
1221,동원 참치캔 Mini,34,동원,9300,5894,65,17JAN2026,active,4.31,16
1222,샤넬 루쥬 코코,65,샤넬,18700,13913,166,16AUG2025,active,4.19,16
1223,CJ 포스틱 Lite,33,CJ,8100,4818,584,20MAR2024,active,3.88,16
1224,Ottogi 오뚜기 카레 Basic,32,Ottogi,2300,1702,402,10DEC2025,active,3.21,19
1225,락앤락 냄비 세트 Max,41,락앤락,19300,13112,408,22OCT2025,discontinued,3.62,21
1226,Scotch-Brite 수세미 Plus,47,Scotch-Brite,6000,4351,111,08JAN2026,active,3.87,23
1227,MIXXO 니트 원피스 Plus,9,MIXXO,22300,15925,273,01OCT2023,active,4.14,14
1228,Cuchen 전기밥솥 Basic,41,Cuchen,20400,12193,406,18DEC2024,discontinued,4.21,19
1229,설화수 자정 안티에이징 Lite,62,설화수,56500,38466,372,11APR2026,active,3.94,17
1230,교보문고 모든 순간이 너였다,52,교보문고,18500,13867,596,12APR2026,active,4.15,20
1231,Samsung 갤럭시북 Mini,19,Samsung,372600,241961,38,13FEB2026,active,3.94,18
1232,아디다스키즈 후드 티 Plus,11,아디다스키즈,15000,11584,104,20JUN2023,active,4.14,22
1233,Apple iPad,16,Apple,390200,255194,323,16JUN2026,active,3.56,16
1234,Samsung QLED TV Lite,25,Samsung,609300,355124,413,04JUL2024,active,4.25,28
1235,아이시스 500ml 40개입 Basic,38,아이시스,3900,2494,428,22FEB2025,soldout,3.93,14
1236,동원 동원 참치 Pro,32,동원,4800,3690,60,28MAR2025,active,3.91,32
1237,한샘 유리컵 6개 Mini,42,한샘,11900,7420,306,23MAR2026,active,3.96,24
1238,H&M Cargo Pants Max,4,H&M,29900,22414,353,30MAR2024,active,4.0,21
1239,H&M Slim Polo Plus,3,H&M,38000,28602,392,15JUL2025,active,3.9,20
1240,길벗 집에서 만드는 파스타 Lite,55,길벗,14600,9205,203,02JUN2026,discontinued,3.87,23
1241,에비앙 750ml Pro,38,에비앙,13400,7626,257,12JAN2022,active,4.05,22
1242,Dove 치약 3개입 Max,44,Dove,3500,2508,485,02OCT2022,active,4.18,17
1243,풀무원 풀무원 두부 Premium,32,풀무원,3300,2051,516,11MAY2024,active,4.21,24
1244,Fitbit Charge Lite,17,Fitbit,262400,191571,445,21FEB2026,active,4.31,16
1245,라네즈 수분 로션 Lite,62,라네즈,33900,22096,179,17FEB2024,active,4.08,12
1246,Xiaomi Mi Band Max,17,Xiaomi,463300,306524,341,30JUN2024,active,3.87,15
1247,위즈덤하우스 캠핑 요리 Pro,55,위즈덤하우스,31200,22742,132,08JUL2026,active,4.0,25
1248,이니스프리 그린티 토너 Premium,61,이니스프리,95800,61114,442,11MAY2022,active,3.96,26
1249,SKII 피테라 에센스,62,SKII,18600,12125,252,30JUL2022,active,4.35,17
1250,교보문고 원씽,54,교보문고,16300,10375,264,27NOV2023,active,4.27,11
1251,문학동네 언어의 온도 Basic,52,문학동네,17600,11166,92,19MAY2025,active,4.06,17
1252,Starbucks 비아 콜롬비아 Pro,36,Starbucks,2800,1878,410,18FEB2022,active,3.95,21
1253,오리온 초코파이 Mini,33,오리온,7600,5593,137,25NOV2023,active,3.55,11
1254,H&M 슬랙스 Plus,8,H&M,31400,19882,207,29MAY2023,active,3.9,20
1255,문학동네 데미안 Max,51,문학동네,10600,7108,572,04MAY2025,active,4.25,16
1256,문학동네 홈베이킹 기초 Basic,55,문학동네,14500,10211,306,08JAN2026,active,3.57,14
1257,이마트 소불고기 Premium,30,이마트,2400,1468,265,13JUN2026,active,4.0,22
1258,풀무원 양파망 1.8kg Max,29,풀무원,10100,6199,317,15OCT2025,active,3.86,22
1259,한빛미디어 데일 카네기 인간관계론 Max,54,한빛미디어,34900,26687,112,14OCT2024,active,3.71,24
1260,LG OLED TV Pro,25,LG,512400,367089,377,23DEC2024,active,4.0,17
1261,창비 나는 나로 살기로 했다 Plus,52,창비,17000,11606,453,17AUG2023,active,4.39,23
1262,LG Velvet Mini,15,LG,484700,338793,190,06MAY2026,discontinued,4.05,21
1263,Volvic 1.5L 12개입,38,Volvic,11200,6235,439,30DEC2025,active,4.21,19
1264,MUJI Jogger Lite,4,MUJI,72800,50389,186,28MAR2024,active,4.07,15
1265,Xiaomi Redmi Lite,15,Xiaomi,412700,275348,366,09JAN2023,active,4.05,20
1266,Google Pixel Max,15,Google,514800,347758,88,06JAN2025,soldout,3.92,12
1267,Estee Lauder 리페어 크림,62,Estee Lauder,43900,27774,186,03FEB2025,active,4.0,22
1268,Sony BRAVIA,25,Sony,223500,127113,131,05AUG2025,active,3.95,20
1269,MUJI Tech Tee Plus,3,MUJI,75100,44644,559,06JUL2024,active,4.25,16
1270,Tetley 캐모마일 Premium,37,Tetley,16500,12683,375,18JUN2023,active,3.78,23
1271,이니스프리 수분 크림 Premium,62,이니스프리,59800,38511,98,20SEP2022,active,4.13,31
1272,디올 어딕트 Basic,65,디올,14000,9202,33,24FEB2025,active,4.19,16
1273,Twinings 잉글리시 브렉퍼스트 Pro,37,Twinings,1500,843,581,05JUN2022,active,4.06,16
1274,설화수 자정 토너 Plus,61,설화수,45400,25362,170,24JAN2024,active,4.16,19
1275,길벗 지적 대화를 위한 넓고 얕은 지식 Plus,54,길벗,12000,8579,365,08JUL2023,discontinued,4.12,17
1276,MLB 플리스 Pro,5,MLB,43100,29039,58,02OCT2024,active,3.95,22
1277,한빛미디어 JLPT N2,57,한빛미디어,30100,20076,180,25JUL2023,active,4.08,13
1278,송월타월 호텔 수건 6매 Premium,45,송월타월,9000,5453,18,23FEB2022,discontinued,3.78,32
1279,에듀윌 컴활 1급 Premium,58,에듀윌,14000,10098,225,22JUL2023,discontinued,3.65,17
1280,위즈덤하우스 죽고 싶지만 떡볶이는 먹고 싶어,52,위즈덤하우스,18200,10714,472,06MAY2024,soldout,3.94,16
1281,LG gram Premium,19,LG,203100,120577,94,29AUG2023,active,4.07,14
1282,CJ 상추 200g Max,29,CJ,2800,1836,296,04MAY2025,soldout,4.14,22
1283,문법의 원리 토익 스피킹 Plus,57,문법의 원리,16400,10099,592,26MAR2024,active,4.06,18
1284,TCL C815 Lite,25,TCL,369400,224194,174,05DEC2025,active,4.25,20
1285,Lenovo ThinkPad Tab Pro,16,Lenovo,637300,445093,221,24JUN2022,active,4.29,17
1286,Apple MacBook Premium,19,Apple,2325800,1627416,53,03JUL2024,active,3.88,25
1287,Winia 공기청정기 Basic,24,Winia,469500,347260,402,03MAY2023,active,4.38,16
1288,Nescafe 골드 블렌드 Premium,36,Nescafe,2700,1744,317,11SEP2024,soldout,3.62,21
1289,이마트 오이 5개 Premium,29,이마트,13200,7481,348,23JUL2023,active,4.05,22
1290,나이키키즈 반바지 Mini,12,나이키키즈,15000,9194,442,18JUN2026,active,4.32,28
1291,LG생활건강 고무장갑 Max,47,LG생활건강,5800,4497,579,12MAY2022,active,3.87,38
1292,Pulmuone 햇반 Pro,32,Pulmuone,3200,2198,539,27NOV2022,active,4.06,18
1293,Hisense ULED Mini,25,Hisense,373300,266252,281,10SEP2023,active,3.79,19
1294,Ottogi 햄 캔 Mini,34,Ottogi,3100,1710,359,13FEB2026,active,4.1,21
1295,해커스 영어 회화 100일 Basic,57,해커스,16100,10773,7,27AUG2023,active,3.94,16
1296,Midea 무선청소기 Plus,24,Midea,521600,291382,562,07MAR2022,active,4.3,20
1297,DEW E DEW 셔츠 원피스 Basic,9,DEW E DEW,68900,46915,490,23SEP2022,active,4.0,19
1298,컬럼비아키즈 트레이닝 팬츠 Plus,12,컬럼비아키즈,38300,29176,340,24OCT2022,active,4.22,23
1299,오설록 제주 녹차 Plus,37,오설록,3300,2550,471,30NOV2022,active,3.93,27
1300,이마트 딸기 500g Pro,28,이마트,9900,6675,248,25JUN2025,active,4.28,25
1301,동서 현미녹차 100T Premium,37,동서,2700,1769,234,12FEB2023,active,3.86,22
1302,Lenovo ThinkPad Pro,19,Lenovo,166100,127457,82,17SEP2024,active,3.76,25
1303,Cuchen 밥솥 Max,23,Cuchen,912100,642966,92,10JAN2022,active,4.19,21
1304,제주삼다수 500ml 20개입 Plus,38,제주삼다수,10900,6157,393,27MAY2022,active,4.05,20
1305,메이크업포에버 HD 파운데이션 Mini,64,메이크업포에버,18400,12090,267,24OCT2025,active,4.39,18
1306,평창수 2L 6개입 Premium,38,평창수,3700,2239,416,26JUN2023,active,4.0,34
1307,Downy 주방 세제 Lite,48,Downy,7700,5067,582,22APR2025,active,4.19,16
1308,Microsoft Surface Max,16,Microsoft,538100,352324,528,25JUL2022,active,4.15,26
1309,Samsung 세탁기 Pro,24,Samsung,1250700,855345,252,22SEP2022,discontinued,4.53,19
1310,나이키키즈 카라 티 Basic,11,나이키키즈,55300,34952,121,07AUG2024,active,3.91,32
1311,Samsung QLED TV Max,25,Samsung,823500,484038,9,26AUG2024,active,4.35,17
1312,CJ 스팸 Max,34,CJ,8700,5792,315,05JAN2022,active,4.19,16
1313,아이시스 500ml 40개입 Premium,38,아이시스,4900,3630,272,14OCT2022,active,3.87,23
1314,CJ 비비고 만두 Max,32,CJ,10400,7308,305,22FEB2026,active,4.11,19
1315,롯데 빼빼로 Max,33,롯데,8200,5148,209,09JUN2026,soldout,4.0,19
1316,컬럼비아키즈 체크 셔츠 Lite,11,컬럼비아키즈,86100,65881,463,05JAN2024,active,3.95,20
1317,SteelSeries Arctis,21,SteelSeries,335700,255067,415,28MAY2024,active,4.47,17
1318,Cuckoo 전기포트 Basic,23,Cuckoo,155900,93251,215,30MAY2024,active,4.25,20
1319,카터스 맨투맨 Basic,11,카터스,67900,37960,79,14OCT2023,active,3.94,17
1320,Samsung 갤럭시 Basic,15,Samsung,545700,393177,479,05APR2023,active,4.08,25
1321,카터스 조거팬츠 Plus,12,카터스,30400,22506,546,24APR2024,active,4.27,15
1322,샘표 옥수수 Mini,34,샘표,4100,3167,17,12MAR2022,soldout,3.61,18
1323,Nivea 핸드워시,44,Nivea,61800,46638,164,18FEB2024,active,3.95,22
1324,GS Fresh 수박 1통 Basic,28,GS Fresh,3100,2133,524,04JUN2026,discontinued,4.25,20
1325,락앤락 먼지털이 Max,47,락앤락,8000,5375,201,04SEP2023,soldout,4.08,26
1326,코사홀리 이불 세트 Max,45,코사홀리,14000,7789,345,08JUL2023,active,4.0,17
1327,라네즈 워터 토너 Basic,61,라네즈,60300,36585,365,15JUN2022,active,4.23,30
1328,위즈덤하우스 아주 작은 습관의 힘 Premium,54,위즈덤하우스,40500,26556,447,02MAY2024,active,4.09,23
1329,농협 사과 5kg Basic,28,농협,7700,5348,512,03OCT2023,active,4.2,15
1330,나스 오르가즘 블러셔 Max,65,나스,13800,9358,318,06NOV2024,active,3.5,22
1331,헤라 레조나 토너 Plus,61,헤라,97000,69918,216,20SEP2023,active,4.1,20
1332,LG OLED TV Pro,25,LG,437200,268592,33,31MAY2023,active,3.73,15
1333,Logitech MX Master Pro,21,Logitech,267600,181951,265,07NOV2022,active,4.36,11
1334,무인양품 밀대,47,무인양품,6900,3934,79,27MAR2026,active,4.0,23
1335,Illy 에스프레소 원두,36,Illy,8800,5677,412,24JAN2025,active,4.15,26
1336,YES24 역행자 Basic,54,YES24,17900,12933,251,19JAN2025,active,4.25,12
1337,YES24 아버지의 해방일지 Lite,52,YES24,18700,13267,11,23JAN2025,active,4.05,19
1338,The North Face 후디 자켓 Basic,5,The North Face,78500,61061,400,24OCT2024,active,3.68,25
1339,시원스쿨 TOEIC 실전 Premium,57,시원스쿨,11800,7244,281,03APR2023,active,3.87,15
1340,설화수 자정 안티에이징 Basic,62,설화수,67400,44792,111,22JAN2025,active,4.42,19
1341,에비앙 750ml,38,에비앙,3400,2127,377,13JAN2022,active,3.75,20
1342,롯데 골뱅이 Pro,34,롯데,22300,14524,267,13JAN2026,discontinued,3.78,18
1343,에스티로더 어드밴스드 토너 Max,61,에스티로더,42500,31751,297,11OCT2024,active,4.09,23
1344,Philips 에어프라이어 Basic,23,Philips,254700,180166,316,27FEB2022,active,4.05,20
1345,ZARA Knit Max,7,ZARA,15000,11294,569,16AUG2022,active,4.33,21
1346,메디안 스킨 로션 Max,44,메디안,21700,12950,508,16MAY2026,active,3.74,19
1347,해태 홈런볼 Lite,33,해태,3700,2778,545,02APR2022,active,4.28,32
1348,녹차원 얼그레이 Max,37,녹차원,4400,2480,364,26JUL2024,active,4.12,24
1349,ASUS ROG Pro,20,ASUS,700600,528517,546,06OCT2023,active,4.05,21
1350,풀무원 바나나 1송이 Plus,28,풀무원,9900,6194,270,17APR2023,active,4.26,19
1351,창비 82년생 김지영 Plus,51,창비,26600,16554,473,07OCT2023,active,4.0,23
1352,LG 건조기 Mini,24,LG,218600,145976,536,05JUL2023,active,4.19,21
1353,맥 맥 립스틱 Premium,65,맥,69900,53568,233,06MAR2024,active,3.72,18
1354,Levi's 501 Jeans Basic,4,Levi's,25600,14361,58,28SEP2024,discontinued,3.83,18
1355,교보문고 원씽 Premium,54,교보문고,8000,5048,250,18MAY2026,active,3.86,29
1356,입생로랑 뷰티 넘버 원 Pro,65,입생로랑,14600,10906,85,09JUN2022,active,3.55,20
1357,교보문고 모든 순간이 너였다 Max,52,교보문고,17800,11411,389,01DEC2023,soldout,3.57,14
1358,무인양품 샤워 타월 Plus,45,무인양품,7400,4408,179,12DEC2022,active,4.11,19
1359,MSI MEG Premium,20,MSI,419600,271776,148,20NOV2025,soldout,3.61,18
1360,Lenovo IdeaCentre Pro,20,Lenovo,541900,346099,582,23MAY2023,active,4.2,25
1361,CJ 샤인머스캣 2kg Plus,28,CJ,4300,3270,120,18NOV2025,active,4.36,14
1362,Tide 표백제 Max,48,Tide,9900,7179,255,17DEC2025,active,4.53,15
1363,LG생활건강 샤프란 리필 Premium,48,LG생활건강,6300,4196,308,13FEB2023,discontinued,4.18,11
1364,한빛미디어 데일 카네기 인간관계론 Plus,54,한빛미디어,16400,12748,58,23AUG2023,active,3.37,19
1365,이니스프리 그린티 토너 Basic,61,이니스프리,10000,6570,68,11SEP2025,active,3.82,11
1366,LG생활건강 샴푸 700ml,44,LG생활건강,8800,4957,445,08JAN2024,active,4.0,18
1367,아모레퍼시픽 바디워시 Basic,44,아모레퍼시픽,7600,4638,387,16DEC2025,active,4.18,22
1368,Dyson 냉장고 Mini,24,Dyson,383200,249193,85,03JUN2024,active,3.9,20
1369,Huawei MatePad Mini,16,Huawei,389200,228105,226,19APR2024,active,4.0,27
1370,IKEA 얼굴 수건 Plus,45,IKEA,23700,18200,592,07DEC2025,discontinued,4.17,24
1371,Tetley 캐모마일,37,Tetley,14800,10750,183,05JAN2024,active,4.0,18
1372,설화수 자정 토너 Pro,61,설화수,15200,9297,321,03OCT2024,active,4.2,25
1373,한우자조금 한우 등심 1++ Basic,30,한우자조금,19800,13580,317,23SEP2022,active,3.78,23
1374,MIXXO 데님 Pro,8,MIXXO,22700,16251,565,19AUG2022,soldout,3.8,20
1375,Nike Trefoil Hoodie,3,Nike,40200,30813,398,21MAY2022,soldout,4.28,18
1376,더타올 목욕 수건 Pro,45,더타올,18100,13625,292,26SEP2024,active,4.0,23
1377,Nike 패딩,5,Nike,157400,105220,292,23DEC2024,discontinued,4.0,21
1378,Razer DeathAdder Plus,21,Razer,319500,232650,484,24MAY2026,active,4.26,19
1379,송월타월 호텔 수건 6매 Pro,45,송월타월,4500,3056,446,21OCT2024,active,3.53,17
1380,H&M Cardigan Basic,7,H&M,88800,60128,411,16JUL2024,active,3.83,24
1381,이마트 딸기 500g Max,28,이마트,2700,1556,507,20SEP2024,active,3.69,13
1382,길벗 HSK 5급 Mini,57,길벗,14100,8164,243,11JAN2022,active,4.13,15
1383,Twinings 잉글리시 브렉퍼스트 Max,37,Twinings,2200,1477,419,13AUG2024,active,4.03,33
1384,Adidas AIRism Shirt Pro,3,Adidas,29200,17865,153,23FEB2024,active,4.26,19
1385,Nespresso 커피머신 Max,23,Nespresso,267200,148252,423,30JUL2023,active,3.94,16
1386,Apple iPhone Basic,15,Apple,663800,475448,272,02DEC2023,active,3.76,17
1387,Delonghi 토스터 Basic,23,Delonghi,464300,258834,519,30APR2026,active,3.96,24
1388,맥심 모카 골드 Pro,36,맥심,3000,2060,127,16FEB2022,soldout,4.05,19
1389,MUJI Basic Tee Plus,7,MUJI,66000,44484,372,18JUN2025,active,3.6,10
1390,ASUS ZenBook Max,19,ASUS,515500,398392,567,22DEC2022,active,3.76,25
1391,한빛미디어 JLPT N2 Plus,57,한빛미디어,8000,5290,158,01JUN2024,active,4.26,23
1392,문법의 원리 토익 스피킹 Plus,57,문법의 원리,23500,13268,570,31MAY2024,active,3.71,17
1393,ZARA 플라워 원피스,9,ZARA,40500,27413,569,06MAY2023,active,3.9,21
1394,라네즈 워터 토너 Lite,61,라네즈,68400,50852,175,02FEB2025,active,3.85,20
1395,카누 미니 Pro,36,카누,5300,4130,210,22AUG2023,active,4.03,29
1396,Samsung 갤럭시워치 Mini,17,Samsung,275100,178534,446,01DEC2025,active,4.06,18
1397,HP Omen Basic,20,HP,391300,244041,585,06NOV2025,active,4.0,16
1398,문학동네 언어의 온도 Basic,52,문학동네,22500,17066,166,22AUG2023,active,3.82,17
1399,오설록 제주 녹차 Pro,37,오설록,2800,1663,459,24MAY2025,active,4.07,15
1400,뉴발란스키즈 반팔티,11,뉴발란스키즈,27800,19225,356,16AUG2023,active,4.28,18
1401,MIXXO Turtleneck Premium,7,MIXXO,31700,20393,303,18NOV2025,active,3.76,17
1402,뉴발란스키즈 데님 Premium,12,뉴발란스키즈,18200,10181,232,19MAY2023,active,4.15,26
1403,농협하나로 삼겹살 1kg Premium,30,농협하나로,2800,1763,326,12JAN2022,active,4.2,20
1404,Dove 치약 3개입,44,Dove,14800,9042,181,06JUN2025,active,3.96,25
1405,Samsung 갤럭시탭 Mini,16,Samsung,910200,644240,333,09MAR2023,active,3.43,21
1406,창비 나는 나로 살기로 했다 Basic,52,창비,18500,14212,28,23AUG2025,active,4.27,22
1407,Volvic 1.5L 12개입 Pro,38,Volvic,4700,2874,92,29JUL2022,active,4.22,27
1408,나스 리퀴드 라이트닝,64,나스,18000,13259,329,10FEB2023,active,4.43,21
1409,Adidas 바람막이 Basic,5,Adidas,70000,39391,183,25OCT2024,active,3.6,20
1410,H&M 롱 원피스 Plus,9,H&M,47100,31734,94,31JAN2024,active,3.46,13
1411,Uniqlo A라인 스커트 Max,8,Uniqlo,23700,13419,352,23FEB2025,active,3.89,18
1412,ZARA Culotte Max,8,ZARA,62200,47572,264,29JAN2024,soldout,3.73,11
1413,동원 참치캔,34,동원,7200,5229,18,04DEC2025,active,3.82,11
1414,LG Velvet Basic,15,LG,271500,190410,498,29APR2022,active,4.17,23
1415,길벗 지적 대화를 위한 넓고 얕은 지식 Lite,54,길벗,15600,11536,138,18APR2022,active,4.35,17
1416,CJ 제일제당 닭가슴살 2kg Mini,30,CJ 제일제당,3400,2376,572,27JUN2022,active,4.13,30
1417,샤넬 루쥬 코코 Premium,65,샤넬,144300,111523,524,20MAY2025,active,3.96,26
1418,위즈덤하우스 아주 작은 습관의 힘 Mini,54,위즈덤하우스,20100,14355,254,05AUG2024,active,4.11,19
1419,GS Fresh 수박 1통 Mini,28,GS Fresh,5600,4270,84,21OCT2022,active,4.15,20
1420,Sony BRAVIA,25,Sony,587400,392935,457,21AUG2022,active,3.88,17
1421,Starbucks 비아 콜롬비아 Plus,36,Starbucks,12900,7442,531,11JUN2023,active,4.15,20
1422,Columbia 트렌치코트 Mini,5,Columbia,34500,23166,561,20APR2025,active,3.81,16
1423,애경 스파크 세탁 세제 Max,48,애경,9300,5386,91,03MAY2025,active,4.13,15
1424,YES24 역행자 Plus,54,YES24,22800,15647,599,19JUL2022,active,3.58,19
1425,아이패스 한국사능력검정 Pro,58,아이패스,15200,10046,68,14APR2025,soldout,4.2,15
1426,Dell XPS Tower Mini,20,Dell,232800,161375,36,23FEB2025,active,3.83,29
1427,동서 현미녹차 100T Mini,37,동서,2000,1104,139,24JAN2024,active,3.82,11
1428,Xiaomi Redmi Pro,15,Xiaomi,1107400,658696,565,04FEB2023,active,4.3,23
1429,Uniqlo Blouse Mini,7,Uniqlo,39300,26056,177,20AUG2022,discontinued,3.95,19
1430,Roccat Kone Pro,21,Roccat,310500,238655,136,24FEB2024,active,3.9,20
1431,해커스 영어 회화 100일 Plus,57,해커스,14800,9445,189,05APR2023,active,4.0,13
1432,위즈덤하우스 죽고 싶지만 떡볶이는 먹고 싶어 Max,52,위즈덤하우스,22500,14571,341,13JUL2025,soldout,3.84,25
1433,Apple Apple Watch Pro,17,Apple,370900,264963,558,18NOV2024,active,3.78,18
1434,헤라 블랙 쿠션 Lite,64,헤라,12400,8542,4,11MAR2026,active,3.57,14
1435,MLB 플리스,5,MLB,44100,27287,256,15APR2026,active,3.62,26
1436,광주요 도자기 밥공기,42,광주요,27500,17723,242,21APR2024,active,3.89,28
1437,Nivea 핸드워시 Pro,44,Nivea,26400,15841,414,13MAY2026,active,3.93,30
1438,Google Pixel,15,Google,316200,244164,342,20APR2024,soldout,4.0,23
1439,The North Face 후디 자켓 Mini,5,The North Face,77700,45069,378,26NOV2025,active,4.2,15
1440,녹차원 얼그레이 Premium,37,녹차원,5700,3622,593,30JAN2022,active,3.79,24
1441,YES24 아버지의 해방일지 Premium,52,YES24,26800,14899,145,29DEC2022,active,3.84,19
1442,HP Pavilion,19,HP,624100,375089,322,09JUN2025,active,3.94,17
1443,디올 어딕트 Plus,65,디올,11900,8681,121,06FEB2024,active,3.95,20
1444,Samsung 갤럭시 Basic,15,Samsung,1261700,752314,251,21OCT2025,active,4.0,18
1445,Samsung 전자레인지 Plus,23,Samsung,456300,259367,310,24JAN2023,active,4.07,30
1446,라네즈 수분 로션 Basic,62,라네즈,42000,27683,474,16AUG2025,active,3.74,19
1447,Tetley 캐모마일 Premium,37,Tetley,1900,1049,569,10FEB2024,active,4.2,20
1448,MUJI Wide Pants Premium,8,MUJI,49100,27962,491,22JUL2024,active,4.24,25
1449,Garmin Venu Pro,17,Garmin,857400,630835,574,22MAY2026,active,3.96,28
1450,교보문고 모든 순간이 너였다 Max,52,교보문고,35300,25678,346,29JUN2026,active,3.67,12
1451,Nescafe 골드 블렌드 Lite,36,Nescafe,13000,9886,486,09JUN2025,active,4.05,21
1452,LG 광파오븐 Plus,23,LG,616900,460539,472,28MAR2025,active,4.2,25
1453,시대에듀 ADsP Mini,58,시대에듀,8700,6152,381,12FEB2024,active,4.08,24
1454,아디다스키즈 레깅스 Basic,12,아디다스키즈,39300,22088,279,22NOV2025,active,3.93,30
1455,H&M 슬랙스,8,H&M,25400,18543,71,11JUL2023,active,4.38,13
1456,제주삼다수 500ml 20개입 Mini,38,제주삼다수,5700,4243,520,15AUG2023,active,3.91,22
1457,농협 사과 5kg Max,28,농협,2000,1467,365,20DEC2022,active,4.13,15
1458,스톤헨지 슬립 드레스 Basic,9,스톤헨지,32000,21342,93,18FEB2023,active,4.17,24
1459,시원스쿨 TOEIC 실전 Plus,57,시원스쿨,13200,7967,372,27MAY2025,active,4.31,13
1460,ASUS ROG Pro,20,ASUS,318400,237025,338,03OCT2023,active,3.75,16
1461,MUJI 수저 세트 Mini,42,MUJI,9600,6885,436,21APR2024,active,3.71,24
1462,MIXXO 데님 Max,8,MIXXO,33400,25904,335,19APR2025,active,4.05,20
1463,MSI MEG Plus,20,MSI,525200,307667,491,01JAN2022,active,3.62,21
1464,TCL C815 Premium,25,TCL,100000,60190,39,27APR2026,active,4.09,11
1465,SKII 피테라 에센스 Premium,62,SKII,10000,5987,358,08MAY2022,active,4.43,14
1466,피죤 섬유유연제 Plus,48,피죤,10900,7981,573,26APR2026,active,3.85,27
1467,메디안 스킨 로션 Plus,44,메디안,11800,6997,253,22OCT2024,soldout,4.0,21
1468,Nike 패딩 Plus,5,Nike,40600,22952,580,01AUG2022,active,4.13,15
1469,Estee Lauder 리페어 크림 Basic,62,Estee Lauder,19200,14969,397,08JUN2023,active,4.14,22
1470,문학동네 언어의 온도 Plus,52,문학동네,16300,9058,169,16OCT2024,active,4.0,11
1471,이니스프리 수분 크림 Mini,62,이니스프리,32000,23747,510,18FEB2024,active,4.39,18
1472,Neoflam 실리콘 뒤집개 Max,41,Neoflam,8500,5389,259,09JUL2024,active,4.3,20
1473,Lenovo IdeaCentre Basic,20,Lenovo,812600,604226,583,23MAR2026,active,4.15,20
1474,YES24 아몬드 Plus,51,YES24,17500,11857,458,27JAN2024,active,4.16,19
1475,MIXXO 니트 원피스 Lite,9,MIXXO,50400,38171,528,05JUN2023,active,4.47,17
1476,Illy 에스프레소 원두,36,Illy,5100,3891,340,05MAR2023,active,3.7,23
1477,GS Fresh 당근 1kg Lite,29,GS Fresh,21400,11814,56,15OCT2024,active,4.47,17
1478,Winia 공기청정기 Max,24,Winia,632700,358959,217,19MAY2025,active,4.07,27
1479,설화수 자정 안티에이징 Premium,62,설화수,22100,13427,463,13FEB2024,soldout,4.0,21
1480,IKEA 샐러드볼 Pro,42,IKEA,21800,15345,246,08NOV2024,active,4.0,15
1481,교보문고 한강 소년이 온다 Pro,51,교보문고,8400,6336,372,22OCT2023,active,3.93,28
1482,입생로랑 뚜쉬 에끌라,64,입생로랑,31900,20919,416,11MAY2022,active,4.0,14
1483,HP Omen Premium,20,HP,535700,369420,30,08FEB2025,active,3.85,20
1484,Twinings 잉글리시 브렉퍼스트 Basic,37,Twinings,5300,3144,367,21DEC2023,active,3.84,19
1485,나스 오르가즘 블러셔 Basic,65,나스,24300,17863,558,11JAN2022,active,3.95,22
1486,YES24 와인 입문 Basic,55,YES24,10800,8342,107,10JAN2024,active,4.22,18
1487,Tefal 프라이팬 28cm Pro,41,Tefal,8300,5077,583,12APR2025,active,3.72,18
1488,한국산업인력공단 SQLD Lite,58,한국산업인력공단,16900,11218,417,20AUG2022,soldout,4.05,19
1489,아디다스키즈 후드 티 Pro,11,아디다스키즈,18600,10598,397,15MAY2022,active,4.06,16
1490,Uniqlo A라인 스커트 Mini,8,Uniqlo,105000,71253,271,03MAY2026,discontinued,4.11,27
1491,3M 테이프 클리너 Plus,47,3M,3000,1996,115,30APR2026,active,3.97,29
1492,Ottogi 햄 캔 Basic,34,Ottogi,3900,2274,585,28JAN2025,soldout,4.12,16
1493,맥 맥 립스틱 Lite,65,맥,31700,20658,255,07MAR2023,active,3.85,20
1494,Apple iPad Max,16,Apple,599800,375981,80,22JAN2026,active,4.42,26
1495,Downy 주방 세제,48,Downy,7700,5159,127,07AUG2024,active,4.15,26
1496,코사홀리 이불 세트 Max,45,코사홀리,26300,18007,234,18OCT2023,active,4.11,19
1497,헤라 레조나 토너 Plus,61,헤라,12800,7065,552,16AUG2024,active,3.96,23
1498,Scotch-Brite 수세미 Lite,47,Scotch-Brite,9500,6887,180,08JUN2026,active,3.92,25
1499,풀무원 바나나 1송이 Pro,28,풀무원,7500,5354,156,25MAR2024,active,3.88,17
1500,교보문고 백종원의 육아 레시피 Pro,55,교보문고,24700,15665,453,12NOV2023,active,4.53,15
1501,Uniqlo EZY Ankle Mini,4,Uniqlo,15600,8769,570,11FEB2026,active,3.95,21
1502,Corsair K95 Mini,21,Corsair,2163000,1565221,23,16JAN2023,active,4.0,23
1503,Dell XPS Tower Pro,20,Dell,258200,198734,472,05AUG2025,active,4.27,22
1504,LG생활건강 샴푸 700ml Max,44,LG생활건강,6000,3631,399,01NOV2022,active,4.36,14
1505,Dell XPS,19,Dell,598100,373460,591,30NOV2024,active,3.72,25
1506,에스티로더 어드밴스드 토너 Basic,61,에스티로더,24100,14273,133,07JUN2024,soldout,4.23,13
1507,ZARA Slim Chino Max,4,ZARA,26900,18364,420,13FEB2024,active,3.91,22
1508,Tide 표백제,48,Tide,19000,11126,212,08APR2024,active,3.95,22
1509,ASUS ROG Mini,20,ASUS,176900,111787,481,23JUL2024,active,3.95,20
1510,Fissler 압력솥 Plus,41,Fissler,4800,3409,347,31JAN2022,active,4.0,28
1511,에스티로더 더블 웨어,64,에스티로더,20700,14051,165,11JAN2026,active,3.88,26
1512,Hisense ULED Pro,25,Hisense,844700,539667,347,13MAY2026,active,3.89,18
1513,라네즈 수분 로션 Mini,62,라네즈,21300,13773,397,01FEB2023,active,4.28,18
1514,LG생활건강 고무장갑 Mini,47,LG생활건강,34800,23639,582,27SEP2024,active,4.2,20
1515,창비 나는 나로 살기로 했다 Basic,52,창비,26300,14500,434,24APR2025,active,3.62,24
1516,맥심 모카 골드 Pro,36,맥심,5900,3351,576,28JUL2024,active,3.75,28
1517,교보문고 원씽 Basic,54,교보문고,18600,14000,220,19NOV2024,active,4.09,22
1518,DEW E DEW 셔츠 원피스 Pro,9,DEW E DEW,43000,24420,307,12JAN2024,active,4.07,14
1519,농협 감자 3kg Basic,29,농협,5400,3847,465,16OCT2023,active,4.12,17
1520,무인양품 샤워 타월,45,무인양품,10700,8149,98,27APR2022,active,3.86,21
1521,나이키키즈 카라 티 Max,11,나이키키즈,31200,19102,241,21SEP2023,active,4.07,15
1522,Lenovo ThinkPad Tab Plus,16,Lenovo,232800,147877,157,17APR2022,active,4.06,16
1523,메이크업포에버 HD 파운데이션 Plus,64,메이크업포에버,10000,6808,553,01MAY2026,active,4.4,10
1524,LG생활건강 샤프란 리필 Pro,48,LG생활건강,25900,19497,226,23MAR2022,active,4.19,21
1525,위즈덤하우스 죽고 싶지만 떡볶이는 먹고 싶어 Lite,52,위즈덤하우스,17300,13262,422,18APR2022,active,3.88,16
1526,Corelle 접시 세트 Premium,42,Corelle,13400,9649,71,13MAR2023,active,3.85,20
1527,Cuchen 밥솥 Mini,23,Cuchen,561800,320182,242,29JUN2026,active,4.5,12
1528,IKEA 얼굴 수건 Mini,45,IKEA,8100,5701,529,04OCT2023,active,4.09,33
1529,길벗 HSK 5급 Pro,57,길벗,10900,7023,588,23JAN2022,active,4.17,23
1530,아모레퍼시픽 바디워시,44,아모레퍼시픽,11200,7372,44,17FEB2022,active,4.35,26
1531,농심 새우깡 Basic,33,농심,12800,7184,471,09MAR2024,active,4.21,24
1532,ZARA Knit Lite,7,ZARA,18000,10690,370,19JAN2024,active,4.12,17
1533,풀무원 양념갈비 Max,30,풀무원,1500,1097,91,20OCT2024,active,4.05,20
1534,애경 스파크 세탁 세제 Basic,48,애경,9700,6347,21,24JAN2025,active,3.55,20
1535,길벗 집에서 만드는 파스타 Basic,55,길벗,25700,15918,171,30OCT2023,active,3.71,17
1536,H&M Cardigan Pro,7,H&M,15000,9574,191,13JUL2023,active,3.93,29
1537,락앤락 냄비 세트 Pro,41,락앤락,6500,4852,76,06JAN2022,active,4.11,27
1538,Samsung QLED TV,25,Samsung,518200,374280,280,26SEP2022,soldout,4.61,18
1539,Samsung 갤럭시북 Mini,19,Samsung,2067600,1266679,363,12DEC2024,active,3.9,20
1540,CJ 포스틱 Pro,33,CJ,1800,1038,178,22SEP2024,active,3.77,22
1541,LG OLED TV Pro,25,LG,191300,116302,237,12JUL2024,active,3.87,23
1542,Microsoft Surface Pro,16,Microsoft,542100,412957,134,10NOV2023,active,4.17,24
1543,Uniqlo Basic Tee,3,Uniqlo,74800,51145,279,01MAR2025,active,3.89,18
1544,오리온 초코파이 Mini,33,오리온,3100,2085,18,10MAR2025,active,4.09,22
1545,평창수 2L 6개입 Max,38,평창수,1500,1030,594,28JAN2026,active,4.11,19
1546,CJ 샤인머스캣 2kg Max,28,CJ,6600,4185,370,22SEP2023,discontinued,4.24,17
1547,HyperX Cloud II Premium,21,HyperX,639700,470585,111,26NOV2023,active,4.1,20
1548,Dove 치약 3개입 Premium,44,Dove,38800,26009,220,15DEC2025,active,4.22,23
1549,LG gram Pro,19,LG,656100,378472,303,23NOV2024,active,3.87,23
1550,위즈덤하우스 캠핑 요리 Premium,55,위즈덤하우스,22700,13158,324,22APR2025,active,4.0,21
1551,한빛미디어 데일 카네기 인간관계론 Mini,54,한빛미디어,14600,9832,436,22MAR2023,active,3.14,7
1552,Apple MacBook,19,Apple,1914300,1465226,437,01MAY2025,active,4.43,21
1553,컬럼비아키즈 체크 셔츠 Max,11,컬럼비아키즈,28500,17696,169,29MAY2024,active,3.9,21
1554,Nivea 핸드워시 Basic,44,Nivea,9200,6899,374,30AUG2024,active,3.81,16
1555,Fitbit Charge Max,17,Fitbit,1310200,950867,556,15NOV2025,active,4.06,16
1556,민음사 무진기행 Max,51,민음사,9000,5462,380,05AUG2022,active,3.73,15
1557,ZARA 플라워 원피스 Mini,9,ZARA,15000,8375,13,17SEP2022,discontinued,4.0,20
1558,Cuckoo 전기포트 Premium,23,Cuckoo,475300,272548,499,19JUL2024,active,4.48,29
1559,피죤 섬유유연제 Basic,48,피죤,13300,9543,390,10JAN2025,active,3.5,16
1560,Xiaomi Mi Band Mini,17,Xiaomi,385800,229907,548,28JAN2023,active,4.06,16
1561,CJ 스팸 Pro,34,CJ,9800,6226,564,26FEB2024,active,4.07,27
1562,아이시스 500ml 40개입,38,아이시스,2600,1730,529,08APR2026,active,4.05,22
1563,YES24 아버지의 해방일지 Plus,52,YES24,16700,11971,491,25SEP2023,active,4.11,18
1564,교보문고 모든 순간이 너였다 Max,52,교보문고,14100,8122,549,25APR2022,active,4.27,26
1565,메디안 스킨 로션 Plus,44,메디안,7800,5019,384,08MAY2022,active,3.76,21
1566,MUJI Basic Tee,7,MUJI,34900,23088,195,07JUN2024,active,3.94,17
1567,Sony BRAVIA,25,Sony,737800,497565,299,29NOV2025,active,4.05,22
1568,길벗 지적 대화를 위한 넓고 얕은 지식 Mini,54,길벗,38100,28126,546,26JUN2026,active,4.06,18
1569,MSI MEG Mini,20,MSI,626300,369195,307,30SEP2025,active,4.1,21
1570,나스 리퀴드 라이트닝 Mini,64,나스,10000,7358,251,07JAN2022,active,4.08,24
1571,이니스프리 그린티 토너 Plus,61,이니스프리,29000,20571,7,01JUN2023,discontinued,4.0,15
1572,Philips 에어프라이어 Mini,23,Philips,455800,308964,207,06JUL2024,active,3.96,26
1573,LG생활건강 샴푸 700ml,44,LG생활건강,23400,16634,130,24OCT2022,active,4.05,20
1574,아모레퍼시픽 바디워시 Pro,44,아모레퍼시픽,14900,9606,25,16AUG2024,active,3.53,19
1575,Samsung 갤럭시워치 Mini,17,Samsung,938300,545932,453,07NOV2022,active,4.4,25
1576,Downy 주방 세제 Lite,48,Downy,16800,11812,185,08AUG2023,active,3.95,20
1577,H&M Cargo Pants Premium,4,H&M,92500,62037,483,19AUG2022,soldout,3.96,24
1578,SteelSeries Arctis Plus,21,SteelSeries,340000,236999,50,18SEP2023,soldout,4.09,22
1579,이마트 소불고기 Lite,30,이마트,5400,3389,4,23JAN2023,active,4.05,21
1580,롯데 빼빼로 Mini,33,롯데,8700,6599,588,18JUN2024,active,4.14,22
1581,Apple Apple Watch,17,Apple,313800,214982,159,16AUG2025,active,4.06,18
1582,Cuchen 전기밥솥 Pro,41,Cuchen,8300,4728,207,31JAN2025,active,3.9,10
1583,Adidas 바람막이 Max,5,Adidas,24800,16205,256,09DEC2023,active,3.46,13
1584,TCL C815 Basic,25,TCL,282200,204302,204,31MAR2026,active,3.78,18
1585,한샘 유리컵 6개 Premium,42,한샘,18200,13334,10,19JUN2024,active,4.08,24
1586,Dove 치약 3개입 Basic,44,Dove,4400,2920,7,27NOV2024,active,4.0,25
1587,Ottogi 오뚜기 카레 Mini,32,Ottogi,1600,1209,408,21FEB2025,active,3.78,18
1588,Midea 무선청소기 Premium,24,Midea,1352700,827262,31,29SEP2024,active,3.79,19
1589,한빛미디어 JLPT N2 Premium,57,한빛미디어,12200,7862,539,29JUL2024,active,3.94,17
1590,한우자조금 한우 등심 1++ Pro,30,한우자조금,5600,4237,386,21APR2024,active,3.67,21
1591,H&M 롱 원피스 Premium,9,H&M,15000,11342,227,06MAY2025,active,3.78,18
1592,풀무원 양파망 1.8kg Plus,29,풀무원,5200,3680,474,24MAR2025,active,4.0,25
1593,ZARA Culotte Lite,8,ZARA,23500,17567,206,10AUG2025,active,3.87,30
1594,Columbia 트렌치코트 Lite,5,Columbia,15000,8556,317,28OCT2022,active,3.9,20
1595,ZARA Slim Polo Lite,3,ZARA,80900,60589,556,03APR2025,active,4.31,16
1596,해커스 정보처리기사 Plus,58,해커스,26100,16279,347,10OCT2022,soldout,4.15,20
1597,Nespresso 커피머신 Basic,23,Nespresso,414800,245153,233,10APR2024,active,4.05,19
1598,문학동네 언어의 온도 Pro,52,문학동네,24300,14702,43,09MAY2023,active,4.0,19
1599,위즈덤하우스 아주 작은 습관의 힘 Premium,54,위즈덤하우스,34900,22550,141,05JAN2026,active,4.44,18
1600,오설록 제주 녹차 Plus,37,오설록,8300,5044,175,25AUG2022,soldout,3.89,18
1601,카누 미니 Lite,36,카누,6800,4241,448,04JAN2022,active,4.0,28
1602,Lenovo ThinkPad Mini,19,Lenovo,498500,289650,591,12AUG2025,discontinued,4.45,20
1603,이마트 딸기 500g Max,28,이마트,7700,4759,81,16SEP2024,active,3.89,19
1604,Delonghi 토스터 Premium,23,Delonghi,355600,242385,134,28JUL2023,soldout,4.05,20
1605,Samsung 세탁기 Plus,24,Samsung,374700,244164,176,10MAY2023,active,3.96,26
1606,Neoflam 실리콘 뒤집개,41,Neoflam,17500,11020,382,25MAY2022,active,4.06,18
1607,나이키키즈 반바지 Plus,12,나이키키즈,27300,19701,242,18OCT2025,active,4.26,23
1608,동서 현미녹차 100T Pro,37,동서,3800,2870,566,08AUG2023,discontinued,4.2,15
1609,Hisense ULED Pro,25,Hisense,442400,320324,140,15JUN2025,active,3.93,29
1610,Nivea 핸드워시 Plus,44,Nivea,26600,16661,456,28AUG2024,active,4.04,25
1611,컬럼비아키즈 트레이닝 팬츠 Lite,12,컬럼비아키즈,18400,13270,439,11MAR2022,active,3.73,15
1612,Samsung 전자레인지 Max,23,Samsung,697600,408064,55,24JUN2025,active,4.2,20
1613,Tefal 프라이팬 28cm Premium,41,Tefal,21400,12411,526,04DEC2024,active,4.0,20
1614,카터스 맨투맨 Pro,11,카터스,58100,36573,418,13NOV2024,soldout,3.79,24
1615,MLB 플리스 Premium,5,MLB,22300,16407,87,21DEC2023,active,3.89,19
1616,메디안 스킨 로션 Lite,44,메디안,4800,2911,7,14JUL2025,active,3.77,13
1617,Starbucks 비아 콜롬비아 Premium,36,Starbucks,7200,4064,476,29AUG2022,active,4.09,23
1618,The North Face 후디 자켓 Mini,5,The North Face,40600,23559,214,11JUN2023,active,4.09,22
1619,농협하나로 삼겹살 1kg Pro,30,농협하나로,9900,7400,551,13JUL2025,active,3.88,16
1620,LG 광파오븐 Lite,23,LG,290500,202121,496,18APR2024,active,4.31,32
1621,녹차원 얼그레이 Lite,37,녹차원,8300,5048,502,15FEB2025,active,4.07,15
1622,더타올 목욕 수건 Max,45,더타올,25100,17010,244,19NOV2023,active,3.65,20
1623,Logitech MX Master Max,21,Logitech,417800,280487,477,01FEB2022,active,4.39,18
1624,뉴발란스키즈 반팔티 Mini,11,뉴발란스키즈,46600,32654,308,03APR2023,active,4.11,18
1625,Samsung QLED TV Lite,25,Samsung,556300,335801,230,17DEC2025,soldout,4.32,25
1626,CJ 제일제당 닭가슴살 2kg Basic,30,CJ 제일제당,2700,2021,382,17APR2026,active,4.11,18
1627,문학동네 홈베이킹 기초 Lite,55,문학동네,20100,12485,154,23JUL2025,active,4.23,26
1628,Apple iPhone Max,15,Apple,1171100,831071,174,18DEC2024,active,4.05,19
1629,에듀윌 컴활 1급 Basic,58,에듀윌,16400,9080,114,29MAY2024,active,3.68,22
1630,해태 홈런볼 Pro,33,해태,1700,1080,389,23JAN2025,active,4.33,27
1631,MUJI Jogger Pro,4,MUJI,24000,15141,310,02JUL2024,active,4.11,18
1632,Nescafe 골드 블렌드 Premium,36,Nescafe,1500,1012,299,27MAR2024,active,4.36,14
1633,카터스 조거팬츠 Plus,12,카터스,78700,44601,17,02JUL2025,active,4.0,23
1634,Garmin Venu Max,17,Garmin,699700,511991,11,14JUN2024,active,4.45,22
1635,Lenovo IdeaCentre Plus,20,Lenovo,327400,196469,403,18JUL2024,discontinued,3.88,17
1636,LG OLED TV Basic,25,LG,188900,133310,231,17JAN2025,active,4.25,20
1637,뉴발란스키즈 데님 Max,12,뉴발란스키즈,22000,16164,277,07JUN2026,discontinued,4.12,25
1638,동원 동원 참치 Mini,32,동원,3100,2105,352,25DEC2022,active,4.21,19
1639,GS Fresh 수박 1통 Lite,28,GS Fresh,5300,3818,302,08FEB2023,active,4.37,19
1640,송월타월 호텔 수건 6매 Mini,45,송월타월,13900,9760,540,23JUL2022,active,4.14,21
1641,농협 사과 5kg Basic,28,농협,12500,7897,469,24DEC2023,active,3.46,13
1642,락앤락 먼지털이 Max,47,락앤락,8800,6477,76,23FEB2023,active,3.86,14
1643,아이패스 한국사능력검정,58,아이패스,8900,5498,520,05JUN2026,active,4.32,19
1644,Tide 표백제 Basic,48,Tide,6600,4497,23,30DEC2025,active,4.07,29
1645,Fitbit Charge,17,Fitbit,436300,314764,14,19FEB2022,active,4.25,24
1646,Tetley 캐모마일 Lite,37,Tetley,2900,1847,524,05JUL2026,soldout,3.69,13
1647,문학동네 데미안 Pro,51,문학동네,14500,8984,346,09FEB2023,active,4.18,22
1648,시대에듀 ADsP Pro,58,시대에듀,13600,8916,171,25DEC2025,active,3.59,22
1649,헤라 블랙 쿠션 Basic,64,헤라,53800,39711,326,27MAY2022,active,4.42,19
1650,아디다스키즈 레깅스 Plus,12,아디다스키즈,25500,19478,484,23JAN2024,active,3.94,16
1651,Xiaomi Mi Band Max,17,Xiaomi,352700,238202,488,03MAR2023,active,3.78,9
1652,농심 새우깡 Max,33,농심,8100,5687,461,14JUL2025,active,4.22,23
1653,Illy 에스프레소 원두 Pro,36,Illy,3300,2500,377,27JUN2022,active,3.92,13
1654,입생로랑 뚜쉬 에끌라 Premium,64,입생로랑,38300,21933,587,01JUL2026,active,4.14,22
1655,Sony BRAVIA Mini,25,Sony,539700,325643,163,04AUG2022,active,3.62,16
1656,ASUS ZenBook Premium,19,ASUS,481600,343403,371,07OCT2024,active,4.0,15
1657,LG생활건강 샤프란 리필 Lite,48,LG생활건강,6700,4954,572,03APR2026,soldout,4.19,16
1658,Cuchen 밥솥 Mini,23,Cuchen,925200,691232,423,03MAR2024,active,3.81,21
1659,LG 건조기 Mini,24,LG,1676800,1082331,476,21SEP2022,active,4.0,18
1660,CJ 포스틱 Basic,33,CJ,4900,2795,381,16DEC2023,discontinued,4.26,23
1661,광주요 도자기 밥공기 Pro,42,광주요,7100,4619,154,18DEC2024,active,4.12,25
1662,풀무원 양념갈비 Premium,30,풀무원,5000,3015,256,20MAY2022,active,4.0,17
1663,창비 82년생 김지영 Premium,51,창비,24200,14930,67,16MAY2026,active,3.76,17
1664,Huawei MatePad Pro,16,Huawei,305800,222506,343,05JUN2024,active,4.26,31
1665,SKII 피테라 에센스 Premium,62,SKII,27500,15602,276,18JUN2024,discontinued,4.28,25
1666,애경 스파크 세탁 세제,48,애경,16300,12067,390,14JUN2022,active,3.79,14
1667,YES24 아몬드 Pro,51,YES24,26400,17116,448,11JUN2022,active,4.25,20
1668,Levi's 501 Jeans Basic,4,Levi's,57800,39714,258,08JUL2022,active,3.62,21
1669,교보문고 한강 소년이 온다 Plus,51,교보문고,22600,12896,306,19JUN2024,discontinued,4.13,23
1670,민음사 무진기행 Mini,51,민음사,13700,8598,94,24NOV2025,active,3.96,24
1671,에스티로더 더블 웨어 Basic,64,에스티로더,37800,21569,463,31AUG2023,active,4.11,19
1672,HP Omen Max,20,HP,286800,221167,245,06MAY2025,soldout,3.89,18
1673,코사홀리 이불 세트 Lite,45,코사홀리,22100,16258,186,18MAY2024,active,3.91,22
1674,문학동네 데미안 Plus,51,문학동네,25800,16917,372,10AUG2025,active,4.22,18
1675,Dell XPS Tower Max,20,Dell,616600,370840,571,15NOV2024,active,4.14,22
1676,에비앙 750ml Mini,38,에비앙,3800,2905,405,19NOV2022,active,3.95,19
1677,오리온 초코파이 Premium,33,오리온,4200,2642,407,27DEC2024,active,3.84,31
1678,설화수 자정 토너 Pro,61,설화수,87800,51540,124,03JAN2022,active,4.19,26
1679,Uniqlo EZY Ankle Mini,4,Uniqlo,29400,19978,336,26FEB2026,active,3.89,19
1680,한국산업인력공단 SQLD Basic,58,한국산업인력공단,24800,19023,340,26SEP2025,active,3.95,19
1681,라네즈 워터 토너 Lite,61,라네즈,36400,20052,562,18MAR2022,active,3.64,25
1682,Volvic 1.5L 12개입 Basic,38,Volvic,3800,2298,177,06JUN2022,active,3.75,20
1683,Cuckoo 전기포트 Plus,23,Cuckoo,197400,151177,169,22MAR2026,active,4.06,16
1684,창비 나는 나로 살기로 했다 Plus,52,창비,17700,10431,38,28APR2024,soldout,3.68,19
1685,입생로랑 뷰티 넘버 원 Lite,65,입생로랑,31400,18087,68,12JUN2024,active,4.13,23
1686,Estee Lauder 리페어 크림,62,Estee Lauder,87800,59804,235,09MAY2024,soldout,3.94,33
1687,Samsung 갤럭시워치 Max,17,Samsung,264000,197531,559,26APR2024,active,4.38,24
1688,Nike 패딩 Max,5,Nike,143800,94869,380,04FEB2026,active,3.91,22
1689,스톤헨지 슬립 드레스 Plus,9,스톤헨지,45500,35433,56,04FEB2023,active,3.64,11
1690,LG Velvet Plus,15,LG,554900,391875,276,09NOV2024,active,3.93,15
1691,MIXXO 니트 원피스 Premium,9,MIXXO,25400,14402,98,08APR2026,active,4.0,16
1692,Xiaomi Redmi Pro,15,Xiaomi,534300,415873,526,26FEB2024,active,4.62,16
1693,헤라 레조나 토너 Premium,61,헤라,39400,25366,324,15NOV2023,discontinued,3.76,21
1694,무인양품 밀대 Premium,47,무인양품,23400,14416,460,27MAR2022,active,4.05,21
1695,피죤 섬유유연제,48,피죤,7400,5019,178,24JAN2024,active,4.04,24
1696,메이크업포에버 HD 파운데이션 Max,64,메이크업포에버,69100,42841,573,05MAR2023,soldout,4.33,15
1697,HP Pavilion,19,HP,549500,313151,118,21JUN2026,discontinued,3.58,19
1698,나이키키즈 반바지,12,나이키키즈,52300,28782,468,30AUG2022,soldout,4.06,16
1699,컬럼비아키즈 트레이닝 팬츠 Lite,12,컬럼비아키즈,31800,20778,548,05MAY2023,active,4.04,28
1700,MUJI 수저 세트 Max,42,MUJI,7600,5642,454,11OCT2025,active,3.95,20
1701,이마트 소불고기 Pro,30,이마트,5100,3476,25,07APR2022,active,4.21,19
1702,아디다스키즈 후드 티 Basic,11,아디다스키즈,40600,31660,489,22AUG2024,active,4.15,26
1703,Apple Apple Watch Plus,17,Apple,192600,118636,7,26APR2026,active,3.75,20
1704,한우자조금 한우 등심 1++ Plus,30,한우자조금,8500,5223,515,13MAR2023,active,4.25,20
1705,Dyson 냉장고 Pro,24,Dyson,804400,471975,532,13SEP2022,active,4.15,13
1706,MIXXO Turtleneck,7,MIXXO,23400,13752,148,26SEP2023,active,3.85,13
1707,DEW E DEW 셔츠 원피스 Premium,9,DEW E DEW,19600,12065,487,29SEP2024,active,4.08,26
1708,롯데 빼빼로 Lite,33,롯데,3900,2856,24,26SEP2025,active,3.81,26
1709,제주삼다수 500ml 20개입,38,제주삼다수,4900,3715,554,06FEB2023,active,3.71,14
1710,Adidas 바람막이 Plus,5,Adidas,30900,23924,424,17APR2022,active,3.67,30
1711,나스 리퀴드 라이트닝 Mini,64,나스,28600,17258,292,07JUN2024,active,4.0,17
1712,샤넬 루쥬 코코 Premium,65,샤넬,33900,25516,184,18SEP2022,active,3.85,20
1713,Razer DeathAdder Plus,21,Razer,194600,121722,553,10JUN2023,active,4.15,26
1714,Garmin Venu Mini,17,Garmin,208500,120086,430,28OCT2022,active,4.32,28
1715,풀무원 바나나 1송이,28,풀무원,1500,1125,316,05JUL2025,active,4.0,18
1716,Dell XPS Pro,19,Dell,778800,542281,397,04JUL2026,active,3.7,23
1717,샘표 옥수수 Pro,34,샘표,4900,2880,323,05JAN2026,active,4.29,21
1718,Samsung 갤럭시북 Premium,19,Samsung,829600,538295,564,10JUN2022,active,4.38,16
1719,ASUS ROG Plus,20,ASUS,223500,137691,595,18SEP2025,active,3.37,19
1720,Twinings 잉글리시 브렉퍼스트 Max,37,Twinings,4900,3525,545,05NOV2022,active,4.38,21
1721,CJ 상추 200g Mini,29,CJ,5700,3729,75,13DEC2025,active,3.95,19
1722,YES24 와인 입문 Lite,55,YES24,13000,10107,485,02FEB2023,active,4.4,10
1723,카터스 조거팬츠 Plus,12,카터스,15000,8438,87,12OCT2023,active,4.05,19
1724,LG생활건강 샴푸 700ml Lite,44,LG생활건강,38000,24002,231,17MAR2022,active,4.32,19
1725,Downy 주방 세제 Plus,48,Downy,30900,20419,6,28AUG2025,active,3.89,18
1726,CJ 샤인머스캣 2kg Max,28,CJ,3700,2463,549,17OCT2024,active,4.61,23
1727,ZARA 플라워 원피스 Max,9,ZARA,49300,30697,51,07JUL2026,active,3.96,26
1728,이마트 딸기 500g Premium,28,이마트,3500,2512,395,29JUL2022,active,4.17,18
1729,이마트 오이 5개 Premium,29,이마트,2400,1802,220,05JUL2024,active,4.27,15
1730,해태 홈런볼 Max,33,해태,17600,13479,427,14AUG2024,active,4.06,17
1731,문법의 원리 토익 스피킹 Basic,57,문법의 원리,8400,6175,142,27NOV2022,active,3.55,20
1732,Tide 표백제 Max,48,Tide,11200,8351,362,25SEP2023,active,3.95,22
1733,헤라 블랙 쿠션 Pro,64,헤라,31200,21110,381,29SEP2022,active,3.94,31
1734,Columbia 트렌치코트 Pro,5,Columbia,97800,72367,560,30MAY2024,active,3.83,24
1735,IKEA 샐러드볼 Basic,42,IKEA,22800,14131,276,25NOV2022,active,4.41,17
1736,Samsung 갤럭시탭,16,Samsung,162200,104075,270,25JUN2024,active,3.5,14
1737,YES24 역행자 Mini,54,YES24,16200,10090,13,20JUL2023,active,3.8,20
1738,아모레퍼시픽 바디워시,44,아모레퍼시픽,13500,8876,297,29NOV2024,active,4.1,20
1739,Philips 에어프라이어 Lite,23,Philips,385700,237469,463,01JUL2026,discontinued,4.43,21
1740,창비 82년생 김지영,51,창비,20900,16117,526,25JUL2023,active,3.84,19
1741,나이키키즈 카라 티 Plus,11,나이키키즈,15500,9640,233,18OCT2024,active,3.85,20
1742,LG gram,19,LG,346200,198216,574,23SEP2022,active,3.81,21
1743,무인양품 샤워 타월 Plus,45,무인양품,17800,11946,26,25MAY2025,active,4.29,14
1744,풀무원 풀무원 두부 Basic,32,풀무원,7900,4448,470,02FEB2025,discontinued,4.0,21
1745,3M 테이프 클리너 Pro,47,3M,14600,8401,92,12MAY2022,active,4.2,20
1746,맥심 모카 골드 Premium,36,맥심,4000,2401,308,28FEB2022,active,4.08,25
1747,농협하나로 삼겹살 1kg Plus,30,농협하나로,4500,2955,51,28APR2026,active,4.27,11
1748,해커스 영어 회화 100일 Pro,57,해커스,21900,14227,318,28NOV2025,active,4.16,19
1749,Uniqlo Blouse Mini,7,Uniqlo,37000,27155,180,28APR2025,active,4.24,17
1750,Corelle 접시 세트 Lite,42,Corelle,7100,5112,568,10FEB2023,active,3.0,8
1751,CJ 제일제당 닭가슴살 2kg Mini,30,CJ 제일제당,2000,1296,119,21SEP2024,active,4.24,17
1752,카누 미니 Basic,36,카누,1700,1065,42,11OCT2024,active,4.32,25
1753,LG생활건강 샤프란 리필,48,LG생활건강,31900,19866,259,29OCT2025,soldout,4.21,19
1754,입생로랑 뚜쉬 에끌라,64,입생로랑,48200,35090,196,21SEP2022,active,4.0,23
1755,교보문고 백종원의 육아 레시피 Max,55,교보문고,15600,8766,254,15AUG2024,active,4.0,16
1756,위즈덤하우스 죽고 싶지만 떡볶이는 먹고 싶어 Max,52,위즈덤하우스,13600,7520,335,23SEP2022,discontinued,3.45,22
1757,길벗 집에서 만드는 파스타 Max,55,길벗,12900,9455,552,28OCT2025,active,3.88,25
1758,ZARA Slim Chino Mini,4,ZARA,69900,46116,501,11DEC2025,active,3.9,21
1759,Nespresso 커피머신 Plus,23,Nespresso,1387000,804602,254,20JAN2022,active,4.04,25
1760,YES24 아버지의 해방일지 Lite,52,YES24,12800,7733,513,01OCT2023,active,4.24,17
1761,위즈덤하우스 캠핑 요리 Max,55,위즈덤하우스,25700,19647,241,09MAY2023,active,4.11,19
1762,H&M 롱 원피스 Basic,9,H&M,36900,27589,148,25JAN2022,active,4.13,23
1763,에스티로더 어드밴스드 토너 Basic,61,에스티로더,26100,18615,298,28OCT2022,active,4.08,12
1764,디올 어딕트 Max,65,디올,73300,48444,452,17OCT2023,active,4.0,28
1765,Apple MacBook,19,Apple,439700,294455,392,27MAY2023,active,4.0,17
1766,MLB 플리스 Max,5,MLB,43300,33527,211,23JAN2023,active,4.05,20
1767,GS Fresh 수박 1통 Lite,28,GS Fresh,5800,4478,537,07SEP2024,active,3.87,31
1768,이니스프리 수분 크림 Max,62,이니스프리,11200,6714,593,24MAY2026,active,4.29,31
1769,Pulmuone 햇반 Lite,32,Pulmuone,6000,4419,594,01JUN2024,soldout,3.75,20
1770,Delonghi 토스터 Basic,23,Delonghi,315600,187897,130,14MAY2025,active,3.76,17
1771,YES24 아몬드 Max,51,YES24,9200,5511,328,18JUN2023,active,4.05,20
1772,교보문고 원씽 Mini,54,교보문고,13200,9312,255,10JAN2024,active,3.88,25
1773,평창수 2L 6개입 Premium,38,평창수,3400,2186,478,02JUN2024,soldout,4.15,13
1774,뉴발란스키즈 데님 Mini,12,뉴발란스키즈,67300,51434,560,19MAR2026,soldout,4.12,17
1775,문학동네 홈베이킹 기초 Basic,55,문학동네,10600,6047,62,21OCT2025,active,4.04,27
1776,IKEA 얼굴 수건 Lite,45,IKEA,8300,5541,310,07JUL2023,discontinued,3.94,17
1777,롯데 골뱅이 Mini,34,롯데,5700,4339,406,24JUL2025,active,3.21,14
1778,나스 오르가즘 블러셔 Lite,65,나스,13400,10156,104,11MAR2022,soldout,3.89,27
1779,Roccat Kone Mini,21,Roccat,297900,174569,14,08JUN2025,active,4.06,17
1780,Corsair K95 Mini,21,Corsair,162900,103331,258,11OCT2025,active,3.85,13
1781,H&M Cargo Pants Lite,4,H&M,63000,43621,411,20DEC2023,active,3.79,19
1782,시원스쿨 TOEIC 실전 Plus,57,시원스쿨,14400,8447,258,12OCT2024,active,3.93,15
1783,MUJI Wide Pants Mini,8,MUJI,35900,27737,259,13APR2024,active,3.78,18
1784,해커스 정보처리기사 Max,58,해커스,23500,17869,44,24JUN2026,active,4.23,13
1785,에스티로더 더블 웨어 Premium,64,에스티로더,19200,11297,330,10NOV2023,soldout,4.07,15
1786,HyperX Cloud II Basic,21,HyperX,366800,211961,164,06FEB2022,active,3.71,17
1787,이니스프리 그린티 토너 Plus,61,이니스프리,15700,8943,192,05JUL2024,active,3.86,22
1788,오설록 제주 녹차 Lite,37,오설록,2300,1746,520,09AUG2024,active,4.57,14
1789,풀무원 양념갈비 Plus,30,풀무원,2500,1486,400,07MAY2026,active,3.83,18
1790,MUJI Jogger Pro,4,MUJI,27000,17435,373,25MAY2023,active,4.21,19
1791,설화수 자정 토너 Pro,61,설화수,23600,15416,64,07NOV2022,active,4.27,15
1792,스톤헨지 슬립 드레스 Mini,9,스톤헨지,43100,29642,386,21APR2023,active,4.4,15
1793,TCL C815 Mini,25,TCL,259100,146779,494,29MAR2026,active,4.3,23
1794,동서 현미녹차 100T Max,37,동서,6100,3673,414,13DEC2025,active,3.71,28
1795,한샘 유리컵 6개 Premium,42,한샘,17800,13603,29,07APR2024,soldout,3.92,26
1796,Levi's 501 Jeans Basic,4,Levi's,27400,20794,265,24JAN2024,active,4.08,12
1797,한빛미디어 데일 카네기 인간관계론 Plus,54,한빛미디어,11800,8610,327,22NOV2025,discontinued,4.1,30
1798,길벗 HSK 5급 Pro,57,길벗,16800,9314,491,26SEP2022,active,4.04,23
1799,H&M 슬랙스 Mini,8,H&M,32100,20069,216,15AUG2024,active,4.39,18
1800,H&M Tech Tee,3,H&M,41400,28749,319,10JAN2023,soldout,3.88,17
1801,설화수 자정 안티에이징,62,설화수,76200,46732,398,20FEB2022,active,4.12,16
1802,Lenovo ThinkPad Basic,19,Lenovo,461000,349993,104,16JAN2024,active,4.0,17
1803,YES24 와인 입문 Plus,55,YES24,12600,8767,329,21JAN2025,active,4.28,25
1804,동원 참치캔 Mini,34,동원,2600,1473,46,03OCT2022,active,4.27,22
1805,Scotch-Brite 수세미 Mini,47,Scotch-Brite,8000,6072,598,18OCT2025,active,3.64,22
1806,Fitbit Charge Pro,17,Fitbit,183900,141655,313,04JAN2024,active,3.61,28
1807,Apple iPad Pro,16,Apple,774200,439647,146,06APR2022,discontinued,3.85,27
1808,The North Face 후디 자켓 Mini,5,The North Face,15000,10086,461,12DEC2024,active,4.22,18
1809,SteelSeries Arctis Lite,21,SteelSeries,592900,367463,583,27AUG2024,active,4.21,19
1810,Winia 공기청정기 Mini,24,Winia,262800,168284,485,30MAR2022,active,4.0,15
1811,Lenovo ThinkPad Tab Basic,16,Lenovo,325300,192356,409,13SEP2024,active,4.46,13
1812,Dove 치약 3개입 Mini,44,Dove,7700,5258,26,04AUG2024,soldout,4.11,18
1813,Microsoft Surface Max,16,Microsoft,1053300,811394,28,02OCT2024,active,3.8,15
1814,ASUS ZenBook Premium,19,ASUS,446700,297371,270,07APR2025,active,3.75,24
1815,더타올 목욕 수건 Max,45,더타올,21400,12178,500,09SEP2022,active,4.0,18
1816,메이크업포에버 HD 파운데이션 Max,64,메이크업포에버,64800,44880,252,12MAR2025,active,4.19,16
1817,MUJI Trefoil Hoodie Lite,3,MUJI,40000,25130,384,09JUN2025,active,4.19,27
1818,MIXXO 데님 Lite,8,MIXXO,17700,13219,59,15OCT2024,active,4.25,16
1819,이마트 소불고기,30,이마트,4200,2729,106,15APR2024,active,3.96,24
1820,아디다스키즈 레깅스 Mini,12,아디다스키즈,23200,13788,219,01OCT2024,active,4.15,27
1821,HP Pavilion Max,19,HP,327000,194223,440,01MAR2023,active,3.96,26
1822,Nike AIRism Shirt Lite,3,Nike,34300,24929,563,19AUG2022,active,4.0,17
1823,한우자조금 한우 등심 1++ Pro,30,한우자조금,4400,2688,571,09APR2025,active,3.54,13
1824,광주요 도자기 밥공기 Mini,42,광주요,17100,12422,545,23APR2023,active,3.83,12
1825,한빛미디어 JLPT N2 Basic,57,한빛미디어,20300,12126,95,26OCT2025,active,3.87,15
1826,문법의 원리 토익 스피킹 Premium,57,문법의 원리,15400,9609,88,25DEC2022,active,3.95,19
1827,Dell XPS Plus,19,Dell,563500,370254,230,02NOV2024,soldout,3.94,18
1828,해커스 영어 회화 100일 Mini,57,해커스,13000,9970,274,06AUG2025,active,3.93,14
1829,MUJI 수저 세트 Plus,42,MUJI,29400,22470,245,21APR2025,active,4.04,26
1830,Samsung 전자레인지 Max,23,Samsung,315100,188297,110,09DEC2023,active,4.11,19
1831,MIXXO 니트 원피스 Premium,9,MIXXO,74400,47049,233,13NOV2024,active,4.14,14
1832,농협하나로 삼겹살 1kg Plus,30,농협하나로,1700,993,277,17MAR2022,active,4.15,20
1833,Logitech MX Master Max,21,Logitech,352100,234955,476,23DEC2022,active,3.6,20
1834,Uniqlo EZY Ankle Pro,4,Uniqlo,29700,19481,416,27APR2022,active,4.1,20
1835,Google Pixel Plus,15,Google,523000,396002,127,26AUG2024,active,4.05,19
1836,시원스쿨 TOEIC 실전 Premium,57,시원스쿨,23000,17569,236,13SEP2024,active,4.05,21
1837,CJ 제일제당 닭가슴살 2kg,30,CJ 제일제당,2000,1276,127,11MAY2023,active,4.0,18
1838,아이시스 500ml 40개입 Mini,38,아이시스,2200,1458,393,09MAR2025,active,3.5,14
1839,Nivea 핸드워시 Max,44,Nivea,5700,4309,474,13APR2022,active,3.93,14
1840,Adidas Basic Tee Mini,3,Adidas,80100,58916,394,11MAY2022,active,3.77,13
1841,길벗 지적 대화를 위한 넓고 얕은 지식 Premium,54,길벗,18300,10080,110,10APR2023,active,3.75,20
1842,DEW E DEW 셔츠 원피스 Lite,9,DEW E DEW,18900,11786,89,14MAR2024,active,4.17,18
1843,길벗 HSK 5급 Max,57,길벗,13600,8799,279,25JUN2025,active,3.91,22
1844,Uniqlo A라인 스커트 Plus,8,Uniqlo,73700,44428,332,24MAR2023,active,4.17,23
1845,교보문고 한강 소년이 온다 Max,51,교보문고,14500,8640,223,25SEP2023,active,3.36,22
1846,Razer DeathAdder Mini,21,Razer,361300,201854,100,10MAR2025,active,4.04,23
1847,Samsung 갤럭시북 Pro,19,Samsung,276800,193199,131,17APR2023,active,3.94,18
1848,맥 맥 립스틱 Max,65,맥,16000,9766,12,24NOV2025,active,3.96,26
1849,풀무원 양념갈비 Plus,30,풀무원,11200,6294,456,04OCT2025,active,4.35,17
1850,Starbucks 비아 콜롬비아 Lite,36,Starbucks,15800,9529,440,30MAY2025,active,3.9,29
1851,교보문고 모든 순간이 너였다,52,교보문고,11000,8078,97,10OCT2025,active,4.0,17
1852,녹차원 얼그레이 Basic,37,녹차원,13100,9770,119,02AUG2025,active,3.84,19
1853,메디안 스킨 로션 Pro,44,메디안,9900,6544,292,20JUN2022,active,4.12,17
1854,라네즈 워터 토너,61,라네즈,40900,26408,0,01MAY2026,active,3.93,15
1855,LG생활건강 고무장갑 Lite,47,LG생활건강,31100,24099,571,01OCT2022,active,3.69,26
1856,Ottogi 햄 캔 Max,34,Ottogi,4400,2622,249,03APR2024,active,3.78,9
1857,에듀윌 컴활 1급 Mini,58,에듀윌,14300,8573,148,26APR2026,active,3.89,19
1858,이마트 소불고기 Premium,30,이마트,8600,5307,394,10FEB2024,active,4.21,24
1859,CJ 스팸 Mini,34,CJ,2200,1297,43,30NOV2022,active,4.17,18
1860,Midea 무선청소기,24,Midea,880400,561038,43,03OCT2023,soldout,4.46,13
1861,입생로랑 뷰티 넘버 원 Plus,65,입생로랑,32300,24531,77,25DEC2023,active,3.71,17
1862,나이키키즈 반바지 Mini,12,나이키키즈,25600,17703,225,23JUN2025,active,4.19,26
1863,CJ 비비고 만두 Pro,32,CJ,3200,2063,161,22AUG2022,active,4.17,30
1864,Uniqlo Slim Polo Mini,3,Uniqlo,15800,12085,252,14MAR2025,active,3.86,22
1865,컬럼비아키즈 트레이닝 팬츠 Plus,12,컬럼비아키즈,26300,14758,131,06JUN2022,active,4.32,28
1866,LG생활건강 샴푸 700ml Basic,44,LG생활건강,11400,6821,447,21DEC2023,active,3.9,21
1867,애경 스파크 세탁 세제 Max,48,애경,7000,4761,473,30JUN2023,active,3.95,20
1868,아이패스 한국사능력검정 Premium,58,아이패스,16000,11065,108,06SEP2022,active,4.1,30
1869,ZARA Culotte,8,ZARA,48200,26948,34,13FEB2026,active,3.9,20
1870,농심 새우깡 Max,33,농심,4200,2699,466,26DEC2024,soldout,4.18,11
1871,문학동네 언어의 온도 Mini,52,문학동네,21200,14825,274,25MAY2024,active,3.81,16
1872,ZARA Tech Tee Lite,3,ZARA,22300,15845,186,03MAY2023,soldout,4.21,28
1873,에비앙 750ml Max,38,에비앙,9900,6898,242,05JUL2024,active,4.18,22
1874,Huawei MatePad Basic,16,Huawei,475900,296832,263,06JUL2022,active,4.06,17
1875,송월타월 호텔 수건 6매 Mini,45,송월타월,33700,19259,521,09SEP2025,active,4.33,21
1876,농협 사과 5kg Premium,28,농협,26600,17243,540,19MAR2022,soldout,3.7,20
1877,Hisense ULED Plus,25,Hisense,333600,193359,86,04DEC2023,active,4.61,18
1878,Volvic 1.5L 12개입 Basic,38,Volvic,3600,2764,534,10DEC2023,active,3.59,22
1879,카터스 조거팬츠 Mini,12,카터스,31300,20635,209,23SEP2024,active,3.67,18
1880,라네즈 수분 로션 Basic,62,라네즈,42500,26476,45,31JAN2023,active,3.68,22
1881,LG gram Max,19,LG,980200,711870,466,27FEB2023,active,4.0,20
1882,Fissler 압력솥 Premium,41,Fissler,9000,5980,539,13AUG2025,soldout,4.06,18
1883,뉴발란스키즈 데님 Plus,12,뉴발란스키즈,45600,28331,25,30APR2024,active,3.88,17
1884,Tetley 캐모마일 Mini,37,Tetley,4400,3241,265,11MAR2026,active,3.95,22
1885,ZARA Knit Pro,7,ZARA,52600,39420,174,24JUL2023,active,3.79,29
1886,민음사 무진기행,51,민음사,29800,21002,515,14MAR2023,active,3.82,17
1887,H&M Trefoil Hoodie Plus,3,H&M,31400,17609,310,16FEB2024,active,4.05,20
1888,GS Fresh 당근 1kg Pro,29,GS Fresh,1500,1020,321,25FEB2025,active,3.92,13
1889,락앤락 먼지털이 Basic,47,락앤락,20800,15091,578,03MAR2025,active,4.14,14
1890,Samsung 세탁기 Lite,24,Samsung,268400,156046,134,20JUN2024,active,4.05,21
1891,Roccat Kone Plus,21,Roccat,406000,244653,54,07JUN2022,active,3.59,22
1892,MUJI Wide Pants Basic,8,MUJI,58200,43823,542,14OCT2025,active,4.05,21
1893,나스 리퀴드 라이트닝 Pro,64,나스,35500,19689,585,02JAN2025,active,4.17,18
1894,제주삼다수 500ml 20개입 Max,38,제주삼다수,4500,3254,530,08JAN2022,active,4.19,21
1895,IKEA 샐러드볼 Max,42,IKEA,9400,6194,155,12JAN2026,active,3.78,27
1896,ZARA Slim Chino Lite,4,ZARA,15000,9791,146,15DEC2022,active,3.89,27
1897,ZARA 플라워 원피스,9,ZARA,55200,30450,484,29SEP2023,active,4.45,11
1898,Samsung 갤럭시 Plus,15,Samsung,380100,280689,598,14JUL2022,active,3.95,19
1899,문학동네 데미안 Plus,51,문학동네,29800,18856,19,08MAY2024,active,3.73,22
1900,헤라 블랙 쿠션 Plus,64,헤라,37700,25423,268,18FEB2026,active,4.0,15
1901,Twinings 잉글리시 브렉퍼스트,37,Twinings,3300,2329,332,12FEB2023,active,3.87,23
1902,MSI MEG Basic,20,MSI,839100,597107,554,14FEB2024,active,3.54,13
1903,Apple iPhone Premium,15,Apple,882600,679492,400,27MAR2025,active,4.21,24
1904,Lenovo IdeaCentre Premium,20,Lenovo,387900,260749,305,14DEC2022,active,3.94,17
1905,무인양품 밀대 Lite,47,무인양품,27300,17524,27,30AUG2025,active,4.27,11
1906,입생로랑 뚜쉬 에끌라 Plus,64,입생로랑,21300,16387,466,24FEB2026,active,4.13,23
1907,Xiaomi Mi Band Basic,17,Xiaomi,486800,339633,259,20OCT2023,discontinued,4.14,21
1908,H&M Cardigan Max,7,H&M,51100,31609,533,24APR2022,active,4.31,16
1909,창비 나는 나로 살기로 했다 Pro,52,창비,22300,12913,100,04NOV2024,active,3.74,23
1910,시대에듀 ADsP Basic,58,시대에듀,20900,15545,550,03MAY2025,active,4.06,18
1911,MUJI Basic Tee,7,MUJI,29700,18809,352,09JUN2023,active,3.91,11
1912,한국산업인력공단 SQLD Premium,58,한국산업인력공단,25200,17688,299,07MAY2023,active,3.88,26
1913,농협 감자 3kg Premium,29,농협,4500,2962,295,08JUN2022,active,4.0,18
1914,H&M 롱 원피스 Max,9,H&M,25800,15370,352,24JAN2025,active,3.91,23
1915,위즈덤하우스 죽고 싶지만 떡볶이는 먹고 싶어 Max,52,위즈덤하우스,13000,8949,129,22SEP2024,active,4.24,17
1916,풀무원 바나나 1송이,28,풀무원,19100,10771,155,07JAN2023,active,4.0,17
1917,HP Omen Pro,20,HP,283400,182812,73,30DEC2024,active,3.81,27
1918,에스티로더 더블 웨어 Max,64,에스티로더,64500,43584,341,16MAR2023,active,4.26,19
1919,샘표 옥수수 Lite,34,샘표,2200,1430,464,28OCT2024,active,3.96,24
1920,풀무원 양파망 1.8kg Pro,29,풀무원,6900,4983,89,24MAY2022,active,4.46,13
1921,Samsung 갤럭시워치 Max,17,Samsung,528700,391461,578,18NOV2025,active,4.2,15
1922,MUJI AIRism Shirt Mini,3,MUJI,96000,69829,454,21JUN2022,active,3.61,18
1923,Nescafe 골드 블렌드 Basic,36,Nescafe,3100,1732,331,17NOV2024,discontinued,4.24,21
1924,컬럼비아키즈 체크 셔츠 Max,11,컬럼비아키즈,20700,12309,347,25MAY2024,active,3.68,19
1925,오설록 제주 녹차 Lite,37,오설록,4500,3030,232,18MAY2025,active,3.86,21
1926,Ottogi 오뚜기 카레 Plus,32,Ottogi,15700,12010,597,17APR2024,active,4.06,18
1927,LG 광파오븐 Max,23,LG,260200,193078,101,13OCT2025,active,3.87,23
1928,Nike Basic Tee Premium,3,Nike,15000,11156,480,18MAR2022,discontinued,3.82,28
1929,Apple MacBook Premium,19,Apple,458500,284149,213,06SEP2022,active,3.64,14
1930,카터스 맨투맨 Premium,11,카터스,64100,41586,107,18MAR2026,active,3.55,22
1931,Cuchen 밥솥 Plus,23,Cuchen,240700,158443,164,25JUN2026,active,4.24,21
1932,동원 동원 참치 Premium,32,동원,8800,5158,334,16JAN2025,active,3.74,19
1933,CJ 상추 200g Mini,29,CJ,2300,1281,85,12AUG2022,active,4.21,14
1934,아모레퍼시픽 바디워시 Max,44,아모레퍼시픽,12200,9367,423,19MAR2026,active,4.05,20
1935,동서 현미녹차 100T,37,동서,8300,5024,363,06DEC2024,soldout,4.05,21
1936,창비 82년생 김지영 Premium,51,창비,10100,6112,59,14JUL2025,active,4.31,16
1937,피죤 섬유유연제 Pro,48,피죤,14800,8423,481,08AUG2023,active,3.91,23
1938,위즈덤하우스 아주 작은 습관의 힘,54,위즈덤하우스,26500,20234,249,14OCT2025,active,3.84,25
1939,해커스 정보처리기사 Plus,58,해커스,19700,13461,559,27AUG2025,active,4.5,14
1940,평창수 2L 6개입 Mini,38,평창수,2900,2039,116,28APR2022,active,4.04,23
1941,Apple Apple Watch Pro,17,Apple,1100400,835932,544,12JUL2023,active,4.22,18
1942,YES24 역행자 Pro,54,YES24,21200,13345,43,11JUL2022,active,4.05,20
1943,아디다스키즈 레깅스 Pro,12,아디다스키즈,15000,10394,508,21AUG2024,active,3.79,14
1944,Corsair K95 Pro,21,Corsair,743000,415280,164,06MAY2023,active,4.29,17
1945,Samsung 갤럭시탭,16,Samsung,314000,186188,367,20JAN2026,active,3.71,17
1946,H&M Cargo Pants,4,H&M,40800,30240,291,05APR2023,discontinued,4.0,17
1947,LG Velvet Max,15,LG,810000,588348,285,15SEP2023,active,4.41,17
1948,Nike 패딩 Premium,5,Nike,26100,16459,203,28FEB2023,active,4.06,16
1949,풀무원 풀무원 두부 Basic,32,풀무원,1500,954,523,23OCT2024,active,4.17,18
1950,아이시스 500ml 40개입 Max,38,아이시스,14000,9418,120,21MAY2022,active,4.04,25
1951,나이키키즈 반바지 Max,12,나이키키즈,73000,40154,187,24DEC2023,active,4.0,23
1952,MUJI Jogger Mini,4,MUJI,34400,20828,12,23AUG2025,active,4.2,15
1953,스톤헨지 슬립 드레스 Mini,9,스톤헨지,60600,36232,199,30JAN2022,discontinued,4.64,22
1954,Corelle 접시 세트 Premium,42,Corelle,10700,6501,585,12FEB2022,active,3.86,21
1955,Dove 치약 3개입 Basic,44,Dove,14100,10368,455,31MAR2026,discontinued,3.96,23
1956,에비앙 750ml Mini,38,에비앙,4400,2703,447,28DEC2023,active,3.71,21
1957,녹차원 얼그레이 Premium,37,녹차원,3900,2316,70,19JUL2022,active,3.52,21
1958,Lenovo ThinkPad Premium,19,Lenovo,548800,365490,589,07JUN2024,active,4.0,20
1959,H&M 슬랙스,8,H&M,17500,13109,129,23SEP2023,active,4.16,25
1960,YES24 아버지의 해방일지 Lite,52,YES24,14700,8901,42,09JAN2025,active,4.32,19
1961,한빛미디어 JLPT N2,57,한빛미디어,18500,10509,519,21NOV2025,active,4.19,16
1962,Cuckoo 전기포트 Basic,23,Cuckoo,1332800,842293,12,06MAR2022,active,3.95,21
1963,교보문고 백종원의 육아 레시피 Mini,55,교보문고,10200,7363,534,05NOV2022,active,4.28,29
1964,Philips 에어프라이어 Basic,23,Philips,604600,409107,301,23FEB2025,active,3.6,15
1965,롯데 골뱅이 Max,34,롯데,7600,5607,526,04NOV2024,active,4.18,22
1966,MIXXO 니트 원피스 Max,9,MIXXO,15000,11560,572,19JUL2023,active,3.94,18
1967,Pulmuone 햇반 Basic,32,Pulmuone,6500,4760,114,19FEB2025,active,3.73,15
1968,동원 참치캔 Lite,34,동원,9100,6268,459,25SEP2023,active,3.57,14
1969,LG 건조기 Lite,24,LG,629800,417852,504,30NOV2025,active,4.21,19
1970,Nespresso 커피머신,23,Nespresso,420600,235206,307,03OCT2024,active,3.91,23
1971,Tetley 캐모마일 Basic,37,Tetley,6200,4813,324,26MAR2025,active,3.95,22
1972,길벗 집에서 만드는 파스타 Mini,55,길벗,17400,11104,578,14JUN2025,discontinued,3.95,22
1973,Garmin Venu,17,Garmin,160500,93894,174,16APR2025,active,4.44,18
1974,Delonghi 토스터 Plus,23,Delonghi,496800,349420,513,28FEB2024,discontinued,4.19,16
1975,MIXXO Turtleneck Lite,7,MIXXO,29100,17907,171,04APR2022,active,4.07,14
1976,CJ 비비고 만두 Pro,32,CJ,3000,2054,501,15NOV2022,active,4.0,24
1977,Dell XPS Tower,20,Dell,1964900,1345871,333,19JAN2024,active,4.18,22
1978,CJ 포스틱 Max,33,CJ,11800,7699,283,21APR2026,active,4.09,11
1979,이마트 오이 5개,29,이마트,2100,1558,474,25DEC2023,discontinued,3.5,18
1980,교보문고 모든 순간이 너였다 Basic,52,교보문고,18700,11424,53,16JUL2023,active,3.79,14
1981,HyperX Cloud II Pro,21,HyperX,1061000,693029,457,08JAN2025,active,4.24,17
1982,Uniqlo Blouse Basic,7,Uniqlo,15000,10105,578,11MAY2025,active,3.87,15
1983,락앤락 냄비 세트 Premium,41,락앤락,13900,9766,419,19APR2023,active,3.76,21
1984,Nivea 핸드워시 Max,44,Nivea,14300,10443,408,19NOV2022,active,3.96,24
1985,한샘 유리컵 6개 Max,42,한샘,6200,3972,303,08JUN2023,active,4.24,17
1986,교보문고 원씽 Lite,54,교보문고,18900,13203,558,12OCT2025,active,4.08,26
1987,컬럼비아키즈 트레이닝 팬츠,12,컬럼비아키즈,70900,41451,221,27MAR2025,discontinued,3.5,18
1988,Dyson 냉장고 Lite,24,Dyson,1093400,835914,532,17MAY2025,active,3.88,25
1989,샤넬 루쥬 코코 Pro,65,샤넬,25600,16335,157,25DEC2024,active,4.0,28
1990,위즈덤하우스 캠핑 요리,55,위즈덤하우스,44300,31798,347,22NOV2025,active,4.41,22
1991,코사홀리 이불 세트 Premium,45,코사홀리,3800,2107,158,29JUN2025,active,3.71,14
1992,CJ 샤인머스캣 2kg Basic,28,CJ,6300,3762,234,27AUG2025,discontinued,3.9,21
1993,Levi's 501 Jeans Premium,4,Levi's,15500,10261,404,06JUN2025,active,4.12,25
1994,ASUS ROG Max,20,ASUS,467000,351183,256,01NOV2024,active,4.14,22
1995,ZARA Knit Pro,7,ZARA,26500,17788,588,12MAY2025,active,4.17,18
1996,Volvic 1.5L 12개입 Plus,38,Volvic,7000,5347,596,05APR2024,active,4.22,18
1997,Twinings 잉글리시 브렉퍼스트 Pro,37,Twinings,4400,2909,557,08FEB2026,active,4.52,21
1998,무인양품 샤워 타월 Mini,45,무인양품,8100,5368,46,29MAY2026,active,3.82,22
1999,Fitbit Charge Pro,17,Fitbit,280300,161884,212,26DEC2024,active,4.12,17
2000,뉴발란스키즈 반팔티 Premium,11,뉴발란스키즈,115700,84994,478,01NOV2022,active,3.92,12
