user_id,age,gender,channel,vip_grade,total_spent,order_count,recency,churn
u_00001,32.0,F,WEB,2.0,1245484.0,22,51,0
u_00002,36.0,M,WEB,3.0,374005.0,11,0,0
u_00003,37.0,M,MOBILE,0.0,3994.0,0,0,0
u_00004,22.0,M,WEB,0.0,53184.0,3,32,0
u_00005,38.0,F,MOBILE,1.0,369491.0,7,23,0
u_00006,65.0,M,MOBILE,0.0,422784.0,7,16,0
u_00007,55.0,F,APP,3.0,1076537.0,13,0,0
u_00008,31.0,M,WEB,3.0,492663.0,6,0,0
u_00009,54.0,M,WEB,2.0,317020.0,13,82,0
u_00010,27.0,M,MOBILE,1.0,379502.0,7,0,0
u_00011,63.0,M,AD,0.0,454816.0,4,118,1
u_00012,35.0,M,WEB,3.0,207045.0,6,0,0
u_00013,20.0,M,APP,1.0,167331.0,9,52,0
u_00014,41.0,F,WEB,0.0,286348.0,4,15,0
u_00015,31.0,F,WEB,2.0,882890.0,9,1,0
u_00016,27.0,F,WEB,0.0,471879.0,5,32,1
u_00017,23.0,F,AD,0.0,4734.0,0,10,0
u_00018,33.0,F,AD,2.0,623213.0,9,0,0
u_00019,37.0,F,MOBILE,0.0,215854.0,3,7,0
u_00020,41.0,M,MOBILE,0.0,662080.0,6,25,0
u_00021,29.0,F,WEB,2.0,721151.0,8,4,0
u_00022,45.0,M,APP,0.0,2386.0,0,10,0
u_00023,36.0,F,WEB,0.0,81770.0,1,45,0
u_00024,27.0,F,WEB,1.0,1054194.0,13,8,0
u_00025,40.0,F,AD,2.0,935276.0,7,24,0
u_00026,54.0,M,MOBILE,0.0,254538.0,3,4,0
u_00027,20.0,M,WEB,0.0,169195.0,2,26,1
u_00028,48.0,M,WEB,3.0,575408.0,10,0,0
u_00029,31.0,M,WEB,3.0,1634433.0,16,40,0
u_00030,47.0,F,WEB,1.0,451554.0,6,104,0
u_00031,48.0,M,WEB,0.0,904148.0,9,9,1
u_00032,41.0,M,MOBILE,2.0,411623.0,5,30,0
u_00033,32.0,M,MOBILE,0.0,103300.0,2,151,1
u_00034,27.0,F,MOBILE,0.0,100102.0,1,33,0
u_00035,36.0,F,MOBILE,2.0,770642.0,11,46,0
u_00036,24.0,M,MOBILE,0.0,424296.0,-1,7,0
u_00037,29.0,M,WEB,1.0,277632.0,6,76,0
u_00038,27.0,F,WEB,0.0,630195.0,5,44,0
u_00039,33.0,F,REFERRAL,1.0,159645.0,2,0,1
u_00040,20.0,M,APP,0.0,103215.0,3,34,1
u_00041,32.0,M,WEB,0.0,307520.0,3,21,0
u_00042,35.0,M,WEB,2.0,989891.0,10,0,0
u_00043,32.0,M,WEB,4.0,1003312.0,15,30,0
u_00044,,M,MOBILE,3.0,195000.0,13,113,0
u_00045,37.0,M,MOBILE,0.0,187703.0,2,55,1
u_00046,45.0,M,MOBILE,1.0,640682.0,11,17,0
u_00047,20.0,M,REFERRAL,1.0,452065.0,5,8,0
u_00048,32.0,F,MOBILE,1.0,169233.0,5,218,1
u_00049,27.0,M,WEB,0.0,1024540.0,12,66,0
u_00050,41.0,F,MOBILE,0.0,283346.0,6,0,0
u_00051,32.0,M,WEB,0.0,330456.0,4,107,0
u_00052,32.0,M,APP,0.0,831160.0,7,41,0
u_00053,22.0,M,MOBILE,0.0,394427.0,6,13,0
u_00054,31.0,F,APP,0.0,,5,71,1
u_00055,50.0,F,MOBILE,1.0,584027.0,7,35,1
u_00056,20.0,M,APP,0.0,1432.0,0,72,0
u_00057,30.0,M,MOBILE,3.0,475416.0,9,0,0
u_00058,55.0,M,APP,2.0,522926.0,8,0,0
u_00059,20.0,M,WEB,1.0,208990.0,5,4,0
u_00060,49.0,M,WEB,0.0,295669.0,4,0,0
u_00061,44.0,F,REFERRAL,0.0,197250.0,3,60,0
u_00062,41.0,M,WEB,1.0,890400.0,7,116,0
u_00063,23.0,M,APP,1.0,378202.0,6,132,1
u_00064,48.0,M,MOBILE,3.0,667464.0,18,18,0
u_00065,36.0,M,REFERRAL,1.0,971719.0,15,5,0
u_00066,40.0,M,MOBILE,0.0,447133.0,12,14,0
u_00067,29.0,F,WEB,0.0,422536.0,5,0,0
u_00068,37.0,F,MOBILE,1.0,407525.0,7,16,0
u_00069,32.0,M,MOBILE,3.0,1325739.0,13,0,0
u_00070,31.0,F,MOBILE,0.0,1044401.0,13,22,1
u_00071,20.0,F,AD,2.0,427682.0,6,76,0
u_00072,20.0,M,MOBILE,1.0,467353.0,5,19,0
u_00073,40.0,M,APP,3.0,2650723.0,28,5,0
u_00074,20.0,M,APP,1.0,724618.0,8,0,0
u_00075,29.0,F,AD,2.0,693798.0,9,45,0
u_00076,37.0,M,AD,0.0,304901.0,3,64,0
u_00077,27.0,M,APP,0.0,325632.0,6,19,0
u_00078,36.0,F,WEB,0.0,409845.0,8,29,0
u_00079,38.0,F,REFERRAL,5.0,1829608.0,18,0,0
u_00080,35.0,F,MOBILE,0.0,1034826.0,12,15,1
u_00081,37.0,M,WEB,0.0,1064673.0,12,32,0
u_00082,23.0,M,REFERRAL,2.0,985843.0,19,135,0
u_00083,43.0,M,REFERRAL,1.0,559760.0,6,110,1
u_00084,38.0,F,WEB,0.0,219559.0,4,96,0
u_00085,25.0,M,MOBILE,0.0,413170.0,10,352,1
u_00086,41.0,M,MOBILE,0.0,530848.0,7,0,1
u_00087,31.0,M,WEB,1.0,397853.0,5,28,0
u_00088,29.0,M,AD,4.0,1075346.0,13,0,0
u_00089,42.0,F,WEB,0.0,661391.0,11,23,0
u_00090,52.0,F,MOBILE,4.0,1516652.0,16,10,0
u_00091,37.0,F,WEB,0.0,1038781.0,11,0,0
u_00092,39.0,M,MOBILE,0.0,201163.0,3,169,1
u_00093,55.0,F,MOBILE,1.0,109823.0,1,33,0
u_00094,34.0,F,MOBILE,5.0,2017206.0,16,38,0
u_00095,31.0,M,MOBILE,0.0,577424.0,7,14,0
u_00096,37.0,F,WEB,2.0,668046.0,8,213,0
u_00097,54.0,F,WEB,0.0,111488.0,2,16,0
u_00098,34.0,M,MOBILE,0.0,334978.0,3,0,0
u_00099,20.0,F,APP,3.0,997991.0,11,11,0
u_00100,29.0,M,WEB,,111053.0,5,46,0
u_00101,20.0,M,MOBILE,0.0,89317.0,2,44,0
u_00102,43.0,F,APP,0.0,1321036.0,17,37,0
u_00103,32.0,M,MOBILE,0.0,1147.0,0,5,1
u_00104,29.0,M,MOBILE,4.0,672021.0,17,22,0
u_00105,46.0,M,APP,3.0,632563.0,10,0,0
u_00106,43.0,F,WEB,0.0,399224.0,4,115,0
u_00107,47.0,M,MOBILE,3.0,811747.0,8,24,0
u_00108,37.0,F,MOBILE,2.0,971778.0,12,0,0
u_00109,47.0,F,MOBILE,0.0,411027.0,4,79,0
u_00110,47.0,F,MOBILE,0.0,2118.0,0,12,0
u_00111,45.0,M,APP,2.0,445221.0,5,18,0
u_00112,30.0,M,MOBILE,4.0,1898533.0,26,0,0
u_00113,20.0,F,WEB,1.0,1111410.0,14,3,0
u_00114,36.0,M,MOBILE,1.0,343687.0,4,110,0
u_00115,28.0,F,WEB,2.0,820436.0,9,25,0
u_00116,27.0,M,APP,1.0,750568.0,10,5,1
u_00117,22.0,F,WEB,0.0,46362.0,1,96,1
u_00118,26.0,M,APP,0.0,237227.0,3,26,1
u_00119,20.0,M,WEB,3.0,388526.0,8,186,1
u_00120,44.0,F,WEB,0.0,507739.0,7,24,0
u_00121,30.0,F,APP,1.0,580774.0,6,41,0
u_00122,40.0,M,WEB,0.0,4873.0,0,10,0
u_00123,33.0,F,WEB,0.0,1449172.0,18,90,0
u_00124,42.0,F,REFERRAL,1.0,554547.0,8,15,0
u_00125,36.0,M,APP,0.0,1004480.0,14,64,0
u_00126,30.0,F,,2.0,606979.0,9,0,0
u_00127,37.0,F,WEB,0.0,235213.0,3,0,0
u_00128,25.0,F,REFERRAL,2.0,747649.0,9,0,0
u_00129,36.0,F,WEB,1.0,189962.0,7,20,0
u_00130,50.0,M,REFERRAL,2.0,637480.0,12,8,0
u_00131,20.0,F,WEB,2.0,343857.0,7,0,0
u_00132,39.0,F,MOBILE,4.0,1693173.0,21,3,0
u_00133,20.0,F,APP,0.0,30000.0,2,0,1
u_00134,35.0,M,WEB,0.0,795236.0,7,4,1
u_00135,45.0,M,APP,1.0,700984.0,11,22,0
u_00136,40.0,F,MOBILE,1.0,412713.0,4,0,0
u_00137,20.0,M,APP,3.0,527817.0,6,13,0
u_00138,59.0,F,MOBILE,1.0,520626.0,6,0,0
u_00139,37.0,F,MOBILE,0.0,97.0,0,0,0
u_00140,35.0,M,MOBILE,0.0,349776.0,8,56,0
u_00141,35.0,F,APP,0.0,260745.0,4,0,0
u_00142,30.0,F,WEB,1.0,89731.0,1,21,0
u_00143,28.0,F,APP,2.0,970590.0,13,10,0
u_00144,29.0,M,WEB,0.0,578976.0,9,31,1
u_00145,22.0,F,WEB,1.0,877035.0,14,13,0
u_00146,45.0,M,APP,0.0,496321.0,5,42,0
u_00147,45.0,F,MOBILE,0.0,352247.0,3,4,0
u_00148,35.0,F,WEB,4.0,1246122.0,13,0,0
u_00149,23.0,F,MOBILE,0.0,129703.0,2,0,0
u_00150,40.0,M,MOBILE,1.0,422019.0,9,27,0
u_00151,52.0,F,MOBILE,2.0,857160.0,12,121,0
u_00152,20.0,F,APP,1.0,809761.0,15,190,1
u_00153,39.0,F,APP,3.0,996975.0,10,167,0
u_00154,35.0,M,REFERRAL,1.0,81414.0,1,0,0
u_00155,44.0,M,MOBILE,1.0,202203.0,5,0,0
u_00156,49.0,F,WEB,1.0,1208766.0,18,0,0
u_00157,34.0,F,WEB,0.0,886197.0,12,0,0
u_00158,20.0,F,APP,0.0,566115.0,6,23,0
u_00159,44.0,M,MOBILE,0.0,181500.0,3,4,1
u_00160,53.0,M,WEB,1.0,1302321.0,16,58,0
u_00161,22.0,F,AD,2.0,643080.0,6,0,1
u_00162,20.0,F,MOBILE,0.0,145484.0,2,34,0
u_00163,37.0,F,MOBILE,0.0,261330.0,3,3,0
u_00164,46.0,M,MOBILE,0.0,103173.0,2,48,0
u_00165,37.0,F,MOBILE,0.0,301341.0,5,129,1
u_00166,30.0,M,WEB,0.0,273640.0,4,5,0
u_00167,28.0,M,WEB,0.0,425060.0,9,123,0
u_00168,65.0,M,MOBILE,1.0,1057332.0,13,136,0
u_00169,26.0,M,REFERRAL,0.0,49223.0,1,14,0
u_00170,34.0,M,MOBILE,0.0,523161.0,6,141,1
u_00171,32.0,F,APP,2.0,349463.0,5,0,0
u_00172,31.0,M,MOBILE,0.0,392542.0,4,72,1
u_00173,35.0,F,WEB,1.0,370642.0,6,45,0
u_00174,47.0,F,WEB,0.0,478212.0,7,54,0
u_00175,37.0,F,MOBILE,2.0,356252.0,5,3,0
u_00176,20.0,M,APP,1.0,520356.0,5,151,1
u_00177,28.0,M,MOBILE,0.0,1770.0,0,40,0
u_00178,25.0,M,REFERRAL,2.0,777851.0,8,4,0
u_00179,38.0,M,MOBILE,2.0,1045494.0,13,99,0
u_00180,38.0,F,MOBILE,0.0,221532.0,2,0,0
u_00181,33.0,F,APP,0.0,308503.0,7,180,1
u_00182,48.0,F,AD,4.0,609155.0,10,9,0
u_00183,25.0,F,REFERRAL,0.0,709324.0,8,83,0
u_00184,29.0,M,APP,2.0,774931.0,6,117,0
u_00185,38.0,M,APP,0.0,1008938.0,11,16,0
u_00186,20.0,M,REFERRAL,0.0,278629.0,3,34,1
u_00187,55.0,F,WEB,2.0,739005.0,12,11,0
u_00188,64.0,M,WEB,0.0,264453.0,5,2,0
u_00189,65.0,F,WEB,2.0,243736.0,3,5,0
u_00190,40.0,F,APP,1.0,651819.0,6,33,0
u_00191,28.0,F,WEB,0.0,478231.0,7,9,0
u_00192,29.0,M,APP,1.0,171148.0,3,25,0
u_00193,41.0,M,MOBILE,4.0,1052505.0,16,31,0
u_00194,55.0,F,APP,1.0,461085.0,7,0,0
u_00195,40.0,F,APP,2.0,188496.0,3,0,1
u_00196,35.0,F,REFERRAL,0.0,308219.0,6,143,1
u_00197,28.0,M,WEB,1.0,1135985.0,16,0,0
u_00198,40.0,M,MOBILE,1.0,414348.0,5,5,0
u_00199,30.0,M,WEB,1.0,619775.0,6,8,1
u_00200,45.0,M,WEB,1.0,803331.0,6,18,0
u_00201,25.0,M,APP,3.0,1866001.0,18,20,0
u_00202,41.0,F,MOBILE,0.0,314876.0,5,0,0
u_00203,49.0,M,WEB,1.0,393618.0,9,99,1
u_00204,29.0,M,REFERRAL,0.0,235613.0,5,60,1
u_00205,38.0,F,MOBILE,2.0,627118.0,12,98,0
u_00206,47.0,M,APP,2.0,455030.0,9,2,0
u_00207,25.0,M,REFERRAL,0.0,851804.0,14,37,0
u_00208,33.0,M,MOBILE,3.0,544553.0,15,0,0
u_00209,24.0,F,MOBILE,1.0,175500.0,3,73,0
u_00210,37.0,F,APP,0.0,470208.0,6,72,1
u_00211,25.0,M,MOBILE,0.0,448987.0,12,0,0
u_00212,47.0,M,REFERRAL,0.0,4796.0,0,45,1
u_00213,38.0,M,APP,1.0,715655.0,7,25,0
u_00214,35.0,M,WEB,0.0,575439.0,5,48,0
u_00215,26.0,M,WEB,0.0,61679.0,1,13,0
u_00216,20.0,M,WEB,0.0,200281.0,3,21,1
u_00217,40.0,M,WEB,2.0,354501.0,11,0,0
u_00218,36.0,M,WEB,1.0,232841.0,7,92,0
u_00219,42.0,M,AD,1.0,139423.0,3,11,0
u_00220,55.0,F,WEB,0.0,190223.0,2,61,0
u_00221,45.0,F,MOBILE,1.0,745690.0,7,0,0
u_00222,29.0,M,WEB,0.0,346605.0,5,53,0
u_00223,37.0,M,WEB,0.0,104200.0,1,80,1
u_00224,44.0,F,MOBILE,4.0,1869923.0,23,0,0
u_00225,33.0,F,APP,2.0,599378.0,9,0,0
u_00226,44.0,M,APP,0.0,120000.0,8,94,0
u_00227,40.0,M,MOBILE,4.0,741746.0,13,0,0
u_00228,20.0,F,MOBILE,1.0,514006.0,8,19,0
u_00229,27.0,F,WEB,1.0,247248.0,3,0,0
u_00230,20.0,F,REFERRAL,2.0,324332.0,8,66,1
u_00231,38.0,M,REFERRAL,1.0,,5,49,0
u_00232,45.0,M,WEB,2.0,223208.0,9,14,0
u_00233,34.0,F,REFERRAL,0.0,591809.0,9,11,0
u_00234,29.0,F,MOBILE,0.0,415681.0,6,27,0
u_00235,,M,WEB,0.0,207407.0,2,0,0
u_00236,39.0,F,MOBILE,1.0,505895.0,5,79,0
u_00237,29.0,F,WEB,0.0,470937.0,6,84,0
u_00238,43.0,M,WEB,3.0,1264406.0,13,72,0
u_00239,24.0,F,WEB,1.0,241021.0,5,53,0
u_00240,50.0,M,WEB,0.0,623747.0,8,0,0
u_00241,47.0,F,APP,0.0,952679.0,10,56,0
u_00242,43.0,M,MOBILE,0.0,411263.0,6,62,0
u_00243,33.0,M,WEB,3.0,1511812.0,26,0,0
u_00244,20.0,F,WEB,,49555.0,1,103,0
u_00245,60.0,F,AD,3.0,878351.0,13,21,0
u_00246,36.0,F,AD,0.0,4469.0,0,80,0
u_00247,44.0,F,MOBILE,0.0,1880.0,0,9,0
u_00248,26.0,F,WEB,2.0,1166242.0,13,0,0
u_00249,30.0,M,WEB,0.0,136277.0,3,0,0
u_00250,51.0,M,WEB,3.0,986792.0,10,0,0
u_00251,44.0,M,WEB,0.0,710045.0,7,23,1
u_00252,21.0,M,MOBILE,5.0,3273259.0,33,0,0
u_00253,38.0,M,MOBILE,1.0,972825.0,7,0,1
u_00254,26.0,M,AD,3.0,1366802.0,15,0,0
u_00255,31.0,M,MOBILE,1.0,471219.0,7,44,1
u_00256,55.0,M,MOBILE,0.0,229265.0,9,59,0
u_00257,39.0,M,MOBILE,0.0,244348.0,4,20,0
u_00258,26.0,F,REFERRAL,2.0,306462.0,6,109,0
u_00259,35.0,F,MOBILE,3.0,680064.0,15,10,0
u_00260,42.0,M,REFERRAL,2.0,,12,0,0
u_00261,29.0,M,WEB,2.0,1928379.0,24,43,0
u_00262,38.0,F,WEB,4.0,705260.0,11,0,0
u_00263,38.0,F,APP,1.0,260120.0,3,16,1
u_00264,25.0,F,WEB,1.0,1371520.0,24,32,0
u_00265,29.0,F,APP,0.0,612038.0,10,0,0
u_00266,31.0,M,APP,1.0,825113.0,9,95,0
u_00267,20.0,M,APP,0.0,794797.0,14,53,1
u_00268,58.0,M,MOBILE,1.0,1152735.0,10,27,0
u_00269,44.0,F,WEB,3.0,1530096.0,14,9,0
u_00270,47.0,F,REFERRAL,1.0,576822.0,8,34,0
u_00271,28.0,F,MOBILE,2.0,526234.0,7,21,0
u_00272,38.0,F,AD,0.0,3380.0,0,47,0
u_00273,36.0,M,MOBILE,1.0,403395.0,4,41,0
u_00274,30.0,F,AD,1.0,103410.0,2,0,0
u_00275,40.0,M,REFERRAL,0.0,137086.0,2,0,0
u_00276,42.0,M,APP,0.0,75000.0,5,80,0
u_00277,65.0,M,MOBILE,2.0,355553.0,5,51,0
u_00278,28.0,F,MOBILE,3.0,1966530.0,24,0,0
u_00279,24.0,M,APP,2.0,1142896.0,14,0,0
u_00280,38.0,M,WEB,0.0,46671.0,1,25,0
u_00281,41.0,M,AD,0.0,150419.0,2,100,0
u_00282,20.0,M,WEB,0.0,303829.0,5,85,0
u_00283,34.0,F,WEB,0.0,4728.0,0,157,0
u_00284,40.0,F,WEB,0.0,202287.0,7,111,0
u_00285,47.0,M,REFERRAL,0.0,258676.0,3,34,0
u_00286,32.0,M,WEB,1.0,130470.0,2,196,1
u_00287,51.0,F,WEB,0.0,218008.0,3,67,1
u_00288,21.0,F,AD,1.0,435446.0,9,0,0
u_00289,20.0,F,APP,0.0,453276.0,4,7,0
u_00290,32.0,M,APP,0.0,345583.0,5,1,0
u_00291,30.0,M,MOBILE,1.0,172541.0,2,78,1
u_00292,23.0,F,AD,0.0,344761.0,4,100,1
u_00293,29.0,F,APP,1.0,665541.0,10,45,0
u_00294,47.0,F,WEB,1.0,227351.0,3,64,0
u_00295,21.0,F,WEB,0.0,592443.0,5,19,1
u_00296,31.0,M,WEB,4.0,595662.0,15,0,0
u_00297,24.0,M,MOBILE,1.0,446847.0,7,2,0
u_00298,44.0,F,MOBILE,0.0,2390.0,0,28,0
u_00299,22.0,M,MOBILE,0.0,655570.0,7,61,0
u_00300,50.0,F,AD,1.0,79906.0,1,50,1
u_00301,32.0,M,APP,0.0,4574.0,0,21,0
u_00302,53.0,M,WEB,2.0,1132245.0,10,53,1
u_00303,34.0,M,APP,0.0,86688.0,2,31,0
u_00304,47.0,F,REFERRAL,2.0,596479.0,9,20,0
u_00305,47.0,F,APP,1.0,708206.0,8,7,0
u_00306,40.0,M,APP,0.0,462480.0,5,56,1
u_00307,27.0,F,AD,0.0,1024323.0,8,29,0
u_00308,23.0,F,MOBILE,0.0,898964.0,15,41,0
u_00309,35.0,M,AD,0.0,680164.0,6,38,0
u_00310,29.0,F,WEB,2.0,693100.0,12,51,0
u_00311,40.0,F,MOBILE,0.0,463254.0,6,38,1
u_00312,33.0,M,MOBILE,2.0,839470.0,14,13,0
u_00313,37.0,F,MOBILE,4.0,1876676.0,17,5,0
u_00314,51.0,M,MOBILE,2.0,594379.0,6,0,0
u_00315,44.0,F,WEB,1.0,1191466.0,11,0,0
u_00316,29.0,M,APP,1.0,2355.0,0,18,0
u_00317,47.0,F,AD,1.0,271163.0,3,0,1
u_00318,20.0,F,AD,1.0,637732.0,7,60,1
u_00319,27.0,M,WEB,0.0,224563.0,3,0,0
u_00320,37.0,M,AD,0.0,393474.0,5,13,0
u_00321,55.0,M,WEB,1.0,1496067.0,24,60,0
u_00322,33.0,M,AD,0.0,545276.0,6,0,0
u_00323,29.0,M,REFERRAL,0.0,440896.0,4,49,0
u_00324,26.0,M,REFERRAL,2.0,722899.0,10,7,0
u_00325,20.0,M,REFERRAL,2.0,578591.0,9,32,0
u_00326,64.0,M,APP,0.0,1281.0,0,7,0
u_00327,45.0,F,APP,1.0,197069.0,2,29,0
u_00328,24.0,M,REFERRAL,3.0,690035.0,7,0,0
u_00329,36.0,F,APP,2.0,1539739.0,18,12,0
u_00330,29.0,M,WEB,0.0,644583.0,7,13,0
u_00331,39.0,M,APP,3.0,1108733.0,-1,0,0
u_00332,31.0,F,WEB,3.0,1072284.0,9,0,0
u_00333,62.0,M,MOBILE,0.0,1094851.0,10,6,0
u_00334,20.0,M,REFERRAL,4.0,694020.0,10,64,0
u_00335,20.0,F,AD,1.0,647295.0,8,139,1
u_00336,35.0,M,WEB,1.0,208147.0,4,69,0
u_00337,23.0,M,MOBILE,1.0,228416.0,2,0,1
u_00338,32.0,M,MOBILE,1.0,371925.0,6,108,0
u_00339,46.0,M,MOBILE,0.0,836898.0,7,25,0
u_00340,33.0,F,AD,4.0,1048778.0,14,5,0
u_00341,55.0,F,MOBILE,0.0,207679.0,4,27,0
u_00342,30.0,M,AD,3.0,1161397.0,14,31,0
u_00343,20.0,F,APP,0.0,906597.0,10,36,0
u_00344,56.0,M,WEB,1.0,1494775.0,19,29,0
u_00345,33.0,F,MOBILE,0.0,411977.0,4,9,0
u_00346,56.0,F,WEB,2.0,75000.0,5,0,1
u_00347,46.0,M,WEB,0.0,195750.0,2,69,1
u_00348,20.0,F,MOBILE,3.0,2012008.0,24,5,0
u_00349,20.0,F,MOBILE,1.0,469673.0,7,90,0
u_00350,25.0,F,MOBILE,1.0,258862.0,6,39,0
u_00351,23.0,F,MOBILE,2.0,783798.0,9,7,0
u_00352,43.0,F,REFERRAL,2.0,443398.0,6,0,0
u_00353,33.0,F,MOBILE,0.0,,8,120,1
u_00354,59.0,M,MOBILE,2.0,486999.0,8,26,0
u_00355,39.0,F,MOBILE,0.0,324964.0,4,20,0
u_00356,23.0,F,MOBILE,1.0,1022197.0,11,92,1
u_00357,40.0,F,REFERRAL,2.0,391556.0,5,0,0
u_00358,51.0,M,APP,0.0,120664.0,2,71,1
u_00359,34.0,M,REFERRAL,,582634.0,7,59,0
u_00360,35.0,F,MOBILE,1.0,324012.0,7,0,0
u_00361,45.0,M,WEB,2.0,858931.0,8,0,0
u_00362,25.0,F,MOBILE,2.0,187181.0,6,34,0
u_00363,32.0,M,WEB,1.0,520588.0,8,39,0
u_00364,38.0,M,APP,2.0,153508.0,5,40,0
u_00365,43.0,F,APP,3.0,1539986.0,15,19,0
u_00366,43.0,F,MOBILE,2.0,304843.0,7,20,0
u_00367,38.0,M,MOBILE,1.0,936013.0,11,91,0
u_00368,20.0,M,MOBILE,0.0,266309.0,6,29,1
u_00369,27.0,F,MOBILE,0.0,587922.0,7,4,0
u_00370,53.0,M,REFERRAL,0.0,1341788.0,15,53,0
u_00371,40.0,F,WEB,3.0,724514.0,12,86,0
u_00372,36.0,M,MOBILE,0.0,1227184.0,13,54,1
u_00373,54.0,M,WEB,1.0,646456.0,8,0,0
u_00374,47.0,M,MOBILE,2.0,381819.0,7,40,0
u_00375,35.0,M,APP,0.0,378.0,0,21,0
u_00376,35.0,F,AD,1.0,581449.0,10,0,0
u_00377,26.0,M,MOBILE,0.0,172597.0,5,100,1
u_00378,31.0,F,MOBILE,0.0,563518.0,9,49,1
u_00379,23.0,M,WEB,1.0,738639.0,9,106,1
u_00380,40.0,F,WEB,3.0,658830.0,12,0,0
u_00381,27.0,F,APP,1.0,287594.0,5,5,0
u_00382,21.0,M,WEB,2.0,615815.0,8,0,0
u_00383,20.0,M,MOBILE,0.0,231226.0,4,63,0
u_00384,42.0,M,MOBILE,0.0,3757.0,0,81,1
u_00385,64.0,F,AD,0.0,514077.0,8,37,0
u_00386,41.0,F,MOBILE,2.0,763467.0,18,71,0
u_00387,28.0,F,APP,2.0,1437839.0,14,8,0
u_00388,25.0,F,AD,0.0,281154.0,3,34,0
u_00389,26.0,F,REFERRAL,0.0,1620.0,0,4,1
u_00390,30.0,F,APP,2.0,2265400.0,18,30,0
u_00391,43.0,M,AD,0.0,700896.0,8,63,0
u_00392,33.0,M,MOBILE,2.0,416665.0,11,0,0
u_00393,,F,WEB,0.0,387315.0,7,0,0
u_00394,23.0,F,WEB,1.0,313879.0,7,25,0
u_00395,51.0,M,MOBILE,0.0,165937.0,5,12,0
u_00396,26.0,F,WEB,3.0,676911.0,12,122,0
u_00397,54.0,M,WEB,1.0,125236.0,5,30,1
u_00398,40.0,M,WEB,0.0,600266.0,6,81,0
u_00399,41.0,M,APP,3.0,504739.0,10,0,0
u_00400,45.0,F,MOBILE,1.0,345693.0,8,9,0
u_00401,23.0,F,WEB,0.0,264902.0,5,98,1
u_00402,60.0,M,REFERRAL,0.0,336334.0,3,0,0
u_00403,57.0,F,AD,1.0,871566.0,12,34,0
u_00404,61.0,F,MOBILE,0.0,173831.0,3,79,0
u_00405,23.0,F,MOBILE,4.0,1038947.0,12,0,0
u_00406,24.0,F,APP,0.0,220718.0,7,39,0
u_00407,24.0,M,APP,0.0,153206.0,3,33,0
u_00408,37.0,M,WEB,0.0,334082.0,3,34,0
u_00409,32.0,M,WEB,0.0,516073.0,7,15,0
u_00410,,M,WEB,0.0,252831.0,3,64,0
u_00411,31.0,M,APP,4.0,1165056.0,14,0,0
u_00412,23.0,M,WEB,2.0,466821.0,6,12,0
u_00413,46.0,M,WEB,1.0,1018641.0,12,109,0
u_00414,32.0,F,REFERRAL,1.0,664796.0,10,0,0
u_00415,24.0,M,WEB,5.0,1363379.0,24,0,0
u_00416,32.0,F,MOBILE,2.0,1337297.0,20,13,0
u_00417,27.0,F,MOBILE,0.0,1296.0,0,17,1
u_00418,37.0,M,WEB,0.0,1451.0,0,36,1
u_00419,35.0,F,WEB,0.0,105703.0,1,19,0
u_00420,30.0,F,WEB,0.0,691195.0,9,32,0
u_00421,31.0,F,WEB,3.0,1190875.0,15,61,0
u_00422,28.0,F,WEB,2.0,625713.0,9,0,0
u_00423,30.0,M,APP,3.0,1473288.0,12,21,0
u_00424,23.0,F,REFERRAL,1.0,464474.0,8,15,1
u_00425,22.0,M,AD,0.0,103833.0,4,58,0
u_00426,41.0,M,APP,1.0,443943.0,4,11,0
u_00427,33.0,F,WEB,0.0,773128.0,11,29,0
u_00428,43.0,F,REFERRAL,0.0,277.0,0,152,1
u_00429,36.0,F,APP,1.0,597831.0,7,51,0
u_00430,40.0,M,MOBILE,3.0,424246.0,13,0,0
u_00431,27.0,M,APP,2.0,868557.0,12,0,0
u_00432,36.0,F,WEB,1.0,171532.0,2,0,0
u_00433,43.0,M,WEB,0.0,702456.0,14,29,0
u_00434,33.0,M,WEB,2.0,637907.0,7,31,0
u_00435,45.0,M,REFERRAL,0.0,449971.0,4,143,1
u_00436,47.0,M,MOBILE,0.0,432423.0,5,38,0
u_00437,37.0,M,MOBILE,1.0,371947.0,6,47,0
u_00438,27.0,F,APP,1.0,424493.0,5,35,0
u_00439,25.0,F,APP,2.0,718177.0,10,0,0
u_00440,31.0,F,MOBILE,0.0,393453.0,4,27,1
u_00441,36.0,M,MOBILE,0.0,90902.0,2,47,0
u_00442,20.0,F,APP,1.0,1092503.0,10,8,0
u_00443,51.0,F,MOBILE,1.0,796709.0,9,69,0
u_00444,54.0,M,AD,0.0,773828.0,10,25,1
u_00445,39.0,M,MOBILE,0.0,143647.0,7,36,1
u_00446,49.0,M,REFERRAL,0.0,623.0,0,3,1
u_00447,28.0,M,MOBILE,0.0,345206.0,7,38,1
u_00448,41.0,M,APP,0.0,61372.0,1,39,1
u_00449,24.0,F,MOBILE,4.0,1297788.0,13,89,1
u_00450,20.0,F,REFERRAL,1.0,620275.0,8,15,0
u_00451,32.0,M,APP,0.0,749985.0,9,139,1
u_00452,39.0,F,REFERRAL,0.0,136868.0,9,20,0
u_00453,31.0,M,APP,1.0,781878.0,10,49,0
u_00454,20.0,M,MOBILE,1.0,446177.0,6,0,0
u_00455,39.0,F,WEB,2.0,454001.0,11,10,0
u_00456,43.0,M,WEB,0.0,169192.0,2,51,0
u_00457,41.0,M,MOBILE,1.0,468282.0,10,42,0
u_00458,38.0,F,AD,0.0,,3,38,0
u_00459,53.0,F,WEB,0.0,1331651.0,13,23,0
u_00460,39.0,M,WEB,2.0,589326.0,9,6,0
u_00461,37.0,M,AD,,121621.0,2,78,0
u_00462,24.0,F,WEB,5.0,711044.0,17,0,0
u_00463,41.0,F,REFERRAL,1.0,240814.0,4,42,0
u_00464,38.0,F,REFERRAL,3.0,645094.0,9,20,0
u_00465,32.0,F,MOBILE,3.0,626776.0,10,0,0
u_00466,59.0,F,AD,3.0,587917.0,11,56,0
u_00467,47.0,F,AD,1.0,206629.0,7,44,0
u_00468,27.0,F,AD,1.0,681348.0,7,76,0
u_00469,53.0,M,WEB,2.0,930647.0,9,93,0
u_00470,24.0,M,APP,4.0,1107418.0,14,0,0
u_00471,23.0,M,MOBILE,1.0,149987.0,2,10,0
u_00472,48.0,M,WEB,2.0,337758.0,3,43,0
u_00473,32.0,M,APP,3.0,1005222.0,15,0,0
u_00474,37.0,F,MOBILE,1.0,416272.0,11,0,0
u_00475,41.0,F,REFERRAL,2.0,424825.0,7,0,0
u_00476,46.0,F,MOBILE,1.0,365011.0,4,17,0
u_00477,23.0,M,MOBILE,1.0,873758.0,9,61,1
u_00478,32.0,F,MOBILE,4.0,1553915.0,17,132,0
u_00479,27.0,F,WEB,0.0,871714.0,9,23,0
u_00480,26.0,F,MOBILE,2.0,691401.0,11,247,1
u_00481,41.0,F,WEB,3.0,658592.0,11,0,0
u_00482,31.0,F,REFERRAL,3.0,1037085.0,14,0,0
u_00483,39.0,F,WEB,0.0,1002354.0,15,6,1
u_00484,44.0,M,AD,1.0,1159863.0,10,29,0
u_00485,29.0,M,REFERRAL,0.0,73015.0,1,72,0
u_00486,50.0,F,AD,5.0,819839.0,12,22,0
u_00487,42.0,M,APP,1.0,1123477.0,16,8,0
u_00488,33.0,M,WEB,1.0,538089.0,6,22,0
u_00489,43.0,M,REFERRAL,0.0,353521.0,3,16,0
u_00490,54.0,M,MOBILE,0.0,99778.0,1,52,1
u_00491,20.0,F,WEB,3.0,498862.0,12,0,0
u_00492,35.0,M,REFERRAL,0.0,192665.0,3,77,1
u_00493,20.0,F,REFERRAL,0.0,1235935.0,16,0,0
u_00494,33.0,F,WEB,0.0,1622272.0,13,62,0
u_00495,42.0,F,REFERRAL,2.0,424261.0,5,81,0
u_00496,46.0,F,MOBILE,1.0,472946.0,7,48,0
u_00497,43.0,F,WEB,0.0,4907.0,0,16,1
u_00498,43.0,M,APP,2.0,1358641.0,13,29,0
u_00499,46.0,M,MOBILE,1.0,535244.0,8,70,0
u_00500,40.0,M,WEB,0.0,341361.0,4,46,0
u_00501,36.0,F,REFERRAL,1.0,197739.0,2,23,0
u_00502,42.0,F,WEB,5.0,1187476.0,15,0,0
u_00503,37.0,F,REFERRAL,3.0,796085.0,9,119,0
u_00504,41.0,M,WEB,3.0,549169.0,8,85,0
u_00505,20.0,F,WEB,0.0,159754.0,2,23,0
u_00506,28.0,M,WEB,3.0,418812.0,9,26,0
u_00507,45.0,M,APP,1.0,756794.0,9,41,1
u_00508,29.0,M,REFERRAL,3.0,449499.0,9,0,0
u_00509,27.0,M,WEB,1.0,622084.0,10,26,0
u_00510,36.0,M,MOBILE,0.0,933713.0,12,39,0
u_00511,25.0,F,APP,0.0,52252.0,1,163,0
u_00512,41.0,F,MOBILE,4.0,984974.0,13,15,0
u_00513,36.0,F,MOBILE,0.0,634671.0,10,0,0
u_00514,50.0,F,REFERRAL,0.0,399025.0,9,14,0
u_00515,23.0,M,MOBILE,0.0,239947.0,2,123,1
u_00516,27.0,M,REFERRAL,3.0,829255.0,19,32,0
u_00517,29.0,M,WEB,,643242.0,10,5,0
u_00518,32.0,F,AD,2.0,538289.0,6,0,0
u_00519,43.0,M,APP,3.0,306929.0,5,24,0
u_00520,34.0,F,WEB,1.0,324062.0,4,111,0
u_00521,38.0,F,APP,0.0,169429.0,2,9,0
u_00522,36.0,F,MOBILE,1.0,748135.0,7,46,0
u_00523,37.0,F,APP,0.0,277737.0,5,44,1
u_00524,20.0,F,WEB,1.0,547065.0,6,14,0
u_00525,28.0,M,WEB,4.0,1093815.0,13,38,0
u_00526,37.0,M,MOBILE,2.0,589581.0,7,0,0
u_00527,22.0,M,AD,1.0,365819.0,9,187,1
u_00528,39.0,F,APP,1.0,429462.0,9,0,0
u_00529,38.0,F,MOBILE,0.0,179205.0,2,48,1
u_00530,45.0,F,MOBILE,1.0,682354.0,7,12,0
u_00531,20.0,F,MOBILE,1.0,408270.0,4,30,0
u_00532,37.0,M,WEB,1.0,564222.0,7,13,0
u_00533,37.0,M,WEB,0.0,516552.0,7,0,0
u_00534,31.0,F,MOBILE,2.0,964242.0,15,0,0
u_00535,40.0,M,REFERRAL,0.0,520636.0,5,189,0
u_00536,31.0,M,APP,1.0,785733.0,9,4,0
u_00537,40.0,F,WEB,4.0,695174.0,10,6,0
u_00538,,F,MOBILE,0.0,399725.0,4,198,0
u_00539,28.0,M,WEB,3.0,859160.0,11,0,0
u_00540,41.0,M,MOBILE,2.0,1015193.0,10,73,0
u_00541,20.0,F,MOBILE,0.0,284037.0,6,75,0
u_00542,51.0,M,MOBILE,3.0,349188.0,9,0,0
u_00543,30.0,M,WEB,0.0,418216.0,6,56,0
u_00544,38.0,F,REFERRAL,3.0,654884.0,9,51,0
u_00545,42.0,F,MOBILE,1.0,322781.0,5,0,1
u_00546,27.0,M,MOBILE,1.0,497358.0,7,0,0
u_00547,31.0,F,,2.0,628955.0,13,16,0
u_00548,24.0,M,APP,0.0,461230.0,5,40,1
u_00549,38.0,M,REFERRAL,4.0,2012444.0,15,35,0
u_00550,20.0,F,AD,2.0,1465084.0,12,7,0
u_00551,33.0,F,WEB,0.0,1072491.0,10,112,1
u_00552,43.0,M,WEB,2.0,579709.0,16,0,0
u_00553,39.0,F,APP,1.0,343935.0,5,0,0
u_00554,23.0,F,MOBILE,2.0,919647.0,12,0,0
u_00555,39.0,M,MOBILE,3.0,1180196.0,16,28,0
u_00556,46.0,M,REFERRAL,0.0,369615.0,5,34,0
u_00557,36.0,F,MOBILE,1.0,1258505.0,18,17,0
u_00558,20.0,M,WEB,2.0,672599.0,7,10,0
u_00559,38.0,F,MOBILE,2.0,2057841.0,29,110,0
u_00560,47.0,M,MOBILE,1.0,104059.0,2,0,0
u_00561,34.0,M,MOBILE,0.0,510906.0,9,0,0
u_00562,31.0,F,MOBILE,1.0,849550.0,9,12,0
u_00563,45.0,F,APP,0.0,262388.0,4,31,0
u_00564,26.0,M,MOBILE,1.0,373376.0,6,24,0
u_00565,24.0,F,WEB,1.0,918512.0,9,194,1
u_00566,47.0,M,REFERRAL,1.0,511928.0,4,10,0
u_00567,40.0,F,WEB,0.0,2662.0,0,85,1
u_00568,23.0,F,WEB,5.0,1381251.0,14,4,0
u_00569,26.0,F,WEB,2.0,587970.0,6,1,0
u_00570,50.0,F,MOBILE,0.0,632992.0,6,0,0
u_00571,58.0,F,MOBILE,3.0,507360.0,15,7,0
u_00572,27.0,F,MOBILE,0.0,2335.0,0,151,1
u_00573,33.0,M,AD,3.0,813664.0,14,47,0
u_00574,27.0,M,WEB,0.0,361088.0,4,112,0
u_00575,32.0,F,REFERRAL,0.0,189920.0,3,21,0
u_00576,48.0,F,APP,1.0,339186.0,9,53,0
u_00577,50.0,M,MOBILE,0.0,482950.0,5,0,0
u_00578,51.0,M,MOBILE,1.0,518215.0,5,8,0
u_00579,34.0,F,MOBILE,2.0,1202418.0,12,0,0
u_00580,46.0,F,AD,1.0,1301174.0,15,8,0
u_00581,37.0,M,REFERRAL,2.0,1302787.0,13,25,0
u_00582,47.0,M,MOBILE,2.0,205049.0,4,27,0
u_00583,50.0,F,MOBILE,1.0,543885.0,19,25,0
u_00584,36.0,F,MOBILE,0.0,90000.0,6,88,0
u_00585,54.0,M,REFERRAL,0.0,781194.0,7,36,1
u_00586,40.0,F,MOBILE,3.0,714307.0,13,10,0
u_00587,51.0,F,MOBILE,1.0,1476824.0,18,0,0
u_00588,44.0,F,APP,3.0,710667.0,12,2,0
u_00589,28.0,F,WEB,0.0,80570.0,1,0,0
u_00590,24.0,F,MOBILE,4.0,866788.0,13,0,0
u_00591,39.0,M,WEB,3.0,715578.0,10,70,0
u_00592,61.0,F,WEB,0.0,399349.0,4,39,0
u_00593,29.0,M,WEB,5.0,1753830.0,17,0,0
u_00594,34.0,M,AD,1.0,388584.0,5,29,0
u_00595,32.0,M,AD,5.0,1643403.0,15,0,0
u_00596,33.0,F,WEB,0.0,588635.0,6,75,0
u_00597,28.0,M,MOBILE,3.0,1138169.0,19,0,0
u_00598,47.0,M,REFERRAL,0.0,860814.0,8,33,0
u_00599,26.0,M,APP,0.0,3879.0,0,25,1
u_00600,39.0,M,REFERRAL,1.0,1196263.0,14,43,0
u_00601,26.0,F,APP,2.0,934117.0,-1,23,0
u_00602,34.0,F,MOBILE,4.0,1223331.0,24,100,0
u_00603,20.0,M,MOBILE,0.0,157140.0,4,22,1
u_00604,44.0,M,WEB,0.0,127790.0,2,30,0
u_00605,63.0,M,MOBILE,0.0,179203.0,4,40,0
u_00606,40.0,F,MOBILE,0.0,366946.0,9,228,1
u_00607,20.0,F,WEB,1.0,84554.0,2,0,1
u_00608,51.0,F,REFERRAL,0.0,195000.0,13,20,0
u_00609,49.0,F,REFERRAL,0.0,520208.0,6,28,0
u_00610,28.0,M,REFERRAL,0.0,185944.0,3,46,0
u_00611,57.0,M,MOBILE,5.0,1384815.0,18,20,0
u_00612,29.0,M,MOBILE,0.0,216301.0,3,110,1
u_00613,34.0,M,WEB,0.0,379543.0,4,25,0
u_00614,32.0,F,WEB,2.0,959952.0,18,0,0
u_00615,28.0,M,MOBILE,1.0,428849.0,9,0,0
u_00616,33.0,M,APP,0.0,82447.0,1,14,1
u_00617,31.0,F,MOBILE,1.0,420389.0,10,0,0
u_00618,33.0,M,MOBILE,2.0,1047191.0,16,0,0
u_00619,46.0,M,REFERRAL,0.0,468510.0,7,12,0
u_00620,24.0,M,WEB,5.0,1330537.0,17,0,0
u_00621,41.0,F,MOBILE,1.0,555596.0,8,106,1
u_00622,52.0,F,WEB,0.0,498135.0,8,76,1
u_00623,40.0,F,MOBILE,3.0,2604968.0,34,0,0
u_00624,35.0,M,MOBILE,1.0,517345.0,12,26,0
u_00625,23.0,M,APP,0.0,76865.0,1,22,1
u_00626,49.0,F,APP,0.0,727747.0,11,89,0
u_00627,36.0,M,MOBILE,0.0,725380.0,11,0,0
u_00628,30.0,M,WEB,0.0,213947.0,2,35,0
u_00629,46.0,F,MOBILE,3.0,309186.0,10,51,1
u_00630,41.0,M,APP,3.0,583770.0,18,0,0
u_00631,43.0,M,REFERRAL,0.0,319073.0,5,16,1
u_00632,37.0,M,APP,0.0,192732.0,3,0,1
u_00633,42.0,M,MOBILE,3.0,597480.0,15,40,0
u_00634,45.0,M,MOBILE,1.0,940074.0,10,74,0
u_00635,35.0,F,AD,0.0,457516.0,4,17,0
u_00636,35.0,F,MOBILE,1.0,902422.0,10,178,0
u_00637,20.0,M,MOBILE,4.0,1926151.0,20,49,0
u_00638,31.0,F,AD,0.0,35533.0,1,55,1
u_00639,52.0,M,WEB,0.0,538779.0,10,3,0
u_00640,27.0,M,APP,1.0,430126.0,7,150,1
u_00641,31.0,M,APP,1.0,838851.0,12,118,0
u_00642,44.0,M,APP,5.0,658592.0,20,124,0
u_00643,41.0,F,WEB,3.0,837608.0,10,57,0
u_00644,25.0,F,WEB,2.0,633827.0,10,15,0
u_00645,28.0,F,WEB,1.0,2361341.0,21,0,0
u_00646,50.0,F,REFERRAL,0.0,171677.0,3,20,0
u_00647,49.0,M,MOBILE,4.0,1017515.0,13,0,0
u_00648,20.0,F,WEB,0.0,71771.0,3,92,1
u_00649,64.0,F,,0.0,403280.0,8,14,1
u_00650,20.0,F,REFERRAL,2.0,592867.0,13,4,0
u_00651,37.0,M,WEB,0.0,176043.0,2,6,0
u_00652,51.0,M,AD,1.0,348341.0,4,34,0
u_00653,32.0,F,MOBILE,0.0,945249.0,11,31,1
u_00654,33.0,F,MOBILE,0.0,510812.0,9,20,0
u_00655,35.0,F,WEB,0.0,761000.0,9,7,0
u_00656,41.0,F,WEB,1.0,,23,15,0
u_00657,20.0,F,APP,3.0,1165921.0,10,25,0
u_00658,47.0,F,WEB,0.0,915.0,0,27,0
u_00659,48.0,F,MOBILE,1.0,1161844.0,10,22,0
u_00660,23.0,M,WEB,0.0,843400.0,8,31,1
u_00661,33.0,M,WEB,1.0,412750.0,5,0,1
u_00662,52.0,F,MOBILE,3.0,794393.0,9,0,0
u_00663,37.0,F,WEB,0.0,583838.0,8,154,1
u_00664,24.0,M,AD,2.0,457760.0,10,0,0
u_00665,37.0,M,REFERRAL,0.0,1716859.0,16,71,0
u_00666,59.0,M,AD,2.0,543440.0,7,109,1
u_00667,35.0,F,MOBILE,0.0,150000.0,10,0,0
u_00668,38.0,M,WEB,2.0,253191.0,4,8,0
u_00669,31.0,M,APP,2.0,644965.0,9,50,0
u_00670,,M,APP,3.0,1052271.0,14,0,0
u_00671,39.0,F,APP,4.0,1213242.0,18,0,0
u_00672,37.0,F,WEB,0.0,53717.0,1,18,0
u_00673,56.0,F,MOBILE,0.0,588676.0,5,0,1
u_00674,30.0,M,MOBILE,0.0,363760.0,8,82,0
u_00675,20.0,M,MOBILE,1.0,326067.0,7,86,1
u_00676,32.0,F,MOBILE,3.0,675150.0,8,0,0
u_00677,50.0,F,APP,0.0,610367.0,9,58,0
u_00678,24.0,F,,0.0,98101.0,1,71,0
u_00679,56.0,M,MOBILE,0.0,434712.0,6,68,0
u_00680,44.0,M,WEB,2.0,1573079.0,13,0,0
u_00681,47.0,M,APP,0.0,518689.0,5,20,0
u_00682,22.0,M,WEB,1.0,1029641.0,12,47,0
u_00683,34.0,M,MOBILE,0.0,453755.0,5,43,1
u_00684,44.0,M,WEB,0.0,685118.0,7,97,1
u_00685,43.0,M,AD,0.0,74057.0,1,59,0
u_00686,43.0,F,WEB,0.0,331123.0,6,36,0
u_00687,42.0,M,AD,0.0,722998.0,7,41,0
u_00688,37.0,M,REFERRAL,1.0,136836.0,3,55,0
u_00689,20.0,M,WEB,3.0,1470237.0,13,3,0
u_00690,,M,MOBILE,1.0,1698170.0,4,33,0
u_00691,20.0,M,WEB,0.0,506063.0,5,60,1
u_00692,22.0,F,APP,2.0,608217.0,12,16,0
u_00693,22.0,M,APP,0.0,137657.0,1,27,0
u_00694,39.0,F,REFERRAL,0.0,273460.0,6,22,1
u_00695,53.0,M,WEB,2.0,727080.0,25,60,0
u_00696,,M,REFERRAL,1.0,1021696.0,11,0,0
u_00697,20.0,M,MOBILE,0.0,469596.0,4,0,0
u_00698,41.0,F,MOBILE,1.0,972287.0,14,88,0
u_00699,55.0,M,WEB,0.0,3575.0,0,71,0
u_00700,34.0,M,WEB,1.0,1180296.0,17,11,0
u_00701,29.0,M,MOBILE,4.0,1645906.0,14,0,0
u_00702,20.0,F,APP,1.0,330266.0,10,120,1
u_00703,52.0,M,MOBILE,0.0,143980.0,2,50,0
u_00704,30.0,M,REFERRAL,0.0,859738.0,14,7,0
u_00705,39.0,M,MOBILE,0.0,832008.0,12,0,0
u_00706,51.0,M,WEB,0.0,125214.0,7,80,0
u_00707,34.0,M,REFERRAL,4.0,2126112.0,28,0,0
u_00708,37.0,M,APP,1.0,665381.0,5,29,0
u_00709,33.0,M,MOBILE,4.0,,15,23,0
u_00710,34.0,M,MOBILE,1.0,513877.0,9,0,0
u_00711,42.0,M,APP,0.0,585869.0,7,133,1
u_00712,41.0,F,MOBILE,1.0,432496.0,4,13,0
u_00713,50.0,M,REFERRAL,5.0,1286325.0,19,0,0
u_00714,42.0,M,WEB,1.0,569474.0,5,2,0
u_00715,32.0,M,WEB,0.0,153688.0,2,35,1
u_00716,30.0,M,MOBILE,4.0,2368546.0,21,48,0
u_00717,35.0,F,WEB,0.0,571948.0,7,64,0
u_00718,47.0,M,MOBILE,4.0,745057.0,12,0,0
u_00719,,F,WEB,1.0,512515.0,5,8,0
u_00720,22.0,M,WEB,1.0,195232.0,7,50,1
u_00721,41.0,M,MOBILE,0.0,368950.0,3,36,0
u_00722,21.0,F,APP,2.0,220058.0,3,218,1
u_00723,54.0,F,WEB,4.0,746870.0,13,84,0
u_00724,47.0,F,MOBILE,0.0,3274.0,0,36,1
u_00725,29.0,M,WEB,4.0,631470.0,10,0,0
u_00726,20.0,M,WEB,0.0,391732.0,10,0,0
u_00727,46.0,F,WEB,1.0,750112.0,11,41,0
u_00728,45.0,F,REFERRAL,0.0,843982.0,11,2,0
u_00729,50.0,M,WEB,2.0,250064.0,8,27,0
u_00730,46.0,M,MOBILE,5.0,1098746.0,14,0,0
u_00731,29.0,M,REFERRAL,0.0,167725.0,2,0,1
u_00732,32.0,F,APP,2.0,1345358.0,12,66,0
u_00733,35.0,F,APP,0.0,997419.0,11,38,0
u_00734,37.0,F,WEB,1.0,736823.0,11,20,0
u_00735,30.0,F,MOBILE,0.0,,1,0,0
u_00736,40.0,M,MOBILE,0.0,2254.0,0,271,1
u_00737,36.0,M,MOBILE,1.0,775257.0,7,0,0
u_00738,53.0,F,REFERRAL,2.0,423566.0,5,81,0
u_00739,46.0,M,WEB,0.0,102210.0,1,0,0
u_00740,42.0,F,WEB,0.0,678051.0,9,4,0
u_00741,42.0,F,WEB,0.0,364383.0,4,46,0
u_00742,33.0,M,MOBILE,0.0,1670.0,0,7,0
u_00743,38.0,M,WEB,0.0,70247.0,1,99,0
u_00744,35.0,F,REFERRAL,0.0,840070.0,7,17,0
u_00745,20.0,M,REFERRAL,0.0,253025.0,5,0,0
u_00746,26.0,M,WEB,1.0,243685.0,3,0,0
u_00747,41.0,M,REFERRAL,0.0,579816.0,6,21,0
u_00748,53.0,M,APP,3.0,1080926.0,16,5,0
u_00749,42.0,F,APP,0.0,232245.0,4,17,0
u_00750,40.0,M,MOBILE,1.0,612615.0,10,9,0
u_00751,55.0,F,WEB,0.0,242715.0,4,45,0
u_00752,34.0,M,WEB,1.0,265803.0,7,19,0
u_00753,49.0,F,WEB,0.0,95235.0,1,38,1
u_00754,54.0,F,WEB,0.0,1181568.0,13,56,0
u_00755,38.0,F,REFERRAL,0.0,180601.0,4,23,0
u_00756,36.0,M,WEB,2.0,371828.0,6,91,0
u_00757,,M,APP,0.0,43527.0,1,5,1
u_00758,43.0,F,MOBILE,0.0,95429.0,1,53,1
u_00759,28.0,F,AD,3.0,1243480.0,16,3,0
u_00760,20.0,F,MOBILE,1.0,900576.0,10,0,0
u_00761,20.0,M,WEB,0.0,1174994.0,11,58,0
u_00762,50.0,F,WEB,3.0,330120.0,10,33,0
u_00763,45.0,F,WEB,0.0,689686.0,12,55,0
u_00764,32.0,F,APP,0.0,74591.0,1,74,0
u_00765,28.0,M,MOBILE,1.0,1335834.0,13,32,0
u_00766,51.0,F,MOBILE,5.0,818930.0,15,25,0
u_00767,34.0,F,APP,4.0,2005575.0,19,0,0
u_00768,20.0,M,REFERRAL,0.0,601024.0,7,14,0
u_00769,34.0,F,APP,2.0,548238.0,9,0,0
u_00770,45.0,F,WEB,3.0,1447131.0,13,18,0
u_00771,34.0,F,MOBILE,0.0,1121124.0,12,63,0
u_00772,53.0,F,MOBILE,0.0,347200.0,8,67,0
u_00773,47.0,F,REFERRAL,0.0,74948.0,2,61,0
u_00774,48.0,F,MOBILE,1.0,196873.0,4,0,0
u_00775,20.0,F,AD,0.0,272394.0,6,36,1
u_00776,24.0,M,WEB,0.0,136158.0,2,31,1
u_00777,38.0,F,APP,0.0,118812.0,2,27,0
u_00778,26.0,F,REFERRAL,0.0,582528.0,6,8,0
u_00779,42.0,M,MOBILE,0.0,181963.0,2,32,0
u_00780,49.0,F,WEB,2.0,364294.0,4,81,0
u_00781,26.0,F,MOBILE,2.0,461234.0,6,9,0
u_00782,32.0,F,REFERRAL,0.0,56019.0,1,34,1
u_00783,34.0,F,APP,0.0,424603.0,5,36,1
u_00784,34.0,F,AD,0.0,231714.0,2,0,1
u_00785,39.0,M,MOBILE,0.0,613415.0,5,0,0
u_00786,44.0,M,APP,1.0,274231.0,5,62,0
u_00787,33.0,F,APP,4.0,925215.0,12,174,0
u_00788,41.0,M,AD,4.0,1150682.0,12,57,0
u_00789,20.0,M,MOBILE,1.0,206331.0,2,23,0
u_00790,52.0,M,APP,0.0,1340.0,0,2,0
u_00791,22.0,F,MOBILE,0.0,883131.0,12,25,1
u_00792,47.0,M,WEB,0.0,320627.0,4,1,0
u_00793,33.0,M,REFERRAL,3.0,1460285.0,15,103,1
u_00794,47.0,M,MOBILE,0.0,1963567.0,15,126,0
u_00795,36.0,F,APP,1.0,360474.0,6,18,0
u_00796,21.0,M,MOBILE,0.0,214374.0,4,0,0
u_00797,20.0,M,REFERRAL,0.0,366645.0,4,28,1
u_00798,29.0,M,APP,0.0,164178.0,3,43,0
u_00799,57.0,M,WEB,0.0,67535.0,1,43,1
u_00800,20.0,M,WEB,2.0,744781.0,10,36,0
u_00801,38.0,M,AD,0.0,312504.0,8,0,0
u_00802,43.0,M,WEB,1.0,746713.0,9,113,0
u_00803,44.0,F,MOBILE,0.0,114978.0,3,90,1
u_00804,,M,APP,1.0,554339.0,6,13,0
u_00805,48.0,M,MOBILE,3.0,943256.0,9,0,0
u_00806,41.0,M,AD,1.0,518022.0,6,12,1
u_00807,57.0,M,WEB,1.0,200013.0,3,0,0
u_00808,35.0,F,REFERRAL,4.0,945363.0,13,0,0
u_00809,37.0,M,MOBILE,3.0,1304221.0,15,0,0
u_00810,28.0,M,AD,0.0,105088.0,1,51,0
u_00811,50.0,M,APP,0.0,344286.0,5,15,0
u_00812,37.0,F,MOBILE,0.0,1258916.0,17,0,0
u_00813,39.0,F,AD,0.0,890042.0,8,18,0
u_00814,27.0,M,MOBILE,0.0,1025289.0,14,6,0
u_00815,48.0,F,WEB,0.0,456461.0,9,43,0
u_00816,24.0,M,MOBILE,0.0,190926.0,3,12,1
u_00817,35.0,M,MOBILE,2.0,721809.0,12,0,0
u_00818,24.0,F,MOBILE,4.0,1068558.0,14,0,0
u_00819,34.0,M,WEB,2.0,426328.0,5,0,0
u_00820,38.0,F,WEB,1.0,610210.0,6,25,1
u_00821,35.0,M,WEB,2.0,629017.0,14,21,0
u_00822,45.0,M,WEB,1.0,175743.0,3,54,0
u_00823,25.0,F,MOBILE,0.0,2075035.0,20,0,0
u_00824,40.0,M,WEB,1.0,684089.0,11,0,0
u_00825,53.0,F,WEB,1.0,631170.0,8,3,0
u_00826,28.0,F,APP,4.0,1546112.0,18,3,0
u_00827,30.0,F,APP,3.0,1391650.0,23,102,0
u_00828,27.0,F,APP,1.0,811115.0,10,69,0
u_00829,58.0,F,REFERRAL,3.0,625489.0,9,25,0
u_00830,26.0,F,MOBILE,0.0,103571.0,2,52,0
u_00831,28.0,F,APP,1.0,445463.0,8,71,0
u_00832,61.0,M,WEB,0.0,1064838.0,12,32,0
u_00833,60.0,M,AD,0.0,3378.0,0,31,1
u_00834,39.0,F,REFERRAL,1.0,384074.0,11,0,0
u_00835,20.0,M,APP,1.0,247286.0,5,34,1
u_00836,26.0,F,APP,2.0,1181054.0,23,0,0
u_00837,33.0,M,REFERRAL,2.0,555280.0,7,32,1
u_00838,28.0,M,REFERRAL,0.0,727792.0,7,22,0
u_00839,31.0,M,REFERRAL,1.0,774329.0,13,0,0
u_00840,38.0,M,REFERRAL,1.0,4265410.0,6,18,1
u_00841,31.0,F,WEB,0.0,148881.0,2,177,1
u_00842,,M,MOBILE,0.0,232423.0,2,2,0
u_00843,20.0,M,REFERRAL,1.0,1551591.0,18,109,0
u_00844,38.0,M,MOBILE,0.0,420635.0,4,46,0
u_00845,23.0,F,WEB,2.0,543801.0,6,13,1
u_00846,39.0,F,WEB,0.0,339872.0,3,20,0
u_00847,45.0,F,AD,0.0,474653.0,8,12,0
u_00848,20.0,M,WEB,1.0,733872.0,9,59,0
u_00849,34.0,F,APP,0.0,1098193.0,14,112,0
u_00850,26.0,M,MOBILE,4.0,817441.0,19,0,0
u_00851,22.0,M,WEB,4.0,1744201.0,17,0,0
u_00852,20.0,M,APP,0.0,183657.0,3,82,0
u_00853,41.0,M,MOBILE,0.0,345637.0,6,157,1
u_00854,35.0,F,WEB,4.0,984464.0,17,131,0
u_00855,28.0,F,APP,3.0,810983.0,11,0,0
u_00856,28.0,F,MOBILE,3.0,518118.0,7,59,0
u_00857,35.0,F,REFERRAL,1.0,1485380.0,15,87,0
u_00858,26.0,M,WEB,0.0,857.0,0,11,1
u_00859,44.0,M,MOBILE,4.0,672815.0,8,0,0
u_00860,51.0,F,MOBILE,1.0,568596.0,9,40,0
u_00861,37.0,M,APP,2.0,1803853.0,25,0,0
u_00862,37.0,F,MOBILE,0.0,1408947.0,15,0,0
u_00863,20.0,M,APP,0.0,551178.0,5,17,0
u_00864,33.0,M,MOBILE,4.0,1176544.0,18,0,0
u_00865,35.0,M,AD,5.0,1726212.0,17,33,0
u_00866,22.0,M,APP,1.0,2037874.0,20,0,0
u_00867,36.0,M,WEB,0.0,983113.0,19,33,0
u_00868,42.0,M,WEB,0.0,519802.0,5,87,1
u_00869,29.0,M,REFERRAL,0.0,154703.0,4,47,1
u_00870,41.0,M,APP,0.0,322273.0,4,24,0
u_00871,38.0,F,MOBILE,0.0,1189827.0,14,0,0
u_00872,33.0,M,MOBILE,0.0,486650.0,5,0,0
u_00873,20.0,M,APP,1.0,286372.0,4,0,0
u_00874,56.0,F,APP,0.0,1417334.0,13,68,0
u_00875,41.0,F,MOBILE,1.0,921084.0,10,4,0
u_00876,46.0,F,MOBILE,0.0,450927.0,5,14,0
u_00877,40.0,M,AD,0.0,106150.0,2,19,0
u_00878,29.0,F,AD,2.0,1300274.0,12,71,0
u_00879,56.0,F,MOBILE,0.0,2538.0,0,22,1
u_00880,33.0,F,WEB,0.0,293332.0,3,20,0
u_00881,36.0,F,MOBILE,1.0,955535.0,14,119,0
u_00882,43.0,F,MOBILE,0.0,335427.0,5,35,0
u_00883,20.0,F,MOBILE,4.0,988023.0,9,0,0
u_00884,44.0,F,MOBILE,1.0,302456.0,8,70,0
u_00885,36.0,M,MOBILE,0.0,154161.0,2,0,0
u_00886,42.0,M,WEB,2.0,506244.0,8,188,0
u_00887,39.0,F,MOBILE,3.0,545430.0,9,0,0
u_00888,38.0,F,WEB,2.0,592768.0,9,46,0
u_00889,46.0,F,REFERRAL,0.0,326052.0,6,17,0
u_00890,31.0,M,MOBILE,0.0,1320168.0,11,131,0
u_00891,30.0,M,MOBILE,0.0,98980.0,1,83,0
u_00892,26.0,F,MOBILE,1.0,170364.0,2,0,0
u_00893,24.0,M,AD,0.0,273415.0,5,88,1
u_00894,32.0,F,WEB,1.0,888975.0,9,16,0
u_00895,29.0,M,APP,2.0,736284.0,9,42,0
u_00896,42.0,F,WEB,0.0,1351681.0,9,18,0
u_00897,27.0,F,APP,1.0,466471.0,10,26,0
u_00898,21.0,M,MOBILE,1.0,2372430.0,18,0,0
u_00899,33.0,F,MOBILE,0.0,174870.0,2,287,1
u_00900,45.0,M,WEB,0.0,405329.0,5,104,0
u_00901,20.0,F,REFERRAL,1.0,1220629.0,16,0,0
u_00902,52.0,M,WEB,1.0,617137.0,12,65,0
u_00903,39.0,M,APP,1.0,947992.0,14,59,0
u_00904,20.0,F,MOBILE,0.0,74426.0,1,8,1
u_00905,33.0,M,APP,1.0,352567.0,4,16,0
u_00906,36.0,M,REFERRAL,5.0,1053383.0,13,0,0
u_00907,35.0,F,REFERRAL,4.0,321230.0,8,0,0
u_00908,20.0,M,REFERRAL,2.0,454555.0,10,61,0
u_00909,37.0,F,WEB,2.0,782671.0,10,49,0
u_00910,44.0,M,WEB,0.0,1264.0,0,36,1
u_00911,42.0,F,MOBILE,0.0,861474.0,7,7,0
u_00912,20.0,F,WEB,0.0,210932.0,3,0,1
u_00913,43.0,F,REFERRAL,4.0,764818.0,13,0,0
u_00914,37.0,F,WEB,0.0,,3,51,0
u_00915,51.0,M,MOBILE,0.0,453526.0,7,0,1
u_00916,37.0,F,WEB,2.0,612448.0,7,25,1
u_00917,47.0,F,REFERRAL,3.0,1296849.0,15,0,0
u_00918,64.0,M,APP,2.0,734017.0,8,25,0
u_00919,40.0,F,MOBILE,1.0,120091.0,2,0,0
u_00920,29.0,F,AD,0.0,546959.0,11,45,0
u_00921,42.0,M,MOBILE,4.0,6879920.0,21,0,0
u_00922,43.0,M,APP,1.0,281899.0,5,177,1
u_00923,43.0,F,APP,3.0,1086308.0,9,23,0
u_00924,20.0,M,APP,1.0,707834.0,9,3,0
u_00925,33.0,M,APP,4.0,1726951.0,19,61,0
u_00926,20.0,M,MOBILE,2.0,684006.0,9,16,0
u_00927,35.0,F,MOBILE,1.0,515930.0,6,21,1
u_00928,58.0,M,MOBILE,1.0,1339159.0,17,56,0
u_00929,38.0,F,MOBILE,1.0,802062.0,8,0,0
u_00930,35.0,F,MOBILE,0.0,215639.0,3,19,1
u_00931,20.0,F,MOBILE,4.0,1741011.0,20,0,0
u_00932,,M,WEB,3.0,826354.0,18,0,0
u_00933,20.0,M,MOBILE,1.0,1244799.0,10,24,0
u_00934,36.0,M,REFERRAL,3.0,556828.0,11,0,0
u_00935,37.0,M,APP,4.0,878363.0,12,77,0
u_00936,41.0,M,APP,1.0,392191.0,13,74,0
u_00937,20.0,F,REFERRAL,0.0,380243.0,4,0,1
u_00938,50.0,M,APP,2.0,1008766.0,11,0,0
u_00939,44.0,M,AD,0.0,261069.0,7,25,1
u_00940,41.0,F,MOBILE,1.0,978489.0,15,20,0
u_00941,46.0,M,AD,2.0,961037.0,11,0,0
u_00942,37.0,F,REFERRAL,2.0,749735.0,8,0,0
u_00943,40.0,M,APP,0.0,943220.0,13,37,0
u_00944,26.0,M,WEB,0.0,3902.0,0,37,0
u_00945,33.0,M,WEB,0.0,370790.0,5,7,0
u_00946,20.0,F,MOBILE,1.0,611650.0,6,62,0
u_00947,33.0,F,MOBILE,0.0,1593040.0,14,74,0
u_00948,40.0,F,MOBILE,0.0,280024.0,3,35,0
u_00949,48.0,F,WEB,0.0,74791.0,1,62,0
u_00950,30.0,M,MOBILE,0.0,254408.0,4,39,0
u_00951,24.0,M,MOBILE,1.0,1456100.0,16,43,0
u_00952,25.0,M,WEB,1.0,2407080.0,27,0,0
u_00953,20.0,M,APP,0.0,280657.0,3,46,0
u_00954,20.0,F,REFERRAL,2.0,1114401.0,13,26,0
u_00955,29.0,M,WEB,3.0,1004446.0,16,26,0
u_00956,30.0,M,APP,1.0,425697.0,14,0,0
u_00957,20.0,M,MOBILE,0.0,386746.0,5,40,0
u_00958,36.0,F,APP,1.0,2061.0,0,71,0
u_00959,55.0,F,MOBILE,1.0,597088.0,8,66,0
u_00960,44.0,M,APP,0.0,1108733.0,15,7,0
u_00961,21.0,M,MOBILE,3.0,985706.0,13,1,0
u_00962,48.0,M,WEB,0.0,497427.0,5,0,0
u_00963,34.0,F,MOBILE,2.0,627241.0,9,83,1
u_00964,37.0,F,APP,0.0,691695.0,8,78,1
u_00965,44.0,F,MOBILE,4.0,438402.0,20,7,0
u_00966,20.0,M,WEB,3.0,369708.0,9,0,0
u_00967,41.0,M,MOBILE,3.0,472134.0,7,68,0
u_00968,20.0,M,AD,1.0,473715.0,7,15,0
u_00969,41.0,M,WEB,1.0,249032.0,3,1,0
u_00970,46.0,M,MOBILE,2.0,1163689.0,13,17,0
u_00971,29.0,M,MOBILE,1.0,549366.0,8,21,0
u_00972,35.0,M,WEB,1.0,433267.0,4,32,0
u_00973,47.0,F,WEB,1.0,27351.0,1,15,1
u_00974,41.0,M,APP,5.0,934801.0,14,0,0
u_00975,44.0,M,APP,3.0,1011455.0,11,0,0
u_00976,44.0,M,WEB,1.0,678221.0,5,12,0
u_00977,32.0,F,APP,1.0,643108.0,7,51,1
u_00978,54.0,M,MOBILE,0.0,419443.0,7,106,1
u_00979,45.0,M,AD,1.0,964116.0,11,33,0
u_00980,27.0,M,MOBILE,0.0,693679.0,10,55,0
u_00981,36.0,F,MOBILE,4.0,1605987.0,22,94,0
u_00982,33.0,M,WEB,1.0,2065138.0,14,0,1
u_00983,26.0,F,WEB,0.0,185081.0,2,33,0
u_00984,28.0,M,APP,1.0,546399.0,7,65,0
u_00985,25.0,F,MOBILE,1.0,183814.0,2,8,0
u_00986,20.0,M,MOBILE,,748047.0,9,0,0
u_00987,30.0,F,WEB,1.0,673776.0,6,41,0
u_00988,35.0,M,MOBILE,0.0,4903.0,0,56,1
u_00989,46.0,M,WEB,2.0,148701.0,3,102,0
u_00990,29.0,F,MOBILE,0.0,254706.0,3,38,1
u_00991,27.0,M,MOBILE,0.0,261431.0,5,168,0
u_00992,31.0,F,MOBILE,2.0,575771.0,9,38,1
u_00993,39.0,F,MOBILE,0.0,580207.0,9,72,0
u_00994,45.0,M,APP,0.0,217672.0,2,53,1
u_00995,26.0,M,APP,1.0,194963.0,4,48,0
u_00996,36.0,M,MOBILE,1.0,190026.0,4,31,0
u_00997,48.0,F,APP,1.0,190080.0,3,32,0
u_00998,20.0,M,WEB,3.0,914195.0,13,53,0
u_00999,38.0,F,APP,0.0,557354.0,5,25,1
u_01000,35.0,F,WEB,0.0,562877.0,12,4,0
u_01001,27.0,M,MOBILE,1.0,419856.0,6,12,0
u_01002,51.0,M,REFERRAL,0.0,274192.0,7,135,0
u_01003,53.0,M,REFERRAL,0.0,1061693.0,13,17,0
u_01004,35.0,M,WEB,3.0,1009222.0,12,34,0
u_01005,48.0,F,MOBILE,2.0,1173049.0,11,275,1
u_01006,44.0,F,REFERRAL,0.0,142498.0,3,0,1
u_01007,35.0,M,APP,0.0,345069.0,3,57,0
u_01008,37.0,M,WEB,5.0,2522068.0,26,0,0
u_01009,32.0,M,MOBILE,0.0,779981.0,7,96,1
u_01010,36.0,F,APP,3.0,719495.0,15,0,0
u_01011,22.0,F,WEB,2.0,471553.0,10,60,0
u_01012,41.0,F,AD,3.0,1185586.0,22,14,0
u_01013,56.0,F,WEB,0.0,316927.0,5,57,1
u_01014,38.0,F,MOBILE,4.0,848829.0,12,0,0
u_01015,40.0,F,WEB,0.0,2051.0,0,68,0
u_01016,34.0,M,MOBILE,2.0,276121.0,5,22,0
u_01017,25.0,F,REFERRAL,1.0,381400.0,6,74,1
u_01018,47.0,M,MOBILE,0.0,108468.0,3,0,0
u_01019,32.0,F,WEB,3.0,841779.0,11,130,1
u_01020,27.0,F,WEB,0.0,1388237.0,14,13,0
u_01021,35.0,F,WEB,0.0,175276.0,2,40,0
u_01022,21.0,F,MOBILE,1.0,567422.0,10,1,1
u_01023,39.0,F,MOBILE,0.0,302895.0,5,234,1
u_01024,33.0,M,APP,3.0,2691697.0,19,57,0
u_01025,52.0,M,MOBILE,3.0,1613301.0,16,0,0
u_01026,44.0,F,WEB,0.0,410220.0,10,219,0
u_01027,22.0,F,REFERRAL,0.0,931.0,0,6,1
u_01028,26.0,M,WEB,2.0,474242.0,7,44,0
u_01029,31.0,F,AD,0.0,432131.0,6,36,0
u_01030,20.0,M,MOBILE,0.0,337663.0,5,34,1
u_01031,20.0,M,WEB,2.0,537995.0,7,0,0
u_01032,49.0,M,REFERRAL,1.0,549954.0,7,49,1
u_01033,41.0,M,APP,1.0,393740.0,7,65,0
u_01034,28.0,M,REFERRAL,0.0,643835.0,9,80,0
u_01035,31.0,M,APP,0.0,260664.0,7,106,1
u_01036,27.0,M,MOBILE,0.0,749482.0,9,7,0
u_01037,51.0,M,REFERRAL,0.0,403467.0,6,17,0
u_01038,47.0,M,MOBILE,4.0,2867728.0,22,0,0
u_01039,25.0,M,AD,2.0,178109.0,6,7,0
u_01040,33.0,F,APP,1.0,1275286.0,14,7,0
u_01041,20.0,F,MOBILE,0.0,207465.0,2,0,0
u_01042,45.0,F,APP,2.0,296140.0,6,0,0
u_01043,25.0,M,WEB,0.0,497582.0,5,20,1
u_01044,64.0,F,REFERRAL,0.0,389543.0,4,13,0
u_01045,30.0,M,APP,4.0,790177.0,10,46,0
u_01046,52.0,F,REFERRAL,0.0,946122.0,8,0,1
u_01047,20.0,M,WEB,0.0,178567.0,2,190,1
u_01048,27.0,M,APP,2.0,265420.0,5,16,0
u_01049,37.0,F,WEB,0.0,989850.0,11,46,0
u_01050,60.0,F,MOBILE,3.0,1162907.0,17,34,0
u_01051,32.0,M,APP,0.0,557168.0,5,60,0
u_01052,51.0,M,APP,2.0,942304.0,19,0,0
u_01053,29.0,F,AD,0.0,85805.0,1,42,0
u_01054,31.0,F,WEB,2.0,2512060.0,29,7,0
u_01055,41.0,M,MOBILE,1.0,90000.0,6,58,0
u_01056,31.0,F,MOBILE,0.0,210093.0,3,26,0
u_01057,23.0,F,APP,2.0,1032807.0,13,0,0
u_01058,51.0,M,APP,1.0,276374.0,6,25,0
u_01059,49.0,M,WEB,0.0,232635.0,7,23,0
u_01060,48.0,F,MOBILE,1.0,78640.0,1,29,0
u_01061,42.0,F,MOBILE,1.0,960277.0,8,5,0
u_01062,26.0,F,MOBILE,0.0,33800.0,1,27,0
u_01063,42.0,F,MOBILE,0.0,305961.0,5,0,0
u_01064,25.0,M,WEB,3.0,625516.0,14,0,0
u_01065,49.0,M,AD,0.0,469216.0,6,8,0
u_01066,26.0,F,WEB,4.0,833781.0,11,0,0
u_01067,41.0,F,MOBILE,0.0,447069.0,6,0,0
u_01068,29.0,F,MOBILE,2.0,407472.0,8,69,0
u_01069,41.0,F,MOBILE,1.0,1691156.0,13,9,0
u_01070,34.0,F,APP,2.0,315773.0,7,75,0
u_01071,36.0,F,APP,5.0,344677.0,18,51,0
u_01072,41.0,F,MOBILE,0.0,230556.0,4,16,0
u_01073,55.0,F,MOBILE,0.0,498376.0,5,0,1
u_01074,29.0,M,WEB,3.0,1077570.0,12,0,0
u_01075,48.0,M,MOBILE,0.0,212681.0,3,81,0
u_01076,43.0,F,WEB,0.0,452122.0,5,63,0
u_01077,41.0,M,MOBILE,0.0,362992.0,4,37,0
u_01078,34.0,M,WEB,0.0,269337.0,3,25,1
u_01079,33.0,M,MOBILE,1.0,432109.0,6,2,0
u_01080,45.0,M,MOBILE,0.0,735717.0,7,129,1
u_01081,40.0,M,WEB,0.0,96195.0,2,0,1
u_01082,27.0,F,WEB,0.0,415700.0,9,10,0
u_01083,34.0,F,MOBILE,1.0,421744.0,7,75,0
u_01084,46.0,F,MOBILE,0.0,1031283.0,11,37,1
u_01085,50.0,F,MOBILE,1.0,579197.0,9,19,0
u_01086,33.0,M,APP,,450416.0,6,59,0
u_01087,35.0,M,WEB,0.0,159742.0,3,60,0
u_01088,37.0,M,AD,0.0,488137.0,5,0,1
u_01089,38.0,F,WEB,0.0,4505.0,0,3,0
u_01090,20.0,F,AD,0.0,277.0,0,37,1
u_01091,53.0,M,AD,0.0,581345.0,8,9,0
u_01092,33.0,F,AD,0.0,96095.0,1,36,1
u_01093,20.0,M,WEB,0.0,287420.0,4,0,0
u_01094,37.0,F,WEB,5.0,1398120.0,16,24,0
u_01095,23.0,M,WEB,0.0,96784.0,4,68,0
u_01096,29.0,M,MOBILE,0.0,338805.0,4,13,1
u_01097,20.0,M,MOBILE,0.0,571990.0,9,16,0
u_01098,29.0,M,MOBILE,0.0,710026.0,9,12,0
u_01099,63.0,M,MOBILE,0.0,400137.0,5,0,0
u_01100,36.0,M,WEB,1.0,805434.0,9,2,0
u_01101,20.0,F,AD,1.0,1741904.0,15,0,0
u_01102,31.0,F,WEB,0.0,869.0,0,52,0
u_01103,45.0,F,WEB,1.0,508046.0,11,159,1
u_01104,31.0,M,AD,1.0,893602.0,8,117,0
u_01105,20.0,F,MOBILE,0.0,751769.0,9,26,1
u_01106,20.0,F,APP,0.0,325319.0,4,105,0
u_01107,31.0,M,WEB,2.0,1758810.0,16,46,0
u_01108,50.0,F,MOBILE,0.0,649580.0,10,0,0
u_01109,22.0,F,MOBILE,1.0,459480.0,7,77,1
u_01110,43.0,F,REFERRAL,0.0,222666.0,7,60,0
u_01111,44.0,M,WEB,2.0,1353701.0,13,131,0
u_01112,44.0,M,MOBILE,1.0,198617.0,4,20,0
u_01113,28.0,F,REFERRAL,3.0,1183470.0,11,8,0
u_01114,20.0,F,WEB,2.0,476703.0,7,36,0
u_01115,37.0,M,APP,0.0,156925.0,2,12,0
u_01116,44.0,F,WEB,1.0,1112450.0,12,63,0
u_01117,27.0,M,MOBILE,0.0,4979.0,0,0,0
u_01118,46.0,F,WEB,0.0,745198.0,9,58,0
u_01119,32.0,F,WEB,0.0,697526.0,8,17,0
u_01120,32.0,M,WEB,4.0,1621632.0,17,0,0
u_01121,20.0,M,AD,3.0,,14,145,0
u_01122,28.0,M,WEB,0.0,621229.0,10,123,1
u_01123,39.0,M,APP,0.0,111910.0,2,21,0
u_01124,37.0,M,WEB,0.0,115028.0,1,31,0
u_01125,34.0,M,WEB,1.0,399479.0,9,0,0
u_01126,37.0,M,MOBILE,1.0,786083.0,6,54,1
u_01127,50.0,F,REFERRAL,2.0,275927.0,14,11,1
u_01128,35.0,M,AD,1.0,85798.0,1,9,0
u_01129,47.0,F,REFERRAL,1.0,518652.0,5,32,0
u_01130,42.0,F,WEB,0.0,105000.0,7,45,0
u_01131,44.0,F,APP,0.0,403443.0,6,31,1
u_01132,29.0,F,APP,0.0,404600.0,8,23,1
u_01133,45.0,M,WEB,1.0,357002.0,3,4,0
u_01134,43.0,F,MOBILE,1.0,480721.0,7,0,0
u_01135,64.0,M,MOBILE,1.0,451012.0,5,0,0
u_01136,48.0,M,MOBILE,4.0,808413.0,10,54,0
u_01137,22.0,F,AD,0.0,414828.0,4,6,1
u_01138,36.0,M,APP,0.0,790227.0,7,60,0
u_01139,26.0,M,MOBILE,3.0,852219.0,10,0,0
u_01140,28.0,M,MOBILE,0.0,201900.0,3,0,0
u_01141,39.0,F,MOBILE,1.0,114384.0,2,153,1
u_01142,37.0,M,WEB,5.0,1494888.0,18,160,0
u_01143,39.0,M,WEB,2.0,1489284.0,25,66,0
u_01144,30.0,F,WEB,0.0,30658.0,2,0,0
u_01145,21.0,M,MOBILE,0.0,111700.0,2,16,1
u_01146,43.0,F,AD,0.0,173423.0,5,52,1
u_01147,45.0,F,MOBILE,4.0,859312.0,13,0,0
u_01148,25.0,M,WEB,1.0,181120.0,5,15,0
u_01149,50.0,M,MOBILE,0.0,1472223.0,14,29,0
u_01150,31.0,M,MOBILE,1.0,183140.0,3,0,0
u_01151,25.0,F,MOBILE,0.0,1145162.0,12,160,1
u_01152,47.0,M,MOBILE,1.0,692833.0,12,57,0
u_01153,33.0,M,MOBILE,1.0,270930.0,6,0,0
u_01154,20.0,M,WEB,0.0,324937.0,3,61,0
u_01155,44.0,M,WEB,0.0,693110.0,8,55,0
u_01156,20.0,M,MOBILE,0.0,48147.0,2,65,0
u_01157,20.0,M,APP,4.0,1222308.0,19,10,0
u_01158,40.0,M,REFERRAL,0.0,315708.0,8,59,0
u_01159,26.0,M,WEB,0.0,971114.0,13,118,1
u_01160,35.0,M,MOBILE,1.0,187666.0,3,2,0
u_01161,38.0,M,APP,1.0,1357735.0,11,28,0
u_01162,34.0,M,APP,0.0,446541.0,6,23,0
u_01163,36.0,M,APP,0.0,533546.0,7,27,0
u_01164,31.0,M,AD,2.0,1422357.0,17,98,0
u_01165,30.0,M,WEB,3.0,680566.0,12,7,0
u_01166,22.0,F,WEB,1.0,583061.0,5,23,0
u_01167,23.0,F,WEB,2.0,419128.0,5,101,0
u_01168,28.0,F,WEB,0.0,263228.0,3,44,1
u_01169,41.0,M,AD,1.0,1889972.0,23,7,0
u_01170,47.0,M,WEB,1.0,728908.0,9,0,0
u_01171,47.0,F,REFERRAL,2.0,1077282.0,12,0,0
u_01172,54.0,M,APP,4.0,1539660.0,21,0,0
u_01173,24.0,F,AD,0.0,407.0,0,13,0
u_01174,52.0,M,WEB,3.0,2168177.0,20,20,0
u_01175,30.0,M,APP,2.0,639099.0,5,19,0
u_01176,28.0,F,REFERRAL,2.0,892895.0,9,27,0
u_01177,39.0,F,MOBILE,1.0,340435.0,14,71,0
u_01178,46.0,M,WEB,2.0,871619.0,10,38,0
u_01179,37.0,M,WEB,2.0,591846.0,8,59,0
u_01180,30.0,F,AD,1.0,276212.0,3,9,0
u_01181,62.0,M,MOBILE,0.0,193257.0,2,35,0
u_01182,43.0,M,APP,1.0,176468.0,3,18,0
u_01183,35.0,F,WEB,0.0,75000.0,5,12,0
u_01184,20.0,F,APP,1.0,907426.0,8,57,0
u_01185,20.0,F,WEB,0.0,389346.0,4,0,0
u_01186,37.0,M,APP,2.0,404322.0,12,36,0
u_01187,33.0,F,MOBILE,0.0,384478.0,8,11,0
u_01188,49.0,M,APP,2.0,700046.0,8,14,1
u_01189,40.0,F,MOBILE,0.0,744072.0,8,20,1
u_01190,33.0,F,WEB,0.0,109671.0,2,11,0
u_01191,42.0,F,WEB,1.0,700036.0,13,55,0
u_01192,25.0,F,WEB,0.0,198776.0,3,199,1
u_01193,28.0,M,WEB,1.0,323415.0,8,56,0
u_01194,46.0,F,AD,3.0,952138.0,11,99,0
u_01195,20.0,F,MOBILE,0.0,2890.0,0,32,1
u_01196,26.0,F,AD,0.0,505568.0,10,11,1
u_01197,29.0,F,WEB,1.0,116601.0,3,20,1
u_01198,54.0,M,REFERRAL,0.0,421530.0,4,0,0
u_01199,42.0,M,REFERRAL,0.0,332228.0,4,27,1
u_01200,23.0,M,MOBILE,2.0,396901.0,10,108,0
u_01201,45.0,F,WEB,0.0,178616.0,7,0,0
u_01202,54.0,F,MOBILE,1.0,702943.0,9,39,0
u_01203,22.0,F,WEB,0.0,253426.0,7,0,0
u_01204,46.0,M,WEB,0.0,602444.0,16,14,0
u_01205,46.0,F,APP,2.0,1896557.0,27,14,0
u_01206,45.0,F,APP,4.0,596006.0,10,14,0
u_01207,52.0,F,MOBILE,3.0,1747027.0,19,21,0
u_01208,27.0,M,MOBILE,0.0,233966.0,3,29,0
u_01209,29.0,M,WEB,0.0,133864.0,2,28,0
u_01210,43.0,M,AD,0.0,728999.0,11,9,0
u_01211,37.0,M,APP,1.0,697454.0,7,15,0
u_01212,45.0,M,WEB,,1147772.0,14,14,0
u_01213,20.0,M,APP,1.0,1116950.0,16,88,0
u_01214,58.0,F,MOBILE,0.0,445570.0,5,71,0
u_01215,20.0,M,REFERRAL,1.0,438543.0,7,17,0
u_01216,23.0,F,WEB,1.0,188864.0,8,66,0
u_01217,20.0,M,MOBILE,0.0,549162.0,9,29,1
u_01218,20.0,F,WEB,1.0,330096.0,7,34,0
u_01219,50.0,F,APP,1.0,1207854.0,18,8,0
u_01220,22.0,M,WEB,1.0,696564.0,7,126,1
u_01221,,M,MOBILE,2.0,249672.0,8,82,1
u_01222,50.0,F,REFERRAL,0.0,319912.0,3,2,0
u_01223,49.0,M,APP,0.0,1156893.0,23,0,0
u_01224,20.0,M,WEB,3.0,1807969.0,17,0,1
u_01225,32.0,M,MOBILE,0.0,179513.0,4,59,0
u_01226,31.0,F,MOBILE,0.0,321767.0,4,0,0
u_01227,48.0,M,MOBILE,4.0,627789.0,11,0,0
u_01228,35.0,F,WEB,0.0,130418.0,2,110,1
u_01229,23.0,F,WEB,1.0,2093605.0,34,55,0
u_01230,41.0,M,WEB,0.0,2207490.0,4,37,0
u_01231,47.0,F,MOBILE,4.0,332717.0,18,0,0
u_01232,32.0,M,AD,1.0,302707.0,5,29,1
u_01233,36.0,M,MOBILE,2.0,602505.0,7,57,0
u_01234,25.0,F,MOBILE,1.0,449402.0,5,21,1
u_01235,41.0,M,REFERRAL,0.0,703107.0,10,37,1
u_01236,34.0,F,WEB,1.0,1379106.0,13,62,0
u_01237,21.0,F,WEB,2.0,1349844.0,11,0,0
u_01238,33.0,M,APP,2.0,1840617.0,17,0,0
u_01239,,F,MOBILE,0.0,376236.0,10,68,0
u_01240,39.0,F,MOBILE,0.0,197553.0,2,70,0
u_01241,61.0,F,AD,2.0,764857.0,9,14,0
u_01242,34.0,F,WEB,0.0,1902.0,0,45,1
u_01243,32.0,F,WEB,1.0,1553178.0,18,16,0
u_01244,42.0,F,WEB,1.0,476398.0,5,10,0
u_01245,39.0,F,APP,0.0,1583536.0,20,0,0
u_01246,34.0,M,APP,0.0,274317.0,5,30,0
u_01247,29.0,M,MOBILE,3.0,402548.0,8,28,1
u_01248,28.0,F,APP,3.0,2524213.0,26,20,0
u_01249,36.0,F,WEB,1.0,843561.0,13,0,0
u_01250,20.0,M,WEB,0.0,276647.0,4,69,0
u_01251,27.0,M,APP,2.0,855657.0,13,3,0
u_01252,37.0,M,MOBILE,3.0,964994.0,14,14,0
u_01253,45.0,M,WEB,1.0,642173.0,7,37,1
u_01254,30.0,M,WEB,2.0,321606.0,4,67,0
u_01255,33.0,F,MOBILE,0.0,340234.0,5,18,0
u_01256,37.0,M,WEB,3.0,498390.0,14,5,0
u_01257,32.0,M,AD,3.0,1528237.0,13,12,0
u_01258,31.0,F,WEB,1.0,410759.0,11,23,0
u_01259,31.0,F,WEB,1.0,430932.0,7,13,0
u_01260,27.0,M,APP,4.0,1790424.0,23,62,0
u_01261,46.0,F,APP,0.0,331131.0,3,7,0
u_01262,35.0,M,MOBILE,0.0,133186.0,2,0,1
u_01263,38.0,F,WEB,2.0,1062579.0,17,0,0
u_01264,43.0,F,WEB,1.0,123029.0,2,0,0
u_01265,46.0,F,MOBILE,2.0,937926.0,11,53,1
u_01266,33.0,M,MOBILE,0.0,4501.0,0,2,0
u_01267,41.0,F,WEB,0.0,455517.0,4,22,0
u_01268,20.0,F,MOBILE,1.0,431986.0,11,0,0
u_01269,33.0,F,WEB,3.0,883797.0,12,0,0
u_01270,32.0,M,REFERRAL,0.0,47834.0,1,65,1
u_01271,48.0,F,AD,2.0,659419.0,10,82,0
u_01272,54.0,F,MOBILE,1.0,531602.0,16,91,1
u_01273,33.0,M,AD,0.0,304614.0,4,45,0
u_01274,53.0,M,MOBILE,0.0,221545.0,4,40,1
u_01275,20.0,F,MOBILE,1.0,394721.0,8,0,0
u_01276,37.0,F,APP,0.0,324472.0,4,1,0
u_01277,48.0,F,WEB,0.0,260574.0,4,52,1
u_01278,63.0,F,APP,0.0,2881.0,0,33,0
u_01279,53.0,F,WEB,0.0,1085144.0,11,38,1
u_01280,22.0,M,WEB,0.0,154354.0,2,24,0
u_01281,26.0,M,APP,1.0,564047.0,6,116,0
u_01282,42.0,F,REFERRAL,2.0,833158.0,12,58,0
u_01283,41.0,F,REFERRAL,3.0,1272453.0,12,38,0
u_01284,46.0,M,MOBILE,1.0,711670.0,10,32,0
u_01285,34.0,M,APP,0.0,103056.0,1,8,0
u_01286,20.0,F,APP,2.0,1089427.0,17,86,0
u_01287,25.0,M,REFERRAL,0.0,307559.0,3,144,1
u_01288,29.0,M,MOBILE,0.0,190259.0,3,37,0
u_01289,36.0,F,MOBILE,0.0,177422.0,2,11,1
u_01290,38.0,F,MOBILE,1.0,414634.0,7,34,0
u_01291,20.0,F,MOBILE,0.0,628006.0,9,83,0
u_01292,23.0,F,MOBILE,1.0,2165830.0,2,0,0
u_01293,20.0,F,MOBILE,2.0,630805.0,11,0,0
u_01294,35.0,M,,3.0,402270.0,15,7,0
u_01295,29.0,F,WEB,2.0,372049.0,9,0,0
u_01296,20.0,F,MOBILE,0.0,88564.0,1,10,0
u_01297,44.0,F,WEB,3.0,2887356.0,26,0,0
u_01298,,F,WEB,2.0,1212447.0,17,71,0
u_01299,41.0,M,MOBILE,1.0,590553.0,6,10,0
u_01300,60.0,M,WEB,1.0,509687.0,10,16,0
u_01301,53.0,F,MOBILE,2.0,396972.0,12,11,0
u_01302,25.0,F,WEB,1.0,542540.0,10,24,0
u_01303,41.0,M,MOBILE,1.0,316991.0,3,63,0
u_01304,20.0,M,MOBILE,0.0,96653.0,3,110,1
u_01305,27.0,M,WEB,2.0,744895.0,8,1,0
u_01306,20.0,M,WEB,3.0,955361.0,12,5,0
u_01307,20.0,M,WEB,0.0,549061.0,6,62,0
u_01308,25.0,M,MOBILE,1.0,318164.0,9,72,0
u_01309,39.0,M,MOBILE,1.0,282917.0,6,0,0
u_01310,42.0,M,REFERRAL,0.0,967915.0,14,80,1
u_01311,25.0,F,WEB,2.0,622711.0,10,58,0
u_01312,39.0,F,MOBILE,0.0,334689.0,7,11,0
u_01313,46.0,M,WEB,2.0,753720.0,9,19,1
u_01314,37.0,M,WEB,0.0,103683.0,2,26,0
u_01315,52.0,M,APP,0.0,698545.0,7,1,0
u_01316,27.0,F,REFERRAL,1.0,239577.0,9,79,0
u_01317,34.0,F,WEB,2.0,800563.0,10,61,0
u_01318,42.0,F,APP,2.0,1424171.0,15,71,0
u_01319,28.0,F,WEB,2.0,1025524.0,14,0,0
u_01320,34.0,M,WEB,1.0,89151.0,4,74,0
u_01321,40.0,F,WEB,3.0,2110378.0,21,0,0
u_01322,30.0,M,AD,0.0,68526.0,1,81,0
u_01323,30.0,M,WEB,0.0,1933488.0,27,94,0
u_01324,23.0,F,MOBILE,1.0,291900.0,6,113,1
u_01325,43.0,M,WEB,2.0,541681.0,6,0,0
u_01326,46.0,M,WEB,2.0,1788801.0,23,8,0
u_01327,41.0,M,MOBILE,2.0,539168.0,8,0,0
u_01328,36.0,F,WEB,1.0,418553.0,5,178,1
u_01329,36.0,M,MOBILE,1.0,719841.0,6,55,0
u_01330,46.0,M,WEB,0.0,250268.0,3,164,0
u_01331,20.0,F,REFERRAL,0.0,334457.0,3,20,1
u_01332,31.0,F,WEB,2.0,775969.0,18,46,0
u_01333,26.0,F,APP,1.0,858108.0,13,46,0
u_01334,20.0,M,MOBILE,1.0,307506.0,7,61,0
u_01335,27.0,F,WEB,2.0,263061.0,3,14,0
u_01336,31.0,M,WEB,0.0,4679.0,0,18,0
u_01337,45.0,F,MOBILE,0.0,3354.0,0,39,0
u_01338,26.0,M,REFERRAL,4.0,1428598.0,17,129,0
u_01339,33.0,F,WEB,1.0,765785.0,9,38,0
u_01340,20.0,M,APP,0.0,58483.0,1,34,1
u_01341,31.0,M,MOBILE,0.0,195408.0,3,0,1
u_01342,30.0,F,REFERRAL,0.0,427752.0,3,10,0
u_01343,52.0,F,MOBILE,1.0,734793.0,12,23,0
u_01344,42.0,M,AD,2.0,310290.0,5,130,0
u_01345,28.0,F,MOBILE,5.0,1539288.0,16,37,0
u_01346,56.0,M,WEB,1.0,855257.0,12,46,0
u_01347,20.0,F,WEB,0.0,488024.0,5,21,0
u_01348,37.0,M,WEB,0.0,3994.0,0,0,0
u_01349,20.0,M,MOBILE,1.0,1860156.0,15,61,0
u_01350,35.0,M,AD,0.0,74891.0,1,31,0
u_01351,29.0,M,WEB,0.0,1331540.0,16,46,1
u_01352,41.0,F,MOBILE,2.0,252130.0,11,64,0
u_01353,27.0,M,REFERRAL,2.0,473948.0,7,0,0
u_01354,48.0,F,MOBILE,0.0,767889.0,7,0,0
u_01355,55.0,M,MOBILE,0.0,299950.0,12,1,0
u_01356,38.0,F,MOBILE,0.0,524395.0,11,72,0
u_01357,37.0,F,MOBILE,1.0,1328490.0,30,45,0
u_01358,27.0,M,WEB,2.0,697231.0,9,28,0
u_01359,41.0,F,WEB,2.0,335085.0,4,230,0
u_01360,34.0,F,REFERRAL,5.0,2465666.0,26,0,0
u_01361,48.0,F,WEB,2.0,997478.0,10,0,0
u_01362,42.0,M,MOBILE,0.0,748714.0,11,85,0
u_01363,33.0,F,APP,1.0,889388.0,9,89,0
u_01364,29.0,F,APP,1.0,281509.0,4,80,1
u_01365,31.0,M,WEB,0.0,116656.0,1,44,1
u_01366,43.0,M,MOBILE,0.0,77568.0,1,21,0
u_01367,40.0,M,AD,3.0,1145040.0,15,93,0
u_01368,26.0,F,REFERRAL,1.0,171633.0,3,19,0
u_01369,41.0,F,WEB,1.0,666460.0,8,80,0
u_01370,35.0,F,APP,0.0,159285.0,4,15,1
u_01371,20.0,M,APP,1.0,621756.0,6,0,0
u_01372,51.0,M,WEB,0.0,295203.0,5,31,0
u_01373,24.0,M,APP,0.0,395358.0,8,27,0
u_01374,46.0,M,REFERRAL,2.0,743130.0,13,0,0
u_01375,29.0,M,APP,0.0,156694.0,2,63,0
u_01376,27.0,M,MOBILE,2.0,719563.0,10,22,0
u_01377,32.0,M,MOBILE,3.0,708659.0,13,0,0
u_01378,20.0,F,REFERRAL,0.0,59827.0,1,45,1
u_01379,45.0,F,WEB,0.0,453804.0,10,118,0
u_01380,29.0,M,APP,1.0,199791.0,3,76,0
u_01381,55.0,F,MOBILE,1.0,236584.0,3,0,0
u_01382,26.0,F,MOBILE,2.0,786444.0,10,0,0
u_01383,20.0,F,MOBILE,0.0,117439.0,1,58,1
u_01384,20.0,M,MOBILE,2.0,401245.0,9,2,0
u_01385,40.0,M,MOBILE,0.0,529604.0,7,7,0
u_01386,29.0,M,APP,1.0,1061701.0,13,0,0
u_01387,34.0,M,MOBILE,0.0,599963.0,7,0,0
u_01388,39.0,F,MOBILE,3.0,881038.0,14,0,0
u_01389,35.0,M,WEB,0.0,30000.0,2,0,0
u_01390,35.0,M,WEB,2.0,404015.0,10,9,0
u_01391,35.0,M,MOBILE,1.0,411156.0,4,0,1
u_01392,45.0,F,WEB,0.0,229107.0,3,0,0
u_01393,24.0,F,REFERRAL,1.0,827356.0,10,20,0
u_01394,39.0,F,WEB,3.0,315810.0,11,111,0
u_01395,35.0,F,,4.0,1123033.0,12,0,0
u_01396,35.0,M,MOBILE,0.0,242600.0,3,0,0
u_01397,43.0,M,APP,0.0,205066.0,9,0,0
u_01398,37.0,M,MOBILE,0.0,187498.0,2,149,1
u_01399,36.0,M,REFERRAL,3.0,2351518.0,23,0,0
u_01400,22.0,M,MOBILE,1.0,479830.0,7,8,0
u_01401,62.0,M,APP,1.0,1639739.0,25,22,0
u_01402,38.0,M,REFERRAL,1.0,1005875.0,12,22,0
u_01403,51.0,F,MOBILE,1.0,260426.0,7,0,0
u_01404,42.0,M,REFERRAL,0.0,237532.0,3,33,0
u_01405,54.0,M,WEB,1.0,438554.0,10,58,0
u_01406,55.0,F,MOBILE,1.0,212274.0,3,0,0
u_01407,55.0,F,AD,5.0,588611.0,21,0,0
u_01408,20.0,F,AD,0.0,777649.0,7,74,0
u_01409,38.0,F,AD,2.0,687364.0,12,16,0
u_01410,45.0,F,APP,2.0,1066488.0,13,50,0
u_01411,44.0,F,WEB,1.0,303251.0,7,37,0
u_01412,30.0,F,MOBILE,2.0,729493.0,8,42,0
u_01413,34.0,M,APP,0.0,446434.0,11,28,0
u_01414,21.0,M,WEB,3.0,502786.0,13,15,0
u_01415,25.0,M,MOBILE,0.0,64544.0,2,32,0
u_01416,25.0,F,WEB,0.0,344306.0,4,49,0
u_01417,44.0,M,MOBILE,0.0,725841.0,11,44,0
u_01418,35.0,F,REFERRAL,0.0,60559.0,1,1,1
u_01419,31.0,M,APP,0.0,765408.0,7,0,0
u_01420,46.0,M,MOBILE,0.0,147056.0,2,24,0
u_01421,26.0,F,REFERRAL,1.0,331433.0,4,0,0
u_01422,29.0,F,APP,2.0,471588.0,5,66,0
u_01423,36.0,M,APP,0.0,271082.0,4,37,0
u_01424,50.0,F,REFERRAL,0.0,66381.0,1,24,0
u_01425,33.0,F,WEB,0.0,82367.0,2,23,0
u_01426,37.0,F,REFERRAL,3.0,699288.0,11,18,0
u_01427,48.0,F,APP,2.0,255999.0,6,73,0
u_01428,42.0,M,MOBILE,0.0,277939.0,4,21,0
u_01429,42.0,F,APP,1.0,534130.0,9,56,0
u_01430,25.0,F,AD,2.0,891670.0,9,0,0
u_01431,33.0,F,WEB,1.0,1058411.0,15,27,0
u_01432,45.0,M,APP,1.0,,8,3,0
u_01433,41.0,M,WEB,0.0,441086.0,7,40,1
u_01434,30.0,M,WEB,0.0,69301.0,4,86,0
u_01435,29.0,M,AD,1.0,333035.0,8,33,0
u_01436,35.0,F,WEB,0.0,279627.0,3,25,1
u_01437,42.0,M,MOBILE,1.0,431598.0,6,0,0
u_01438,21.0,F,WEB,2.0,413962.0,11,0,0
u_01439,36.0,M,REFERRAL,1.0,97050.0,3,51,1
u_01440,47.0,M,APP,0.0,131464.0,7,22,0
u_01441,46.0,F,REFERRAL,3.0,1459010.0,12,0,0
u_01442,32.0,F,MOBILE,1.0,325082.0,3,70,0
u_01443,49.0,M,APP,1.0,876325.0,10,31,0
u_01444,48.0,F,APP,5.0,2066913.0,25,0,0
u_01445,39.0,M,AD,0.0,886152.0,12,98,0
u_01446,35.0,F,MOBILE,0.0,125686.0,4,57,1
u_01447,53.0,F,WEB,2.0,710664.0,7,14,0
u_01448,20.0,F,WEB,2.0,1258063.0,11,0,1
u_01449,43.0,M,MOBILE,4.0,742196.0,12,15,0
u_01450,,F,WEB,0.0,646014.0,8,4,1
u_01451,51.0,F,WEB,1.0,1180736.0,12,36,0
u_01452,45.0,F,MOBILE,0.0,223597.0,3,50,1
u_01453,20.0,F,AD,1.0,423524.0,4,0,0
u_01454,35.0,M,APP,0.0,786369.0,11,41,0
u_01455,31.0,M,APP,1.0,441046.0,4,166,1
u_01456,44.0,M,MOBILE,4.0,1075000.0,11,50,0
u_01457,43.0,M,MOBILE,1.0,942936.0,10,65,1
u_01458,25.0,F,APP,0.0,761302.0,6,40,0
u_01459,23.0,F,REFERRAL,0.0,3684.0,0,57,1
u_01460,37.0,F,MOBILE,0.0,307089.0,4,41,1
u_01461,40.0,F,WEB,1.0,469700.0,13,39,0
u_01462,46.0,M,APP,1.0,485294.0,7,51,0
u_01463,42.0,M,MOBILE,1.0,216184.0,5,16,0
u_01464,29.0,F,APP,1.0,295172.0,5,71,0
u_01465,43.0,F,WEB,0.0,747062.0,15,40,0
u_01466,42.0,M,MOBILE,2.0,952758.0,11,102,0
u_01467,49.0,M,AD,2.0,892719.0,10,67,0
u_01468,49.0,F,MOBILE,0.0,154343.0,4,5,1
u_01469,24.0,M,WEB,0.0,701566.0,7,20,0
u_01470,36.0,F,MOBILE,0.0,2292.0,0,154,1
u_01471,31.0,M,WEB,0.0,85661.0,1,0,0
u_01472,27.0,F,MOBILE,1.0,85994.0,1,14,0
u_01473,48.0,F,MOBILE,0.0,330735.0,7,36,0
u_01474,45.0,F,APP,1.0,450100.0,9,71,0
u_01475,20.0,F,MOBILE,0.0,734768.0,16,50,0
u_01476,42.0,M,APP,0.0,627964.0,6,22,0
u_01477,52.0,M,APP,1.0,387227.0,5,1,0
u_01478,45.0,F,MOBILE,0.0,646470.0,6,95,1
u_01479,44.0,F,WEB,0.0,212559.0,4,51,1
u_01480,42.0,F,APP,1.0,354308.0,6,29,0
u_01481,40.0,F,MOBILE,1.0,325224.0,4,31,0
u_01482,36.0,M,APP,0.0,859845.0,9,112,1
u_01483,25.0,F,WEB,0.0,93092.0,1,64,1
u_01484,34.0,M,APP,0.0,74029.0,1,0,1
u_01485,44.0,M,REFERRAL,2.0,1357863.0,13,2,0
u_01486,23.0,M,WEB,2.0,1477898.0,19,48,0
u_01487,36.0,M,WEB,0.0,348671.0,5,97,1
u_01488,24.0,M,MOBILE,0.0,643822.0,9,53,1
u_01489,21.0,M,WEB,3.0,1287292.0,20,0,0
u_01490,49.0,F,WEB,2.0,950533.0,8,56,0
u_01491,32.0,F,APP,3.0,195000.0,13,0,0
u_01492,31.0,M,WEB,0.0,1151862.0,10,2,0
u_01493,30.0,M,MOBILE,0.0,172142.0,3,0,0
u_01494,48.0,M,REFERRAL,1.0,1892117.0,20,112,0
u_01495,49.0,F,REFERRAL,1.0,623159.0,9,0,0
u_01496,36.0,F,MOBILE,1.0,1256126.0,13,0,0
u_01497,32.0,F,WEB,0.0,379832.0,5,16,1
u_01498,24.0,F,MOBILE,0.0,407932.0,5,111,1
u_01499,54.0,M,WEB,1.0,3839.0,0,0,0
u_01500,20.0,F,AD,0.0,237431.0,7,36,0
u_01501,26.0,M,AD,2.0,278742.0,8,0,0
u_01502,35.0,M,WEB,0.0,708012.0,7,163,1
u_01503,35.0,F,MOBILE,2.0,780500.0,14,74,0
u_01504,59.0,M,APP,0.0,538909.0,7,14,0
u_01505,48.0,F,REFERRAL,1.0,257166.0,3,35,0
u_01506,41.0,M,AD,0.0,780377.0,14,0,0
u_01507,20.0,M,MOBILE,0.0,202740.0,2,0,0
u_01508,20.0,M,MOBILE,2.0,467109.0,6,0,1
u_01509,37.0,M,MOBILE,1.0,533348.0,7,78,0
u_01510,42.0,F,APP,2.0,6751730.0,9,0,0
u_01511,25.0,F,REFERRAL,0.0,1248.0,0,33,1
u_01512,30.0,M,AD,0.0,456831.0,7,80,0
u_01513,49.0,F,WEB,0.0,717434.0,6,31,1
u_01514,31.0,M,WEB,3.0,1106009.0,28,8,0
u_01515,33.0,F,APP,3.0,1017889.0,15,36,0
u_01516,41.0,F,MOBILE,0.0,207410.0,2,89,1
u_01517,38.0,F,WEB,1.0,382594.0,5,0,0
u_01518,35.0,M,REFERRAL,3.0,1789723.0,19,0,0
u_01519,39.0,M,WEB,0.0,271738.0,4,49,0
u_01520,35.0,F,APP,1.0,581642.0,6,31,0
u_01521,21.0,F,WEB,3.0,667844.0,9,0,0
u_01522,20.0,F,REFERRAL,2.0,463477.0,11,46,0
u_01523,26.0,M,WEB,2.0,568893.0,16,90,1
u_01524,28.0,F,WEB,2.0,375329.0,8,0,0
u_01525,34.0,F,WEB,0.0,1269800.0,11,113,0
u_01526,41.0,M,MOBILE,0.0,247342.0,3,0,0
u_01527,20.0,M,MOBILE,0.0,522700.0,9,104,1
u_01528,35.0,F,AD,0.0,407382.0,7,0,0
u_01529,59.0,M,APP,1.0,162200.0,8,23,0
u_01530,44.0,M,WEB,0.0,695033.0,8,134,1
u_01531,20.0,F,APP,2.0,1041102.0,12,35,0
u_01532,55.0,M,WEB,2.0,433094.0,8,0,0
u_01533,21.0,M,MOBILE,2.0,541990.0,10,35,1
u_01534,41.0,F,AD,2.0,874463.0,15,2,1
u_01535,43.0,F,REFERRAL,1.0,660259.0,6,0,0
u_01536,48.0,F,APP,1.0,255684.0,11,32,0
u_01537,22.0,F,APP,4.0,1142649.0,13,0,0
u_01538,42.0,F,MOBILE,1.0,698800.0,9,47,0
u_01539,39.0,M,WEB,1.0,152895.0,4,3,1
u_01540,29.0,F,MOBILE,1.0,400244.0,7,0,0
u_01541,40.0,M,MOBILE,2.0,395151.0,10,30,0
u_01542,20.0,F,REFERRAL,3.0,630451.0,9,65,0
u_01543,37.0,M,MOBILE,0.0,182303.0,3,62,1
u_01544,32.0,F,APP,1.0,652645.0,10,79,0
u_01545,42.0,F,APP,0.0,1098650.0,9,42,0
u_01546,27.0,M,APP,3.0,252720.0,5,0,0
u_01547,20.0,F,WEB,2.0,165894.0,10,12,0
u_01548,56.0,M,WEB,1.0,618949.0,9,67,0
u_01549,23.0,M,MOBILE,1.0,81162.0,1,5,1
u_01550,25.0,M,MOBILE,0.0,693117.0,6,6,0
u_01551,54.0,M,WEB,0.0,513573.0,6,274,1
u_01552,29.0,M,MOBILE,2.0,502064.0,6,0,0
u_01553,46.0,M,WEB,5.0,574692.0,16,0,0
u_01554,45.0,F,WEB,0.0,1098136.0,13,140,0
u_01555,39.0,M,MOBILE,1.0,917124.0,11,62,0
u_01556,27.0,M,MOBILE,4.0,1717334.0,16,12,0
u_01557,46.0,F,APP,2.0,1055900.0,13,16,0
u_01558,20.0,M,MOBILE,0.0,116741.0,2,15,1
u_01559,31.0,F,WEB,2.0,578526.0,8,0,0
u_01560,34.0,F,APP,0.0,316543.0,4,142,1
u_01561,42.0,M,WEB,1.0,62231.0,4,38,0
u_01562,23.0,F,WEB,0.0,206415.0,5,48,0
u_01563,20.0,M,WEB,0.0,581489.0,7,103,1
u_01564,27.0,M,WEB,0.0,108922.0,1,51,0
u_01565,40.0,F,WEB,0.0,484105.0,7,97,0
u_01566,41.0,M,REFERRAL,0.0,201611.0,2,42,0
u_01567,20.0,M,MOBILE,1.0,788689.0,13,101,0
u_01568,57.0,F,WEB,0.0,165351.0,2,47,0
u_01569,27.0,M,REFERRAL,1.0,1082846.0,15,47,0
u_01570,33.0,M,APP,0.0,367957.0,5,0,0
u_01571,37.0,M,REFERRAL,1.0,414131.0,4,0,0
u_01572,39.0,M,WEB,0.0,410875.0,7,83,0
u_01573,39.0,F,WEB,1.0,108452.0,2,26,1
u_01574,36.0,M,APP,3.0,2076225.0,37,119,0
u_01575,50.0,M,MOBILE,1.0,317243.0,3,97,0
u_01576,52.0,M,WEB,5.0,1887296.0,16,0,0
u_01577,50.0,M,WEB,4.0,1821740.0,18,0,1
u_01578,48.0,F,MOBILE,0.0,145550.0,2,28,0
u_01579,48.0,F,APP,0.0,314116.0,4,38,0
u_01580,38.0,M,WEB,3.0,934606.0,11,0,0
u_01581,42.0,M,MOBILE,0.0,413572.0,5,145,0
u_01582,24.0,F,REFERRAL,0.0,602491.0,6,0,0
u_01583,20.0,F,WEB,1.0,516456.0,8,34,0
u_01584,53.0,M,MOBILE,0.0,836015.0,12,25,0
u_01585,40.0,F,MOBILE,0.0,393429.0,5,20,1
u_01586,40.0,M,WEB,2.0,550780.0,11,0,0
u_01587,30.0,F,WEB,0.0,328701.0,3,178,1
u_01588,50.0,M,WEB,0.0,542963.0,13,2,0
u_01589,36.0,M,WEB,0.0,3351.0,0,94,1
u_01590,24.0,F,APP,4.0,649241.0,12,9,0
u_01591,21.0,F,WEB,1.0,315097.0,5,18,0
u_01592,41.0,M,WEB,0.0,68720.0,1,51,0
u_01593,38.0,M,MOBILE,2.0,763865.0,11,0,0
u_01594,27.0,M,REFERRAL,4.0,706536.0,13,32,0
u_01595,25.0,M,APP,1.0,802266.0,10,0,0
u_01596,26.0,M,APP,1.0,192489.0,4,106,0
u_01597,37.0,M,WEB,0.0,816940.0,8,36,0
u_01598,28.0,F,MOBILE,0.0,200020.0,3,29,1
u_01599,39.0,M,REFERRAL,2.0,592656.0,8,66,0
u_01600,31.0,F,APP,2.0,545016.0,16,52,0
u_01601,26.0,M,WEB,,719879.0,15,3,0
u_01602,44.0,F,WEB,2.0,1126607.0,14,45,0
u_01603,20.0,F,WEB,1.0,652972.0,10,130,1
u_01604,20.0,M,WEB,0.0,47577.0,1,38,0
u_01605,21.0,M,AD,0.0,131077.0,2,60,0
u_01606,45.0,M,MOBILE,0.0,411018.0,6,90,0
u_01607,29.0,M,WEB,1.0,1788213.0,26,9,0
u_01608,20.0,M,WEB,0.0,1107032.0,13,13,1
u_01609,58.0,F,AD,2.0,757894.0,6,28,0
u_01610,37.0,F,WEB,0.0,434340.0,4,0,0
u_01611,30.0,M,MOBILE,4.0,714020.0,11,8,0
u_01612,34.0,F,WEB,2.0,577128.0,10,0,0
u_01613,55.0,F,WEB,1.0,375592.0,5,54,0
u_01614,48.0,M,MOBILE,2.0,619420.0,11,27,0
u_01615,29.0,M,MOBILE,0.0,3692860.0,5,32,0
u_01616,25.0,F,WEB,3.0,534164.0,13,81,0
u_01617,47.0,M,MOBILE,0.0,399104.0,6,15,0
u_01618,43.0,M,MOBILE,2.0,395057.0,4,50,0
u_01619,53.0,F,MOBILE,0.0,440757.0,5,4,0
u_01620,49.0,F,WEB,1.0,433987.0,3,21,0
u_01621,38.0,F,MOBILE,0.0,299527.0,5,11,1
u_01622,35.0,F,MOBILE,1.0,398870.0,4,135,0
u_01623,20.0,F,APP,2.0,1033149.0,11,27,0
u_01624,39.0,F,WEB,5.0,831391.0,16,0,0
u_01625,34.0,M,WEB,1.0,334783.0,4,39,0
u_01626,23.0,M,MOBILE,0.0,1960.0,0,138,1
u_01627,39.0,F,AD,0.0,495101.0,7,216,1
u_01628,24.0,F,MOBILE,0.0,737870.0,14,23,0
u_01629,34.0,M,WEB,0.0,498352.0,6,14,0
u_01630,48.0,F,MOBILE,0.0,308272.0,5,78,0
u_01631,54.0,F,WEB,0.0,54144.0,1,114,0
u_01632,36.0,F,WEB,3.0,1539346.0,14,3,0
u_01633,22.0,F,WEB,0.0,98898.0,2,33,1
u_01634,39.0,F,AD,1.0,538751.0,9,25,0
u_01635,28.0,F,AD,0.0,1996128.0,23,14,0
u_01636,33.0,F,AD,0.0,209463.0,2,104,1
u_01637,34.0,M,MOBILE,0.0,717520.0,1,37,1
u_01638,42.0,M,AD,2.0,447828.0,6,165,1
u_01639,26.0,M,MOBILE,0.0,135553.0,2,52,1
u_01640,36.0,M,AD,1.0,500285.0,7,0,0
u_01641,51.0,M,REFERRAL,0.0,1270811.0,14,135,0
u_01642,33.0,F,WEB,0.0,654154.0,8,14,0
u_01643,36.0,M,AD,0.0,165923.0,2,105,1
u_01644,28.0,M,,1.0,267496.0,8,198,1
u_01645,24.0,M,WEB,2.0,548301.0,9,35,0
u_01646,39.0,M,MOBILE,1.0,130772.0,3,50,0
u_01647,35.0,M,APP,0.0,3689.0,0,39,0
u_01648,38.0,F,APP,0.0,172331.0,2,99,1
u_01649,52.0,M,APP,1.0,277531.0,7,40,0
u_01650,49.0,F,REFERRAL,1.0,576594.0,9,30,0
u_01651,38.0,F,REFERRAL,1.0,231846.0,5,80,0
u_01652,37.0,M,MOBILE,3.0,383388.0,10,163,0
u_01653,30.0,F,MOBILE,2.0,417353.0,7,8,0
u_01654,21.0,F,AD,4.0,1160806.0,15,113,0
u_01655,29.0,F,MOBILE,1.0,574584.0,8,76,0
u_01656,42.0,M,WEB,0.0,955615.0,9,18,0
u_01657,52.0,F,APP,1.0,482906.0,7,24,1
u_01658,37.0,M,WEB,0.0,233603.0,6,38,0
u_01659,39.0,F,MOBILE,0.0,299181.0,3,39,0
u_01660,37.0,M,REFERRAL,0.0,677175.0,7,31,1
u_01661,33.0,F,APP,2.0,559780.0,9,0,0
u_01662,47.0,F,MOBILE,2.0,385675.0,10,0,0
u_01663,25.0,M,APP,1.0,617670.0,8,23,0
u_01664,50.0,F,WEB,2.0,434996.0,6,0,0
u_01665,42.0,F,WEB,4.0,670518.0,12,64,0
u_01666,26.0,F,WEB,2.0,349581.0,9,0,0
u_01667,38.0,M,REFERRAL,0.0,242488.0,5,8,0
u_01668,43.0,F,APP,0.0,1377388.0,22,34,0
u_01669,49.0,F,MOBILE,3.0,1689971.0,15,6,0
u_01670,50.0,F,WEB,0.0,922521.0,14,86,0
u_01671,46.0,F,WEB,2.0,282679.0,13,117,0
u_01672,34.0,F,WEB,0.0,933088.0,10,127,1
u_01673,41.0,M,WEB,3.0,684074.0,10,35,0
u_01674,36.0,M,REFERRAL,3.0,650033.0,7,31,0
u_01675,50.0,F,AD,0.0,481046.0,7,37,1
u_01676,32.0,M,MOBILE,0.0,554811.0,6,7,0
u_01677,30.0,F,REFERRAL,5.0,2033517.0,22,21,0
u_01678,42.0,M,APP,4.0,682866.0,11,0,0
u_01679,36.0,F,WEB,1.0,189249.0,5,38,0
u_01680,23.0,M,WEB,0.0,358724.0,8,13,1
u_01681,34.0,F,WEB,1.0,454073.0,10,99,0
u_01682,41.0,F,MOBILE,0.0,222701.0,4,2,0
u_01683,24.0,F,MOBILE,0.0,90365.0,1,60,1
u_01684,33.0,M,WEB,1.0,509079.0,13,5,0
u_01685,34.0,F,APP,1.0,579508.0,13,79,0
u_01686,28.0,M,MOBILE,0.0,3443.0,0,160,1
u_01687,25.0,F,APP,1.0,1053617.0,17,56,1
u_01688,47.0,M,MOBILE,0.0,134381.0,2,195,1
u_01689,47.0,M,REFERRAL,1.0,526363.0,8,0,0
u_01690,52.0,F,REFERRAL,3.0,1675644.0,15,0,0
u_01691,36.0,F,MOBILE,4.0,693854.0,14,0,0
u_01692,33.0,M,APP,0.0,418530.0,14,93,0
u_01693,42.0,M,REFERRAL,2.0,1297155.0,13,22,0
u_01694,36.0,M,MOBILE,0.0,368714.0,4,65,0
u_01695,50.0,F,MOBILE,1.0,855657.0,9,0,0
u_01696,28.0,M,MOBILE,0.0,478873.0,8,40,0
u_01697,31.0,M,REFERRAL,0.0,94396.0,1,0,0
u_01698,33.0,F,AD,0.0,706698.0,8,8,0
u_01699,44.0,M,AD,3.0,732930.0,16,0,0
u_01700,34.0,M,WEB,2.0,1322903.0,11,9,0
u_01701,23.0,M,WEB,0.0,74837.0,1,101,1
u_01702,38.0,M,WEB,3.0,451272.0,9,0,0
u_01703,32.0,F,WEB,0.0,474662.0,5,45,0
u_01704,43.0,M,WEB,1.0,325729.0,6,124,0
u_01705,41.0,F,WEB,0.0,770925.0,10,104,0
u_01706,49.0,M,MOBILE,2.0,749809.0,8,39,0
u_01707,65.0,M,MOBILE,1.0,194656.0,10,50,0
u_01708,38.0,F,MOBILE,0.0,75064.0,4,39,1
u_01709,44.0,M,WEB,0.0,302970.0,3,113,0
u_01710,32.0,M,APP,0.0,1515448.0,17,19,0
u_01711,30.0,M,APP,1.0,177565.0,5,96,1
u_01712,38.0,M,WEB,0.0,385198.0,5,35,0
u_01713,46.0,M,MOBILE,0.0,435308.0,5,25,1
u_01714,38.0,F,AD,0.0,389557.0,3,62,1
u_01715,49.0,F,WEB,0.0,80756.0,1,6,0
u_01716,21.0,M,MOBILE,1.0,131800.0,2,26,0
u_01717,38.0,F,REFERRAL,2.0,1537528.0,15,33,0
u_01718,36.0,F,REFERRAL,3.0,962865.0,12,0,0
u_01719,35.0,M,AD,0.0,540977.0,8,12,0
u_01720,35.0,M,REFERRAL,3.0,545110.0,7,21,0
u_01721,36.0,F,APP,0.0,440263.0,6,111,0
u_01722,34.0,F,REFERRAL,1.0,244781.0,2,12,0
u_01723,58.0,M,WEB,3.0,845760.0,10,14,0
u_01724,41.0,M,MOBILE,0.0,555512.0,11,8,0
u_01725,20.0,M,MOBILE,0.0,2133476.0,19,0,0
u_01726,27.0,F,REFERRAL,1.0,705451.0,6,73,0
u_01727,20.0,F,MOBILE,0.0,175756.0,3,72,0
u_01728,65.0,M,MOBILE,1.0,3466903.0,30,21,0
u_01729,23.0,M,MOBILE,4.0,1005954.0,15,0,0
u_01730,20.0,F,APP,2.0,639324.0,7,107,0
u_01731,55.0,F,REFERRAL,1.0,348889.0,4,30,0
u_01732,21.0,M,APP,4.0,1368418.0,11,30,0
u_01733,62.0,M,WEB,2.0,832584.0,8,128,1
u_01734,35.0,M,REFERRAL,3.0,738439.0,17,0,0
u_01735,20.0,F,REFERRAL,0.0,57284.0,1,0,0
u_01736,42.0,F,APP,0.0,319837.0,4,46,1
u_01737,46.0,M,APP,1.0,251505.0,4,43,0
u_01738,54.0,M,AD,0.0,281950.0,4,29,0
u_01739,20.0,F,MOBILE,3.0,1243442.0,18,4,0
u_01740,38.0,M,REFERRAL,2.0,788953.0,11,72,0
u_01741,34.0,M,REFERRAL,0.0,474.0,0,54,0
u_01742,20.0,F,WEB,5.0,821241.0,15,0,0
u_01743,27.0,M,WEB,3.0,465241.0,8,66,0
u_01744,38.0,M,REFERRAL,4.0,2452287.0,31,89,0
u_01745,28.0,M,REFERRAL,0.0,197519.0,3,29,0
u_01746,45.0,M,WEB,2.0,622824.0,8,89,0
u_01747,59.0,F,WEB,3.0,383944.0,8,52,0
u_01748,53.0,F,MOBILE,0.0,410294.0,4,68,0
u_01749,37.0,M,MOBILE,0.0,1312393.0,11,14,0
u_01750,27.0,M,APP,0.0,440223.0,7,49,0
u_01751,45.0,M,REFERRAL,1.0,638133.0,9,6,0
u_01752,37.0,F,MOBILE,0.0,711491.0,8,126,1
u_01753,43.0,M,APP,1.0,620369.0,10,0,0
u_01754,32.0,F,APP,0.0,3837.0,0,77,1
u_01755,38.0,F,MOBILE,0.0,78410.0,1,36,0
u_01756,37.0,M,WEB,0.0,1518459.0,19,73,0
u_01757,20.0,M,APP,1.0,638511.0,8,73,0
u_01758,24.0,M,WEB,0.0,252343.0,7,10,1
u_01759,34.0,F,MOBILE,0.0,1246020.0,16,26,1
u_01760,47.0,M,MOBILE,0.0,440307.0,9,28,0
u_01761,44.0,F,MOBILE,2.0,915853.0,9,122,1
u_01762,27.0,F,APP,4.0,2464557.0,22,96,0
u_01763,47.0,M,WEB,0.0,257508.0,3,3,0
u_01764,33.0,F,APP,1.0,121565.0,4,31,0
u_01765,37.0,M,WEB,0.0,92423.0,1,55,1
u_01766,49.0,M,WEB,5.0,2290441.0,23,19,0
u_01767,20.0,F,APP,0.0,242130.0,4,29,0
u_01768,64.0,M,MOBILE,3.0,680980.0,10,12,0
u_01769,55.0,F,MOBILE,4.0,1500009.0,18,0,0
u_01770,41.0,M,MOBILE,0.0,861939.0,9,62,0
u_01771,40.0,F,MOBILE,0.0,387702.0,3,89,0
u_01772,36.0,M,MOBILE,0.0,617081.0,9,170,1
u_01773,52.0,F,APP,4.0,1103741.0,12,26,0
u_01774,32.0,F,REFERRAL,1.0,220054.0,2,165,0
u_01775,20.0,F,APP,1.0,394974.0,7,0,0
u_01776,59.0,M,MOBILE,0.0,438757.0,6,92,0
u_01777,44.0,F,APP,0.0,4437.0,0,31,1
u_01778,20.0,M,WEB,0.0,605288.0,5,113,1
u_01779,43.0,M,REFERRAL,2.0,1566388.0,17,0,0
u_01780,43.0,M,MOBILE,0.0,641.0,0,33,0
u_01781,46.0,F,WEB,0.0,499660.0,5,33,0
u_01782,42.0,M,APP,0.0,67829.0,1,45,0
u_01783,49.0,M,REFERRAL,0.0,1188640.0,14,116,0
u_01784,33.0,F,AD,0.0,4104.0,0,112,1
u_01785,21.0,M,WEB,2.0,496594.0,8,0,0
u_01786,51.0,M,MOBILE,0.0,1173.0,0,17,0
u_01787,44.0,M,APP,0.0,733122.0,9,44,0
u_01788,36.0,M,AD,0.0,231044.0,2,37,0
u_01789,46.0,M,WEB,3.0,650972.0,17,0,0
u_01790,47.0,M,AD,0.0,118128.0,3,60,0
u_01791,43.0,F,AD,3.0,557035.0,10,17,0
u_01792,20.0,M,WEB,0.0,630.0,0,44,1
u_01793,42.0,M,AD,0.0,4673.0,0,43,0
u_01794,20.0,F,MOBILE,2.0,696279.0,11,27,0
u_01795,37.0,M,WEB,1.0,464413.0,10,3,1
u_01796,41.0,M,,0.0,304194.0,4,3,0
u_01797,29.0,F,WEB,0.0,244242.0,5,17,0
u_01798,35.0,M,APP,0.0,221449.0,3,44,1
u_01799,51.0,M,MOBILE,1.0,371507.0,5,44,1
u_01800,37.0,F,WEB,2.0,639144.0,6,126,0
u_01801,54.0,M,AD,1.0,735236.0,11,105,0
u_01802,29.0,M,APP,0.0,369698.0,6,51,1
u_01803,41.0,M,REFERRAL,3.0,350558.0,10,0,0
u_01804,65.0,F,MOBILE,0.0,826160.0,14,31,0
u_01805,36.0,F,WEB,0.0,606157.0,8,53,0
u_01806,46.0,M,MOBILE,5.0,2288214.0,21,0,0
u_01807,47.0,M,MOBILE,2.0,1447837.0,18,0,0
u_01808,23.0,F,MOBILE,0.0,426973.0,6,22,0
u_01809,42.0,M,WEB,0.0,423613.0,6,1,0
u_01810,44.0,F,AD,1.0,300640.0,7,63,0
u_01811,29.0,M,APP,1.0,601471.0,10,20,0
u_01812,41.0,M,MOBILE,0.0,3537.0,0,19,1
u_01813,64.0,F,WEB,0.0,689988.0,7,11,1
u_01814,,F,MOBILE,0.0,626461.0,6,19,0
u_01815,44.0,M,REFERRAL,1.0,497830.0,4,25,0
u_01816,34.0,M,MOBILE,1.0,1420194.0,12,44,0
u_01817,20.0,F,MOBILE,1.0,1346344.0,10,13,1
u_01818,52.0,F,WEB,1.0,994156.0,14,0,0
u_01819,37.0,M,WEB,3.0,2664383.0,22,0,0
u_01820,48.0,F,MOBILE,0.0,381982.0,4,34,0
u_01821,56.0,F,MOBILE,2.0,1475681.0,16,0,0
u_01822,39.0,M,MOBILE,2.0,723484.0,11,52,0
u_01823,45.0,M,REFERRAL,0.0,198756.0,3,48,0
u_01824,30.0,M,WEB,3.0,559851.0,9,3,0
u_01825,38.0,M,AD,1.0,838283.0,11,0,0
u_01826,60.0,F,WEB,1.0,472907.0,4,0,0
u_01827,54.0,M,WEB,1.0,522041.0,8,0,0
u_01828,33.0,M,WEB,2.0,789821.0,9,119,1
u_01829,24.0,F,WEB,0.0,150854.0,2,68,0
u_01830,36.0,M,REFERRAL,1.0,372176.0,9,49,0
u_01831,40.0,F,WEB,0.0,163568.0,2,0,0
u_01832,56.0,M,WEB,1.0,666458.0,12,52,0
u_01833,53.0,F,APP,3.0,422644.0,9,0,0
u_01834,58.0,M,AD,0.0,538194.0,10,55,1
u_01835,50.0,F,WEB,0.0,440739.0,14,42,0
u_01836,36.0,F,WEB,0.0,394872.0,5,71,0
u_01837,41.0,F,APP,0.0,1098.0,0,35,0
u_01838,39.0,F,MOBILE,0.0,151483.0,2,42,0
u_01839,35.0,M,WEB,1.0,211115.0,7,45,0
u_01840,32.0,F,WEB,1.0,280447.0,5,0,0
u_01841,40.0,F,MOBILE,0.0,393233.0,6,42,0
u_01842,21.0,F,MOBILE,0.0,357601.0,3,0,1
u_01843,51.0,F,APP,0.0,204512.0,3,12,0
u_01844,28.0,M,WEB,0.0,647502.0,6,34,0
u_01845,53.0,M,REFERRAL,2.0,1016933.0,18,31,0
u_01846,34.0,M,MOBILE,0.0,183545.0,3,38,0
u_01847,42.0,F,MOBILE,1.0,1701762.0,16,38,0
u_01848,26.0,F,WEB,0.0,311500.0,4,262,0
u_01849,35.0,M,WEB,0.0,1707.0,0,34,1
u_01850,44.0,M,MOBILE,1.0,570113.0,5,49,0
u_01851,36.0,M,REFERRAL,1.0,128831.0,5,17,0
u_01852,32.0,M,WEB,1.0,281301.0,5,20,0
u_01853,45.0,F,WEB,0.0,240285.0,3,11,1
u_01854,38.0,F,WEB,0.0,314333.0,4,10,1
u_01855,30.0,F,WEB,0.0,61861.0,1,0,0
u_01856,38.0,M,APP,2.0,941612.0,14,0,0
u_01857,37.0,M,APP,0.0,177448.0,7,114,1
u_01858,54.0,F,REFERRAL,3.0,1049976.0,12,0,0
u_01859,31.0,M,WEB,0.0,314555.0,4,0,0
u_01860,35.0,F,WEB,0.0,88194.0,1,5,0
u_01861,20.0,M,MOBILE,0.0,2734.0,0,24,1
u_01862,33.0,F,APP,1.0,1107510.0,15,102,0
u_01863,25.0,F,MOBILE,1.0,406754.0,5,129,1
u_01864,33.0,M,AD,2.0,479669.0,12,0,0
u_01865,35.0,F,APP,2.0,1434063.0,21,72,0
u_01866,38.0,F,WEB,0.0,496386.0,9,5,0
u_01867,36.0,F,APP,1.0,320844.0,5,46,1
u_01868,46.0,M,WEB,0.0,142991.0,2,0,0
u_01869,44.0,F,WEB,3.0,771177.0,11,125,1
u_01870,35.0,F,REFERRAL,2.0,613648.0,8,0,0
u_01871,40.0,M,APP,1.0,580010.0,7,56,0
u_01872,39.0,F,REFERRAL,0.0,580334.0,7,88,0
u_01873,24.0,F,MOBILE,4.0,1332415.0,19,0,0
u_01874,53.0,M,MOBILE,3.0,791488.0,7,2,0
u_01875,35.0,M,WEB,1.0,544323.0,9,59,0
u_01876,20.0,M,WEB,4.0,1886521.0,15,0,0
u_01877,38.0,F,MOBILE,0.0,275679.0,3,0,0
u_01878,38.0,M,AD,0.0,570875.0,8,35,1
u_01879,44.0,M,APP,4.0,1252456.0,16,2,0
u_01880,45.0,M,MOBILE,0.0,158194.0,4,29,0
u_01881,52.0,M,MOBILE,0.0,125097.0,2,123,1
u_01882,23.0,F,MOBILE,0.0,1221995.0,14,9,0
u_01883,20.0,F,MOBILE,2.0,314960.0,8,4,0
u_01884,,M,MOBILE,4.0,1700829.0,21,7,0
u_01885,42.0,F,MOBILE,2.0,1196538.0,11,199,1
u_01886,25.0,F,MOBILE,1.0,116079.0,2,48,0
u_01887,32.0,M,REFERRAL,0.0,410771.0,5,24,0
u_01888,20.0,F,MOBILE,2.0,1029218.0,10,36,0
u_01889,20.0,M,WEB,1.0,721562.0,16,127,1
u_01890,36.0,F,APP,1.0,1125645.0,20,0,0
u_01891,60.0,M,APP,2.0,987046.0,14,0,0
u_01892,44.0,M,MOBILE,1.0,2068958.0,20,1,0
u_01893,26.0,F,APP,3.0,383132.0,10,29,0
u_01894,45.0,M,AD,0.0,507013.0,5,39,0
u_01895,37.0,F,WEB,0.0,330387.0,3,23,1
u_01896,50.0,F,AD,3.0,639933.0,9,0,0
u_01897,36.0,F,MOBILE,1.0,514523.0,6,47,1
u_01898,43.0,F,WEB,0.0,109640.0,4,14,0
u_01899,47.0,M,MOBILE,1.0,546020.0,7,33,1
u_01900,36.0,F,REFERRAL,0.0,295994.0,3,0,0
u_01901,29.0,M,APP,0.0,2791.0,0,103,0
u_01902,35.0,M,MOBILE,2.0,1430561.0,15,2,0
u_01903,51.0,F,REFERRAL,0.0,4655.0,0,23,0
u_01904,36.0,F,APP,1.0,313399.0,5,0,0
u_01905,27.0,F,APP,0.0,,5,62,1
u_01906,23.0,M,REFERRAL,0.0,854754.0,16,64,0
u_01907,32.0,F,APP,1.0,652331.0,9,0,0
u_01908,20.0,F,MOBILE,0.0,421272.0,4,151,1
u_01909,43.0,F,APP,1.0,200912.0,8,0,0
u_01910,31.0,F,REFERRAL,0.0,189193.0,2,15,1
u_01911,37.0,F,WEB,1.0,165388.0,5,24,0
u_01912,47.0,M,WEB,0.0,74522.0,1,3,0
u_01913,49.0,F,MOBILE,0.0,331443.0,5,29,0
u_01914,39.0,M,MOBILE,1.0,833879.0,21,205,0
u_01915,26.0,M,MOBILE,1.0,176499.0,8,41,0
u_01916,20.0,M,APP,0.0,4423.0,0,1,1
u_01917,44.0,F,APP,2.0,498918.0,5,48,0
u_01918,58.0,F,MOBILE,0.0,73953.0,1,30,0
u_01919,28.0,M,APP,3.0,288342.0,7,0,0
u_01920,21.0,F,REFERRAL,0.0,316462.0,4,0,0
u_01921,28.0,M,AD,3.0,817659.0,12,1,0
u_01922,32.0,F,MOBILE,1.0,578225.0,10,117,0
u_01923,58.0,F,AD,4.0,653724.0,10,8,0
u_01924,46.0,M,WEB,2.0,959681.0,9,0,0
u_01925,37.0,F,MOBILE,2.0,526929.0,11,0,0
u_01926,32.0,F,APP,0.0,2147.0,0,44,0
u_01927,45.0,M,WEB,0.0,228930.0,3,19,0
u_01928,30.0,M,APP,0.0,338996.0,7,6,0
u_01929,29.0,F,AD,2.0,718586.0,16,10,0
u_01930,39.0,M,MOBILE,4.0,1032896.0,13,0,0
u_01931,48.0,M,APP,5.0,934703.0,14,228,0
u_01932,29.0,F,AD,0.0,201939.0,2,91,1
u_01933,35.0,F,WEB,0.0,152253.0,5,20,0
u_01934,41.0,M,MOBILE,0.0,330453.0,4,101,0
u_01935,26.0,F,MOBILE,0.0,454856.0,9,114,1
u_01936,28.0,M,WEB,1.0,1262288.0,15,32,0
u_01937,25.0,M,WEB,0.0,322668.0,5,88,0
u_01938,57.0,M,REFERRAL,0.0,283101.0,6,21,0
u_01939,39.0,F,WEB,3.0,1416804.0,19,0,0
u_01940,40.0,M,WEB,0.0,858250.0,8,57,1
u_01941,36.0,M,MOBILE,3.0,1172315.0,13,0,0
u_01942,57.0,M,APP,0.0,387543.0,4,6,0
u_01943,28.0,F,MOBILE,1.0,594349.0,13,0,0
u_01944,,F,AD,2.0,329653.0,3,65,0
u_01945,53.0,M,REFERRAL,0.0,392260.0,8,131,1
u_01946,27.0,M,APP,1.0,1454734.0,19,31,0
u_01947,39.0,F,APP,5.0,835377.0,19,0,0
u_01948,30.0,F,REFERRAL,4.0,951259.0,10,12,0
u_01949,53.0,M,APP,2.0,1941572.0,20,0,0
u_01950,46.0,F,MOBILE,0.0,525579.0,5,5,0
u_01951,55.0,M,MOBILE,5.0,1420789.0,17,158,0
u_01952,31.0,F,REFERRAL,0.0,807621.0,7,65,0
u_01953,38.0,F,REFERRAL,0.0,195672.0,4,17,0
u_01954,20.0,F,MOBILE,0.0,1088.0,0,3,0
u_01955,49.0,M,APP,1.0,213524.0,3,41,0
u_01956,41.0,F,MOBILE,2.0,657651.0,8,0,0
u_01957,36.0,M,MOBILE,1.0,304509.0,4,9,0
u_01958,46.0,M,AD,3.0,964600.0,13,2,0
u_01959,41.0,F,MOBILE,0.0,242753.0,4,32,1
u_01960,22.0,F,AD,1.0,819802.0,9,91,1
u_01961,36.0,F,MOBILE,0.0,418805.0,5,43,0
u_01962,46.0,M,MOBILE,1.0,305853.0,6,10,0
u_01963,22.0,M,REFERRAL,3.0,1783899.0,16,0,0
u_01964,20.0,M,AD,1.0,191101.0,5,85,1
u_01965,47.0,M,REFERRAL,0.0,1378132.0,9,23,0
u_01966,41.0,M,MOBILE,0.0,2962.0,0,55,0
u_01967,32.0,M,WEB,1.0,553325.0,4,54,1
u_01968,51.0,F,APP,0.0,772856.0,8,166,0
u_01969,29.0,F,WEB,0.0,496412.0,7,50,0
u_01970,30.0,M,REFERRAL,1.0,1328132.0,19,31,0
u_01971,30.0,F,WEB,0.0,507851.0,7,18,0
u_01972,31.0,F,MOBILE,0.0,148792.0,2,83,0
u_01973,,F,AD,1.0,258077.0,4,25,0
u_01974,28.0,M,WEB,0.0,191731.0,3,7,0
u_01975,28.0,M,APP,0.0,281642.0,7,15,0
u_01976,42.0,F,MOBILE,0.0,81824.0,1,0,1
u_01977,29.0,M,AD,0.0,2870.0,0,165,1
u_01978,34.0,M,MOBILE,1.0,910351.0,9,0,0
u_01979,36.0,M,APP,0.0,151463.0,2,0,0
u_01980,43.0,M,APP,4.0,965291.0,14,68,0
u_01981,30.0,F,REFERRAL,0.0,462998.0,6,48,0
u_01982,20.0,M,WEB,3.0,898377.0,11,27,0
u_01983,39.0,F,MOBILE,4.0,1375441.0,14,135,0
u_01984,37.0,F,WEB,0.0,176885.0,4,74,0
u_01985,24.0,F,MOBILE,1.0,45000.0,3,10,0
u_01986,36.0,F,REFERRAL,2.0,968698.0,11,13,0
u_01987,48.0,M,REFERRAL,1.0,528671.0,10,0,0
u_01988,20.0,F,WEB,1.0,730919.0,10,0,1
u_01989,29.0,F,MOBILE,1.0,731764.0,9,30,0
u_01990,30.0,F,WEB,1.0,762646.0,9,104,1
u_01991,20.0,M,MOBILE,0.0,1170080.0,16,0,1
u_01992,37.0,M,MOBILE,4.0,413633.0,14,0,0
u_01993,45.0,M,WEB,1.0,435527.0,7,50,0
u_01994,43.0,F,WEB,1.0,405805.0,6,0,0
u_01995,45.0,M,WEB,1.0,830905.0,9,28,0
u_01996,43.0,F,WEB,2.0,953574.0,13,0,0
u_01997,28.0,M,MOBILE,0.0,282935.0,3,83,1
u_01998,45.0,M,WEB,0.0,554308.0,5,116,1
u_01999,40.0,M,WEB,1.0,989559.0,12,21,0
u_02000,32.0,M,REFERRAL,4.0,1132177.0,15,36,0
u_02001,42.0,F,APP,0.0,2947913.0,21,0,0
u_02002,30.0,F,REFERRAL,2.0,690350.0,10,111,0
u_02003,36.0,M,REFERRAL,0.0,261983.0,6,65,1
u_02004,31.0,F,APP,1.0,535393.0,5,36,0
u_02005,36.0,F,MOBILE,0.0,556547.0,7,30,0
u_02006,55.0,F,MOBILE,0.0,77403.0,2,27,0
u_02007,47.0,M,MOBILE,0.0,803160.0,7,68,1
u_02008,20.0,F,,0.0,2048690.0,28,0,0
u_02009,45.0,M,WEB,0.0,500162.0,7,127,1
u_02010,43.0,F,WEB,0.0,1151517.0,10,0,0
u_02011,31.0,F,APP,1.0,607223.0,16,17,0
u_02012,41.0,F,APP,0.0,789896.0,6,19,0
u_02013,40.0,M,WEB,0.0,289443.0,8,31,0
u_02014,43.0,M,WEB,2.0,452038.0,6,0,0
u_02015,41.0,M,WEB,0.0,577348.0,6,0,0
u_02016,48.0,M,WEB,0.0,124900.0,2,85,1
u_02017,39.0,M,MOBILE,0.0,317539.0,6,16,1
u_02018,20.0,F,AD,1.0,398416.0,6,0,0
u_02019,34.0,F,APP,0.0,297985.0,5,29,0
u_02020,27.0,M,MOBILE,1.0,646039.0,7,9,0
u_02021,21.0,F,WEB,1.0,274232.0,8,34,0
u_02022,35.0,F,MOBILE,0.0,133001.0,2,136,1
u_02023,37.0,F,MOBILE,0.0,435174.0,6,11,0
u_02024,44.0,F,APP,3.0,568754.0,8,6,1
u_02025,41.0,F,MOBILE,2.0,956625.0,13,26,0
u_02026,46.0,F,APP,0.0,945922.0,16,20,0
u_02027,34.0,F,WEB,0.0,4035.0,0,6,0
u_02028,36.0,F,AD,0.0,422602.0,7,20,0
u_02029,50.0,M,MOBILE,1.0,309484.0,11,1,0
u_02030,45.0,F,MOBILE,1.0,292333.0,3,35,0
u_02031,37.0,F,WEB,2.0,1205125.0,15,0,0
u_02032,36.0,M,APP,0.0,183696.0,2,27,0
u_02033,,F,MOBILE,1.0,1299430.0,10,20,0
u_02034,,M,MOBILE,0.0,326033.0,4,11,0
u_02035,20.0,M,MOBILE,2.0,933740.0,8,0,0
u_02036,32.0,F,MOBILE,0.0,250596.0,5,0,0
u_02037,24.0,F,WEB,0.0,376550.0,4,41,1
u_02038,46.0,M,APP,1.0,333352.0,5,61,1
u_02039,24.0,F,WEB,2.0,504747.0,7,0,0
u_02040,33.0,F,REFERRAL,1.0,489738.0,6,0,0
u_02041,44.0,M,APP,0.0,228424.0,5,37,0
u_02042,38.0,F,APP,5.0,1329837.0,14,10,0
u_02043,34.0,F,WEB,1.0,386527.0,6,0,0
u_02044,,F,WEB,0.0,238051.0,4,35,1
u_02045,36.0,M,MOBILE,2.0,802140.0,8,0,0
u_02046,34.0,M,MOBILE,1.0,1267898.0,10,13,0
u_02047,29.0,F,WEB,1.0,174718.0,2,128,0
u_02048,,M,APP,1.0,713618.0,8,7,0
u_02049,60.0,M,MOBILE,3.0,544731.0,6,0,0
u_02050,49.0,M,MOBILE,,1236580.0,16,18,1
u_02051,,F,WEB,3.0,405805.0,8,0,0
u_02052,35.0,M,REFERRAL,2.0,415272.0,4,0,0
u_02053,28.0,F,WEB,0.0,456603.0,4,46,0
u_02054,31.0,F,APP,0.0,836448.0,7,48,1
u_02055,25.0,M,MOBILE,1.0,232260.0,4,20,0
u_02056,39.0,M,WEB,0.0,287.0,0,0,0
u_02057,24.0,F,WEB,1.0,1834103.0,24,0,0
u_02058,34.0,F,MOBILE,1.0,589945.0,13,87,0
u_02059,28.0,M,AD,2.0,694259.0,8,19,0
u_02060,44.0,M,MOBILE,3.0,582009.0,7,0,0
u_02061,31.0,F,MOBILE,0.0,983859.0,10,158,1
u_02062,26.0,F,AD,0.0,4751.0,0,82,0
u_02063,45.0,F,AD,0.0,186194.0,3,54,0
u_02064,33.0,M,MOBILE,2.0,996215.0,17,0,0
u_02065,33.0,M,MOBILE,0.0,276102.0,3,38,1
u_02066,,F,WEB,2.0,642979.0,10,5,0
u_02067,35.0,M,REFERRAL,3.0,782767.0,12,5,0
u_02068,22.0,F,MOBILE,0.0,334555.0,4,81,1
u_02069,26.0,M,AD,0.0,352068.0,3,8,0
u_02070,40.0,M,APP,5.0,686512.0,14,0,0
u_02071,35.0,F,WEB,2.0,1852768.0,15,0,0
u_02072,43.0,M,MOBILE,0.0,597339.0,7,7,0
u_02073,45.0,F,REFERRAL,1.0,2451359.0,17,41,0
u_02074,45.0,M,REFERRAL,0.0,162491.0,7,16,0
u_02075,54.0,M,AD,0.0,537133.0,8,45,0
u_02076,30.0,F,WEB,0.0,,12,10,0
u_02077,45.0,F,MOBILE,0.0,656479.0,7,38,0
u_02078,33.0,M,AD,2.0,883232.0,18,15,0
u_02079,29.0,F,MOBILE,1.0,575671.0,9,21,0
u_02080,29.0,F,REFERRAL,1.0,984580.0,13,27,0
u_02081,20.0,F,AD,0.0,2308646.0,31,58,1
u_02082,43.0,M,WEB,1.0,91952.0,2,18,0
u_02083,45.0,M,APP,0.0,251897.0,5,6,1
u_02084,28.0,M,MOBILE,5.0,1718166.0,23,43,0
u_02085,28.0,F,WEB,1.0,740328.0,12,20,0
u_02086,38.0,F,WEB,2.0,324975.0,4,25,0
u_02087,40.0,M,MOBILE,3.0,951611.0,12,108,0
u_02088,41.0,M,MOBILE,0.0,68452.0,1,12,1
u_02089,37.0,F,MOBILE,0.0,296722.0,6,87,0
u_02090,47.0,M,WEB,1.0,1510805.0,15,0,0
u_02091,38.0,F,AD,0.0,459512.0,9,53,0
u_02092,45.0,F,REFERRAL,0.0,2338.0,0,44,0
u_02093,57.0,F,REFERRAL,0.0,543842.0,6,33,0
u_02094,37.0,F,WEB,0.0,770406.0,9,83,0
u_02095,38.0,F,APP,2.0,416940.0,5,2,0
u_02096,52.0,F,MOBILE,0.0,44352.0,1,8,1
u_02097,34.0,M,MOBILE,0.0,295997.0,4,66,1
u_02098,22.0,M,APP,0.0,656651.0,14,17,0
u_02099,31.0,M,WEB,0.0,319416.0,3,48,1
u_02100,36.0,M,WEB,2.0,1219850.0,14,4,0
u_02101,33.0,F,MOBILE,3.0,464680.0,9,0,0
u_02102,55.0,M,WEB,1.0,1521401.0,17,10,0
u_02103,36.0,F,WEB,1.0,531284.0,7,22,0
u_02104,29.0,M,WEB,2.0,849104.0,21,31,0
u_02105,29.0,M,WEB,0.0,291132.0,4,80,1
u_02106,36.0,F,APP,2.0,348111.0,8,66,0
u_02107,20.0,M,WEB,0.0,621228.0,9,8,0
u_02108,41.0,M,MOBILE,0.0,450591.0,6,98,1
u_02109,36.0,M,REFERRAL,3.0,1345342.0,17,7,0
u_02110,37.0,F,REFERRAL,1.0,337468.0,4,15,0
u_02111,23.0,M,MOBILE,0.0,211600.0,6,3,1
u_02112,36.0,M,APP,2.0,994861.0,11,2,0
u_02113,45.0,F,MOBILE,3.0,1406515.0,15,33,0
u_02114,28.0,M,MOBILE,1.0,210806.0,6,90,0
u_02115,40.0,F,APP,1.0,318210.0,6,89,0
u_02116,36.0,M,APP,1.0,469627.0,9,56,0
u_02117,46.0,M,MOBILE,0.0,469371.0,5,36,0
u_02118,34.0,F,MOBILE,1.0,466201.0,6,114,0
u_02119,46.0,M,WEB,2.0,482196.0,7,38,0
u_02120,48.0,M,APP,0.0,833.0,0,0,0
u_02121,40.0,F,MOBILE,0.0,4340.0,0,54,1
u_02122,28.0,M,MOBILE,0.0,370833.0,6,96,0
u_02123,53.0,F,APP,0.0,853155.0,9,47,0
u_02124,25.0,F,REFERRAL,2.0,361087.0,9,29,0
u_02125,65.0,M,MOBILE,0.0,120291.0,2,56,1
u_02126,38.0,F,WEB,1.0,851427.0,8,127,1
u_02127,20.0,F,WEB,0.0,292279.0,3,40,0
u_02128,26.0,M,WEB,0.0,551075.0,6,159,0
u_02129,41.0,M,APP,0.0,537274.0,9,82,0
u_02130,24.0,M,WEB,0.0,133704.0,2,19,1
u_02131,30.0,F,MOBILE,2.0,768465.0,13,14,0
u_02132,20.0,F,WEB,0.0,460066.0,4,15,0
u_02133,33.0,F,MOBILE,0.0,181402.0,8,35,0
u_02134,56.0,F,APP,0.0,99544.0,3,4,0
u_02135,34.0,M,REFERRAL,2.0,522457.0,11,0,0
u_02136,33.0,M,AD,3.0,878379.0,11,0,0
u_02137,42.0,F,WEB,0.0,903835.0,12,51,0
u_02138,36.0,M,WEB,3.0,1226844.0,12,0,0
u_02139,38.0,M,MOBILE,1.0,1546331.0,14,84,0
u_02140,24.0,M,WEB,0.0,190336.0,4,1,1
u_02141,20.0,M,MOBILE,2.0,640424.0,10,12,0
u_02142,38.0,M,WEB,0.0,742812.0,10,167,1
u_02143,31.0,F,WEB,2.0,1700586.0,16,6,0
u_02144,20.0,F,REFERRAL,1.0,626041.0,9,146,1
u_02145,30.0,M,WEB,0.0,873436.0,11,7,0
u_02146,64.0,M,WEB,0.0,765004.0,6,22,0
u_02147,20.0,M,MOBILE,1.0,473054.0,6,18,0
u_02148,39.0,F,APP,2.0,485262.0,8,26,1
u_02149,37.0,F,WEB,0.0,605162.0,8,38,0
u_02150,29.0,F,WEB,0.0,612613.0,7,249,1
u_02151,49.0,F,MOBILE,0.0,297523.0,4,25,0
u_02152,37.0,M,AD,2.0,329365.0,7,24,0
u_02153,38.0,M,WEB,0.0,60000.0,4,14,0
u_02154,50.0,F,WEB,0.0,2975.0,0,34,1
u_02155,38.0,F,APP,1.0,892302.0,15,65,0
u_02156,25.0,F,APP,0.0,577632.0,4,24,1
u_02157,35.0,M,MOBILE,0.0,333035.0,5,43,0
u_02158,22.0,M,WEB,2.0,1233717.0,14,48,0
u_02159,33.0,F,WEB,1.0,536136.0,6,58,0
u_02160,43.0,M,MOBILE,0.0,157635.0,2,23,0
u_02161,40.0,F,AD,1.0,366765.0,7,0,0
u_02162,39.0,M,WEB,2.0,543329.0,8,0,0
u_02163,37.0,F,AD,0.0,1762197.0,17,125,0
u_02164,48.0,F,REFERRAL,1.0,425247.0,4,13,0
u_02165,43.0,F,WEB,0.0,4072.0,0,15,0
u_02166,25.0,M,MOBILE,1.0,1483630.0,15,30,0
u_02167,61.0,M,WEB,1.0,829870.0,15,39,0
u_02168,32.0,F,WEB,0.0,235112.0,2,0,0
u_02169,28.0,F,WEB,3.0,511523.0,8,0,0
u_02170,27.0,M,AD,0.0,210722.0,4,4,0
u_02171,34.0,F,MOBILE,2.0,1020661.0,9,65,0
u_02172,28.0,F,AD,1.0,386212.0,6,65,1
u_02173,31.0,F,WEB,1.0,1438018.0,17,0,0
u_02174,35.0,M,AD,1.0,161318.0,2,37,0
u_02175,20.0,F,WEB,5.0,904418.0,17,0,0
u_02176,42.0,F,MOBILE,2.0,726819.0,9,128,1
u_02177,41.0,M,APP,2.0,1131154.0,12,0,0
u_02178,26.0,M,APP,2.0,1262922.0,15,47,0
u_02179,52.0,F,REFERRAL,1.0,106979.0,2,0,0
u_02180,28.0,F,MOBILE,1.0,758392.0,10,15,0
u_02181,20.0,M,APP,2.0,363485.0,6,14,0
u_02182,56.0,F,MOBILE,1.0,455027.0,6,16,0
u_02183,43.0,F,WEB,3.0,473043.0,6,47,0
u_02184,48.0,F,MOBILE,2.0,472486.0,9,0,0
u_02185,45.0,M,MOBILE,0.0,1688495.0,16,14,0
u_02186,40.0,F,WEB,0.0,415541.0,7,168,1
u_02187,43.0,M,APP,0.0,294283.0,3,155,1
u_02188,49.0,F,MOBILE,0.0,252203.0,3,109,1
u_02189,39.0,F,MOBILE,0.0,293499.0,4,32,0
u_02190,22.0,F,REFERRAL,1.0,787220.0,10,91,1
u_02191,44.0,F,WEB,2.0,418630.0,8,0,0
u_02192,49.0,F,APP,3.0,230189.0,8,0,0
u_02193,20.0,M,REFERRAL,1.0,583339.0,8,79,1
u_02194,36.0,F,WEB,0.0,510220.0,5,5,0
u_02195,35.0,F,MOBILE,2.0,871793.0,10,38,0
u_02196,49.0,F,APP,0.0,91553.0,1,13,0
u_02197,36.0,F,WEB,4.0,530475.0,19,8,0
u_02198,33.0,F,APP,0.0,1119246.0,14,35,0
u_02199,38.0,M,AD,2.0,293893.0,14,33,0
u_02200,29.0,F,APP,0.0,276166.0,4,171,0
u_02201,20.0,F,WEB,0.0,783.0,0,50,0
u_02202,26.0,M,APP,0.0,902042.0,10,0,0
u_02203,44.0,F,WEB,0.0,66934.0,1,0,1
u_02204,52.0,M,APP,2.0,459870.0,10,0,0
u_02205,30.0,F,WEB,0.0,816880.0,11,0,0
u_02206,32.0,M,MOBILE,0.0,840279.0,12,47,0
u_02207,35.0,F,WEB,5.0,496050.0,15,0,0
u_02208,20.0,F,MOBILE,1.0,1042392.0,13,80,0
u_02209,21.0,M,APP,1.0,420644.0,6,29,1
u_02210,32.0,M,WEB,0.0,242331.0,6,0,1
u_02211,27.0,M,REFERRAL,2.0,835265.0,13,15,0
u_02212,22.0,M,REFERRAL,0.0,960.0,0,22,0
u_02213,35.0,F,APP,1.0,293683.0,6,162,0
u_02214,49.0,F,APP,0.0,862796.0,21,24,0
u_02215,30.0,F,MOBILE,2.0,1269790.0,14,16,0
u_02216,41.0,F,MOBILE,1.0,746335.0,11,25,0
u_02217,41.0,M,MOBILE,5.0,717926.0,13,74,0
u_02218,40.0,M,MOBILE,,335391.0,5,0,0
u_02219,34.0,M,MOBILE,0.0,524545.0,6,26,0
u_02220,49.0,M,MOBILE,1.0,1203057.0,11,26,0
u_02221,33.0,M,APP,2.0,589164.0,7,7,0
u_02222,36.0,F,MOBILE,0.0,38146.0,1,55,0
u_02223,54.0,M,WEB,0.0,93972.0,1,32,1
u_02224,31.0,F,WEB,0.0,662101.0,8,5,0
u_02225,30.0,M,APP,3.0,669588.0,8,23,0
u_02226,41.0,M,WEB,3.0,850941.0,17,34,0
u_02227,50.0,F,MOBILE,2.0,538565.0,6,0,0
u_02228,33.0,M,APP,0.0,62630.0,1,86,1
u_02229,52.0,F,MOBILE,1.0,810458.0,9,0,0
u_02230,36.0,M,APP,5.0,1177748.0,14,0,0
u_02231,25.0,F,WEB,2.0,1035542.0,9,0,0
u_02232,27.0,F,APP,0.0,243170.0,3,0,1
u_02233,32.0,F,APP,4.0,1382591.0,-1,0,0
u_02234,20.0,F,REFERRAL,0.0,1280238.0,12,10,0
u_02235,42.0,M,MOBILE,5.0,908479.0,17,0,0
u_02236,50.0,F,MOBILE,0.0,764469.0,10,7,0
u_02237,33.0,M,AD,3.0,628086.0,9,36,0
u_02238,20.0,F,WEB,0.0,887486.0,7,22,1
u_02239,44.0,F,MOBILE,0.0,597697.0,7,28,0
u_02240,21.0,F,APP,0.0,334195.0,8,3,0
u_02241,65.0,F,WEB,1.0,131678.0,2,54,1
u_02242,35.0,M,REFERRAL,0.0,183330.0,2,0,0
u_02243,33.0,F,AD,1.0,341695.0,3,0,0
u_02244,24.0,M,WEB,0.0,459302.0,7,24,0
u_02245,38.0,F,REFERRAL,1.0,69114.0,1,0,0
u_02246,31.0,M,WEB,1.0,1135711.0,17,4,0
u_02247,22.0,M,AD,0.0,273576.0,7,0,0
u_02248,65.0,F,MOBILE,0.0,,4,30,1
u_02249,20.0,F,MOBILE,0.0,1810674.0,23,29,0
u_02250,56.0,F,APP,1.0,1274054.0,12,0,0
u_02251,22.0,F,APP,0.0,595049.0,8,98,1
u_02252,29.0,F,APP,0.0,693357.0,7,95,1
u_02253,31.0,F,MOBILE,3.0,629446.0,9,0,0
u_02254,32.0,F,WEB,2.0,1297189.0,18,115,0
u_02255,25.0,M,AD,1.0,1026183.0,12,20,0
u_02256,38.0,M,MOBILE,0.0,535162.0,4,0,0
u_02257,23.0,M,WEB,2.0,470230.0,6,35,0
u_02258,22.0,F,MOBILE,1.0,252046.0,6,4,0
u_02259,38.0,F,APP,0.0,348980.0,11,0,1
u_02260,44.0,M,MOBILE,4.0,1005617.0,12,32,0
u_02261,56.0,M,MOBILE,1.0,534113.0,8,45,0
u_02262,27.0,M,MOBILE,4.0,1473148.0,19,0,0
u_02263,38.0,F,AD,0.0,377147.0,4,71,0
u_02264,54.0,M,MOBILE,2.0,2322391.0,20,0,0
u_02265,50.0,F,APP,0.0,432991.0,5,24,0
u_02266,34.0,M,AD,0.0,705491.0,8,28,1
u_02267,21.0,F,REFERRAL,1.0,805818.0,15,10,0
u_02268,39.0,M,REFERRAL,0.0,192246.0,3,11,0
u_02269,25.0,M,WEB,0.0,60000.0,4,43,0
u_02270,45.0,M,APP,2.0,471776.0,9,47,0
u_02271,,F,WEB,0.0,605110.0,7,5,0
u_02272,36.0,F,WEB,4.0,1008911.0,11,35,0
u_02273,42.0,M,APP,3.0,1538406.0,18,54,0
u_02274,31.0,M,WEB,0.0,77603.0,1,24,1
u_02275,48.0,M,APP,0.0,376910.0,6,32,0
u_02276,42.0,M,APP,0.0,420573.0,5,24,0
u_02277,53.0,M,REFERRAL,0.0,30062.0,2,7,0
u_02278,35.0,F,WEB,1.0,612426.0,8,49,0
u_02279,27.0,M,REFERRAL,1.0,120938.0,2,15,0
u_02280,38.0,F,APP,1.0,813713.0,8,2,0
u_02281,41.0,F,MOBILE,2.0,1231390.0,13,33,0
u_02282,65.0,M,WEB,0.0,696371.0,13,11,1
u_02283,49.0,M,MOBILE,3.0,912115.0,9,26,0
u_02284,59.0,M,MOBILE,3.0,1310652.0,13,0,0
u_02285,34.0,M,APP,0.0,134995.0,5,162,0
u_02286,44.0,F,MOBILE,0.0,4089.0,0,8,0
u_02287,33.0,F,WEB,2.0,2479951.0,28,0,0
u_02288,36.0,M,MOBILE,2.0,2244934.0,17,50,0
u_02289,40.0,F,WEB,3.0,450225.0,10,0,0
u_02290,39.0,M,APP,4.0,442698.0,16,0,0
u_02291,20.0,F,MOBILE,1.0,724371.0,15,9,0
u_02292,32.0,M,APP,0.0,436754.0,4,0,0
u_02293,49.0,M,AD,2.0,1018467.0,15,6,0
u_02294,44.0,F,REFERRAL,0.0,4511.0,0,76,1
u_02295,31.0,M,AD,0.0,525555.0,8,0,1
u_02296,43.0,F,APP,4.0,2477864.0,24,77,0
u_02297,47.0,F,WEB,3.0,870538.0,9,116,0
u_02298,20.0,F,MOBILE,1.0,979637.0,13,30,0
u_02299,39.0,M,REFERRAL,0.0,157839.0,2,0,0
u_02300,35.0,F,APP,0.0,466290.0,5,93,0
u_02301,39.0,F,MOBILE,3.0,1185861.0,16,79,0
u_02302,34.0,M,WEB,1.0,345772.0,4,7,0
u_02303,23.0,M,REFERRAL,0.0,272710.0,3,34,1
u_02304,24.0,M,WEB,1.0,788866.0,10,32,1
u_02305,42.0,M,WEB,0.0,739555.0,7,62,0
u_02306,28.0,F,REFERRAL,0.0,271150.0,5,98,0
u_02307,32.0,M,MOBILE,1.0,1240587.0,12,36,0
u_02308,60.0,M,WEB,0.0,1416964.0,13,41,0
u_02309,24.0,M,WEB,1.0,1147256.0,8,0,0
u_02310,20.0,F,MOBILE,0.0,193597.0,3,12,0
u_02311,29.0,F,MOBILE,0.0,2535.0,0,10,1
u_02312,36.0,F,REFERRAL,0.0,249387.0,5,0,0
u_02313,39.0,F,WEB,2.0,1404308.0,16,24,0
u_02314,25.0,M,MOBILE,3.0,884722.0,9,48,0
u_02315,36.0,M,MOBILE,0.0,58128.0,1,10,1
u_02316,30.0,F,AD,0.0,76831.0,2,101,1
u_02317,44.0,F,MOBILE,0.0,1080531.0,11,1,0
u_02318,45.0,F,MOBILE,2.0,680458.0,13,15,0
u_02319,38.0,F,APP,3.0,1392822.0,16,0,0
u_02320,37.0,M,APP,1.0,431872.0,6,27,0
u_02321,41.0,F,MOBILE,3.0,1044309.0,18,0,0
u_02322,35.0,M,AD,0.0,4181.0,0,197,1
u_02323,,M,MOBILE,0.0,61288.0,1,18,0
u_02324,43.0,F,APP,1.0,127224.0,8,180,1
u_02325,24.0,M,WEB,2.0,638838.0,6,8,0
u_02326,45.0,F,REFERRAL,3.0,631054.0,13,47,0
u_02327,30.0,F,MOBILE,4.0,387197.0,12,128,0
u_02328,20.0,M,APP,1.0,203893.0,8,24,1
u_02329,21.0,F,REFERRAL,5.0,820781.0,13,46,0
u_02330,53.0,M,REFERRAL,3.0,708963.0,12,0,0
u_02331,29.0,F,WEB,3.0,1021003.0,12,66,0
u_02332,30.0,F,MOBILE,1.0,198384.0,6,0,0
u_02333,34.0,M,APP,3.0,708080.0,16,34,0
u_02334,36.0,M,AD,2.0,564213.0,7,13,0
u_02335,48.0,M,AD,1.0,839687.0,10,82,0
u_02336,34.0,F,APP,2.0,483802.0,6,11,0
u_02337,37.0,F,APP,1.0,1050144.0,10,45,0
u_02338,23.0,M,APP,2.0,808231.0,7,7,0
u_02339,50.0,M,REFERRAL,1.0,1001056.0,14,77,1
u_02340,41.0,F,APP,0.0,329565.0,4,41,1
u_02341,37.0,M,WEB,0.0,114192.0,4,33,0
u_02342,23.0,F,WEB,0.0,219557.0,3,14,0
u_02343,32.0,M,MOBILE,2.0,1139767.0,9,6,0
u_02344,48.0,F,APP,1.0,317366.0,6,8,1
u_02345,29.0,F,WEB,0.0,1760.0,0,45,0
u_02346,45.0,F,APP,4.0,920549.0,13,44,0
u_02347,53.0,M,MOBILE,0.0,651307.0,6,12,0
u_02348,42.0,F,MOBILE,2.0,937159.0,11,41,0
u_02349,25.0,M,MOBILE,4.0,551601.0,10,0,0
u_02350,46.0,M,REFERRAL,0.0,934799.0,8,10,0
u_02351,20.0,F,WEB,0.0,384134.0,9,29,1
u_02352,32.0,M,MOBILE,0.0,451213.0,5,43,0
u_02353,29.0,F,MOBILE,0.0,1916012.0,16,24,0
u_02354,,M,MOBILE,4.0,616459.0,15,0,0
u_02355,39.0,F,APP,0.0,132297.0,2,35,0
u_02356,26.0,M,MOBILE,1.0,458713.0,9,2,0
u_02357,55.0,M,MOBILE,0.0,793336.0,7,0,1
u_02358,28.0,M,WEB,0.0,44443.0,1,12,0
u_02359,24.0,F,APP,0.0,118653.0,1,0,0
u_02360,32.0,F,APP,0.0,297737.0,3,164,1
u_02361,49.0,F,MOBILE,0.0,84347.0,1,72,1
u_02362,24.0,M,MOBILE,1.0,821249.0,9,10,1
u_02363,20.0,F,APP,0.0,618401.0,5,25,1
u_02364,28.0,F,WEB,0.0,248875.0,7,39,0
u_02365,42.0,M,AD,2.0,155552.0,4,181,1
u_02366,41.0,F,WEB,0.0,617026.0,6,184,1
u_02367,33.0,M,MOBILE,1.0,33175.0,1,0,0
u_02368,45.0,F,AD,3.0,1164229.0,15,51,0
u_02369,27.0,M,WEB,0.0,60000.0,4,3,0
u_02370,25.0,F,WEB,0.0,1635.0,0,62,0
u_02371,38.0,M,AD,4.0,822201.0,11,34,0
u_02372,34.0,M,MOBILE,1.0,92091.0,4,0,1
u_02373,29.0,M,MOBILE,0.0,146674.0,3,60,0
u_02374,59.0,F,WEB,0.0,2118103.0,16,48,0
u_02375,38.0,M,MOBILE,2.0,571560.0,8,91,0
u_02376,39.0,M,WEB,3.0,872810.0,16,13,1
u_02377,33.0,M,MOBILE,0.0,215103.0,5,2,1
u_02378,43.0,M,APP,3.0,1061016.0,14,26,0
u_02379,48.0,F,MOBILE,0.0,250995.0,5,32,1
u_02380,40.0,M,APP,3.0,3166150.0,26,0,0
u_02381,,M,MOBILE,0.0,656112.0,6,14,1
u_02382,22.0,F,WEB,0.0,508018.0,6,0,1
u_02383,29.0,F,MOBILE,0.0,342998.0,4,60,0
u_02384,42.0,M,MOBILE,0.0,233048.0,11,13,1
u_02385,38.0,M,MOBILE,2.0,579179.0,10,123,0
u_02386,36.0,F,WEB,1.0,402830.0,5,13,0
u_02387,41.0,F,APP,0.0,256958.0,5,11,0
u_02388,38.0,M,MOBILE,1.0,205463.0,3,0,0
u_02389,33.0,M,REFERRAL,0.0,221423.0,3,65,0
u_02390,38.0,F,MOBILE,0.0,1426579.0,17,30,1
u_02391,32.0,M,WEB,0.0,760343.0,11,77,1
u_02392,35.0,M,WEB,0.0,452628.0,5,3,1
u_02393,57.0,M,MOBILE,0.0,1006820.0,14,18,0
u_02394,26.0,M,APP,4.0,859304.0,12,0,0
u_02395,23.0,F,APP,0.0,156288.0,2,6,0
u_02396,52.0,M,MOBILE,2.0,841332.0,8,0,0
u_02397,20.0,F,WEB,0.0,81048.0,1,1,0
u_02398,29.0,F,MOBILE,3.0,860286.0,11,0,0
u_02399,45.0,F,MOBILE,0.0,215425.0,2,16,1
u_02400,45.0,M,MOBILE,0.0,503042.0,8,15,0
u_02401,32.0,F,APP,1.0,435159.0,8,0,0
u_02402,62.0,F,WEB,1.0,692996.0,15,32,0
u_02403,40.0,F,WEB,1.0,683922.0,7,14,0
u_02404,43.0,M,REFERRAL,1.0,1108991.0,9,3,0
u_02405,38.0,M,APP,0.0,120739.0,1,0,0
u_02406,56.0,M,APP,5.0,1627453.0,21,0,0
u_02407,22.0,M,WEB,3.0,947594.0,11,0,0
u_02408,44.0,M,WEB,0.0,,11,44,0
u_02409,35.0,M,MOBILE,0.0,819845.0,13,73,1
u_02410,28.0,F,WEB,1.0,,13,51,0
u_02411,41.0,M,APP,1.0,338625.0,7,0,0
u_02412,44.0,M,WEB,2.0,621238.0,11,0,0
u_02413,26.0,M,MOBILE,0.0,731924.0,6,3,0
u_02414,39.0,M,MOBILE,2.0,1380045.0,10,39,0
u_02415,52.0,F,REFERRAL,0.0,246705.0,3,35,0
u_02416,27.0,M,APP,0.0,136335.0,2,102,0
u_02417,40.0,F,WEB,0.0,214311.0,3,28,0
u_02418,30.0,M,MOBILE,0.0,211530.0,3,10,1
u_02419,43.0,M,MOBILE,1.0,160725.0,2,43,0
u_02420,49.0,M,WEB,0.0,1121601.0,9,98,0
u_02421,33.0,M,REFERRAL,0.0,129821.0,3,48,0
u_02422,44.0,F,WEB,0.0,226020.0,2,18,1
u_02423,40.0,M,APP,2.0,382252.0,6,61,1
u_02424,43.0,M,AD,2.0,2805462.0,18,47,0
u_02425,20.0,M,WEB,1.0,194953.0,5,9,1
u_02426,40.0,F,WEB,0.0,1570127.0,16,194,1
u_02427,42.0,M,MOBILE,3.0,255000.0,17,15,0
u_02428,39.0,F,MOBILE,1.0,169748.0,6,1,0
u_02429,34.0,F,AD,0.0,531278.0,8,63,0
u_02430,22.0,M,AD,3.0,1172713.0,14,44,0
u_02431,25.0,M,APP,1.0,381946.0,7,32,0
u_02432,21.0,M,MOBILE,0.0,496912.0,8,47,0
u_02433,34.0,F,WEB,0.0,825951.0,10,73,0
u_02434,42.0,M,MOBILE,1.0,842005.0,8,51,0
u_02435,23.0,M,WEB,1.0,42389.0,1,31,1
u_02436,45.0,F,MOBILE,2.0,556175.0,9,0,0
u_02437,64.0,F,WEB,1.0,709451.0,10,33,0
u_02438,50.0,M,MOBILE,1.0,896295.0,15,0,0
u_02439,41.0,M,APP,5.0,1473583.0,20,0,0
u_02440,52.0,F,WEB,1.0,573503.0,6,0,0
u_02441,59.0,F,WEB,0.0,529691.0,6,33,0
u_02442,43.0,M,AD,0.0,1124704.0,14,8,0
u_02443,35.0,F,APP,,1079430.0,9,0,0
u_02444,,F,WEB,0.0,570966.0,12,0,0
u_02445,25.0,M,AD,0.0,366140.0,4,106,1
u_02446,42.0,M,APP,0.0,333700.0,4,85,0
u_02447,36.0,M,REFERRAL,1.0,515292.0,7,24,0
u_02448,28.0,F,MOBILE,0.0,404652.0,4,24,1
u_02449,29.0,M,MOBILE,0.0,1020384.0,10,7,0
u_02450,40.0,F,APP,0.0,1169556.0,13,40,0
u_02451,29.0,F,WEB,5.0,2015340.0,30,0,0
u_02452,42.0,F,WEB,0.0,469538.0,5,0,0
u_02453,50.0,M,MOBILE,2.0,1605540.0,11,17,0
u_02454,27.0,F,REFERRAL,0.0,149141.0,2,68,1
u_02455,27.0,M,WEB,0.0,83908.0,4,0,0
u_02456,41.0,M,MOBILE,2.0,589714.0,8,0,0
u_02457,47.0,M,REFERRAL,0.0,1378.0,0,5,1
u_02458,34.0,M,,5.0,1547161.0,21,0,0
u_02459,23.0,M,REFERRAL,3.0,1471028.0,21,101,0
u_02460,44.0,F,WEB,0.0,4902.0,0,51,1
u_02461,21.0,M,MOBILE,5.0,977433.0,14,0,0
u_02462,51.0,F,APP,0.0,4038.0,0,80,1
u_02463,57.0,M,AD,2.0,730827.0,7,0,0
u_02464,57.0,M,REFERRAL,0.0,407714.0,4,0,0
u_02465,28.0,F,AD,1.0,371333.0,6,0,0
u_02466,41.0,F,WEB,0.0,1193854.0,14,100,0
u_02467,41.0,M,WEB,0.0,219863.0,3,49,0
u_02468,29.0,F,MOBILE,2.0,253235.0,3,16,0
u_02469,25.0,F,APP,1.0,313478.0,4,20,0
u_02470,29.0,F,WEB,1.0,827330.0,9,26,0
u_02471,25.0,M,MOBILE,0.0,38452.0,2,36,1
u_02472,52.0,M,WEB,0.0,265634.0,5,5,0
u_02473,24.0,F,AD,4.0,,11,0,0
u_02474,21.0,M,MOBILE,0.0,459350.0,9,12,0
u_02475,52.0,F,WEB,0.0,166063.0,5,33,0
u_02476,32.0,M,REFERRAL,1.0,374823.0,7,23,0
u_02477,37.0,F,MOBILE,1.0,808463.0,17,105,0
u_02478,20.0,M,MOBILE,5.0,2754676.0,22,2,0
u_02479,44.0,F,APP,0.0,4163.0,0,63,1
u_02480,,M,MOBILE,3.0,711179.0,16,3,0
u_02481,29.0,F,AD,1.0,719998.0,8,31,0
u_02482,35.0,F,APP,3.0,1437371.0,19,1,0
u_02483,37.0,F,AD,0.0,428955.0,5,39,1
u_02484,58.0,F,AD,2.0,761584.0,8,0,0
u_02485,30.0,M,APP,3.0,594673.0,14,0,0
u_02486,41.0,F,MOBILE,1.0,722927.0,11,17,0
u_02487,53.0,M,AD,2.0,195517.0,6,0,0
u_02488,30.0,F,REFERRAL,0.0,757109.0,7,24,0
u_02489,29.0,M,MOBILE,1.0,923700.0,9,83,1
u_02490,42.0,M,WEB,2.0,644059.0,16,21,0
u_02491,38.0,M,WEB,1.0,619806.0,9,26,0
u_02492,23.0,F,WEB,0.0,350112.0,3,0,0
u_02493,42.0,F,MOBILE,3.0,546457.0,11,21,0
u_02494,23.0,F,APP,5.0,773978.0,17,0,0
u_02495,33.0,M,MOBILE,0.0,83676.0,1,0,0
u_02496,26.0,M,MOBILE,0.0,337797.0,7,94,0
u_02497,30.0,F,WEB,4.0,1433817.0,22,0,0
u_02498,47.0,M,APP,1.0,579692.0,9,8,0
u_02499,33.0,M,REFERRAL,0.0,1821.0,0,34,1
u_02500,42.0,F,WEB,4.0,1189983.0,19,18,0
u_02501,40.0,F,REFERRAL,1.0,828390.0,14,46,0
u_02502,37.0,F,WEB,0.0,238558.0,7,25,1
u_02503,38.0,F,APP,3.0,636484.0,15,0,0
u_02504,20.0,F,WEB,1.0,898042.0,13,39,0
u_02505,57.0,F,MOBILE,4.0,1393564.0,19,0,0
u_02506,35.0,M,MOBILE,0.0,171571.0,3,90,1
u_02507,20.0,F,MOBILE,1.0,356171.0,7,107,0
u_02508,41.0,F,REFERRAL,0.0,696670.0,8,21,0
u_02509,31.0,F,REFERRAL,0.0,53769.0,1,111,0
u_02510,44.0,F,WEB,0.0,465868.0,6,5,0
u_02511,39.0,F,WEB,0.0,30000.0,2,36,0
u_02512,31.0,M,MOBILE,2.0,329246.0,9,19,0
u_02513,29.0,F,MOBILE,3.0,656853.0,9,50,0
u_02514,21.0,F,REFERRAL,1.0,1771154.0,18,33,0
u_02515,32.0,F,WEB,2.0,440819.0,5,0,0
u_02516,46.0,M,WEB,3.0,873041.0,9,19,0
u_02517,20.0,M,APP,4.0,1193074.0,14,32,0
u_02518,22.0,F,REFERRAL,0.0,90798.0,1,193,1
u_02519,39.0,M,APP,0.0,307035.0,3,30,1
u_02520,36.0,F,APP,1.0,705081.0,13,51,0
u_02521,27.0,M,APP,1.0,977572.0,28,0,0
u_02522,48.0,M,WEB,0.0,634148.0,5,8,0
u_02523,30.0,F,WEB,4.0,1125241.0,15,0,0
u_02524,22.0,F,REFERRAL,1.0,202794.0,4,0,0
u_02525,48.0,M,WEB,0.0,335080.0,8,33,0
u_02526,30.0,F,MOBILE,1.0,187164.0,4,111,0
u_02527,23.0,M,MOBILE,0.0,1381.0,0,33,1
u_02528,38.0,M,APP,0.0,89457.0,1,2,0
u_02529,51.0,M,MOBILE,1.0,201659.0,3,23,0
u_02530,36.0,F,WEB,1.0,689904.0,5,0,1
u_02531,44.0,M,WEB,3.0,701430.0,9,56,0
u_02532,40.0,F,MOBILE,0.0,261999.0,3,0,0
u_02533,21.0,M,WEB,3.0,1136095.0,13,39,0
u_02534,35.0,F,WEB,0.0,379512.0,5,214,1
u_02535,41.0,F,WEB,2.0,,12,23,0
u_02536,27.0,F,WEB,0.0,1968655.0,21,69,0
u_02537,31.0,M,MOBILE,0.0,493786.0,4,12,0
u_02538,47.0,M,REFERRAL,2.0,1072704.0,15,26,0
u_02539,44.0,F,WEB,3.0,1116551.0,9,0,0
u_02540,53.0,M,MOBILE,1.0,546888.0,10,0,0
u_02541,31.0,F,WEB,0.0,274941.0,4,76,0
u_02542,35.0,F,REFERRAL,2.0,1149839.0,10,0,0
u_02543,43.0,M,WEB,3.0,473415.0,8,38,0
u_02544,34.0,F,MOBILE,0.0,190903.0,3,59,0
u_02545,20.0,M,WEB,0.0,1976272.0,20,32,0
u_02546,34.0,F,REFERRAL,0.0,124999.0,2,6,0
u_02547,20.0,M,WEB,3.0,707343.0,10,0,0
u_02548,33.0,M,REFERRAL,2.0,572022.0,11,6,0
u_02549,40.0,M,WEB,1.0,510471.0,6,92,0
u_02550,38.0,F,WEB,0.0,59961.0,1,193,1
u_02551,36.0,M,MOBILE,1.0,1075099.0,9,84,0
u_02552,40.0,F,WEB,1.0,489856.0,7,22,1
u_02553,34.0,F,REFERRAL,0.0,364051.0,5,28,0
u_02554,44.0,F,MOBILE,0.0,1410.0,0,79,0
u_02555,27.0,F,APP,0.0,166188.0,2,54,0
u_02556,34.0,F,REFERRAL,0.0,689084.0,9,0,0
u_02557,36.0,M,WEB,0.0,373894.0,4,9,0
u_02558,42.0,F,MOBILE,1.0,992133.0,10,152,0
u_02559,20.0,F,WEB,0.0,594965.0,8,65,0
u_02560,65.0,F,MOBILE,0.0,570397.0,12,0,0
u_02561,35.0,F,APP,1.0,321367.0,6,23,0
u_02562,23.0,M,WEB,0.0,1667.0,0,34,1
u_02563,39.0,F,APP,0.0,363474.0,5,13,0
u_02564,26.0,M,REFERRAL,1.0,716897.0,9,20,1
u_02565,27.0,M,REFERRAL,0.0,72651.0,1,16,0
u_02566,45.0,F,AD,3.0,680464.0,12,181,0
u_02567,35.0,F,AD,0.0,427083.0,7,59,0
u_02568,61.0,F,MOBILE,0.0,300662.0,4,32,0
u_02569,33.0,M,REFERRAL,2.0,135690.0,7,29,0
u_02570,49.0,M,WEB,0.0,218330.0,3,31,1
u_02571,34.0,F,APP,0.0,423777.0,5,173,0
u_02572,32.0,F,APP,0.0,869545.0,10,88,1
u_02573,36.0,F,WEB,0.0,4059.0,0,36,0
u_02574,48.0,M,WEB,1.0,256832.0,3,46,1
u_02575,50.0,M,APP,0.0,314378.0,5,0,0
u_02576,26.0,F,MOBILE,4.0,2009727.0,24,0,0
u_02577,40.0,M,REFERRAL,0.0,222809.0,4,20,1
u_02578,32.0,M,WEB,1.0,120566.0,7,124,0
u_02579,23.0,F,APP,0.0,86780.0,1,29,1
u_02580,40.0,M,APP,0.0,1319088.0,22,98,0
u_02581,52.0,F,APP,0.0,287263.0,3,13,0
u_02582,47.0,F,REFERRAL,3.0,781142.0,11,28,0
u_02583,30.0,F,AD,3.0,827341.0,12,54,0
u_02584,49.0,F,WEB,1.0,240533.0,5,0,0
u_02585,40.0,F,MOBILE,0.0,359980.0,7,71,0
u_02586,37.0,M,MOBILE,1.0,412520.0,7,163,0
u_02587,45.0,M,WEB,2.0,515196.0,7,27,0
u_02588,23.0,F,MOBILE,0.0,1203449.0,10,7,1
u_02589,42.0,M,WEB,2.0,340477.0,7,43,0
u_02590,43.0,M,AD,1.0,197515.0,3,3,0
u_02591,25.0,F,WEB,5.0,1298434.0,14,0,0
u_02592,25.0,F,AD,5.0,1553587.0,20,0,0
u_02593,45.0,M,MOBILE,0.0,323932.0,8,8,0
u_02594,29.0,M,WEB,2.0,509646.0,6,42,0
u_02595,46.0,F,APP,0.0,285866.0,3,136,1
u_02596,20.0,M,MOBILE,0.0,148982.0,5,113,0
u_02597,35.0,F,APP,0.0,712218.0,6,27,0
u_02598,36.0,M,APP,0.0,190804.0,3,98,1
u_02599,30.0,F,WEB,0.0,205729.0,3,125,0
u_02600,48.0,F,APP,1.0,512000.0,12,0,0
u_02601,47.0,F,APP,1.0,106128.0,6,50,0
u_02602,35.0,M,AD,0.0,563736.0,7,55,0
u_02603,45.0,M,WEB,1.0,374955.0,5,32,0
u_02604,42.0,M,WEB,0.0,812502.0,10,29,1
u_02605,44.0,F,MOBILE,1.0,1332066.0,14,75,0
u_02606,49.0,F,WEB,1.0,899042.0,9,22,1
u_02607,43.0,F,MOBILE,0.0,130824.0,2,60,0
u_02608,20.0,F,APP,1.0,439031.0,6,44,0
u_02609,,M,MOBILE,0.0,66958.0,1,33,1
u_02610,49.0,F,WEB,0.0,456561.0,5,111,1
u_02611,40.0,M,REFERRAL,1.0,498953.0,5,18,1
u_02612,35.0,M,AD,0.0,197891.0,2,0,0
u_02613,20.0,F,MOBILE,2.0,354142.0,12,9,0
u_02614,52.0,M,MOBILE,0.0,241982.0,4,81,0
u_02615,36.0,M,REFERRAL,1.0,378638.0,5,88,0
u_02616,35.0,F,WEB,0.0,781465.0,11,6,1
u_02617,35.0,M,REFERRAL,0.0,300.0,0,176,1
u_02618,23.0,F,WEB,2.0,443363.0,17,88,0
u_02619,63.0,M,WEB,0.0,1481.0,0,92,0
u_02620,27.0,F,APP,0.0,521496.0,5,2,1
u_02621,47.0,F,WEB,1.0,449802.0,7,78,0
u_02622,32.0,F,WEB,0.0,60722.0,3,0,1
u_02623,39.0,F,MOBILE,1.0,1015423.0,11,252,1
u_02624,34.0,M,WEB,1.0,755679.0,9,75,0
u_02625,56.0,F,WEB,2.0,338970.0,8,39,0
u_02626,34.0,F,APP,1.0,772855.0,11,2,0
u_02627,37.0,F,AD,0.0,1619364.0,14,31,0
u_02628,42.0,M,WEB,0.0,600444.0,6,131,0
u_02629,22.0,M,WEB,0.0,858617.0,11,95,1
u_02630,22.0,F,MOBILE,0.0,298971.0,6,57,0
u_02631,28.0,M,APP,4.0,1682065.0,19,67,0
u_02632,37.0,F,WEB,3.0,,22,18,0
u_02633,39.0,M,WEB,0.0,509322.0,8,10,0
u_02634,30.0,F,APP,0.0,2830438.0,29,14,0
u_02635,26.0,F,REFERRAL,1.0,559587.0,11,24,0
u_02636,34.0,F,REFERRAL,0.0,540145.0,10,87,0
u_02637,45.0,M,WEB,1.0,1046938.0,13,48,0
u_02638,24.0,M,REFERRAL,2.0,962806.0,11,14,0
u_02639,34.0,F,MOBILE,5.0,1183222.0,24,0,0
u_02640,25.0,F,AD,0.0,823654.0,11,31,0
u_02641,20.0,M,APP,0.0,921781.0,9,33,0
u_02642,28.0,M,MOBILE,2.0,1348674.0,11,31,0
u_02643,25.0,F,MOBILE,1.0,460292.0,8,0,0
u_02644,37.0,M,MOBILE,2.0,769629.0,9,0,0
u_02645,34.0,M,AD,0.0,453114.0,15,9,0
u_02646,42.0,F,WEB,1.0,610428.0,7,74,0
u_02647,40.0,M,MOBILE,4.0,962622.0,12,0,0
u_02648,35.0,M,WEB,0.0,101182.0,1,23,0
u_02649,24.0,F,APP,0.0,557162.0,5,53,0
u_02650,36.0,M,WEB,0.0,194996.0,9,50,0
u_02651,44.0,F,APP,3.0,628386.0,12,0,0
u_02652,54.0,F,MOBILE,0.0,210000.0,14,23,1
u_02653,41.0,F,WEB,2.0,1322952.0,14,0,0
u_02654,27.0,M,APP,2.0,502057.0,6,19,1
u_02655,46.0,F,REFERRAL,0.0,261150.0,3,50,0
u_02656,54.0,F,WEB,2.0,772406.0,9,68,0
u_02657,39.0,M,WEB,3.0,349250.0,9,109,0
u_02658,20.0,F,MOBILE,0.0,435948.0,3,13,1
u_02659,,F,APP,0.0,785405.0,11,146,0
u_02660,20.0,M,REFERRAL,2.0,775469.0,8,0,0
u_02661,42.0,M,WEB,0.0,368392.0,5,38,0
u_02662,38.0,F,MOBILE,2.0,418743.0,10,3,0
u_02663,37.0,F,APP,0.0,269710.0,3,3,1
u_02664,55.0,F,WEB,1.0,794665.0,7,35,0
u_02665,30.0,M,MOBILE,2.0,195918.0,3,0,0
u_02666,23.0,F,AD,1.0,444163.0,7,0,0
u_02667,33.0,M,AD,3.0,503955.0,10,4,0
u_02668,42.0,F,APP,4.0,1754776.0,20,13,0
u_02669,26.0,F,MOBILE,1.0,365617.0,5,85,1
u_02670,30.0,M,AD,1.0,302872.0,5,266,1
u_02671,29.0,M,WEB,1.0,196448.0,6,0,0
u_02672,52.0,M,MOBILE,1.0,563005.0,7,36,0
u_02673,49.0,M,MOBILE,0.0,276496.0,4,31,1
u_02674,29.0,F,MOBILE,0.0,587897.0,7,35,0
u_02675,51.0,F,WEB,1.0,244176.0,3,53,0
u_02676,38.0,F,WEB,1.0,2075530.0,19,5,0
u_02677,38.0,M,WEB,1.0,408808.0,5,34,0
u_02678,57.0,M,MOBILE,0.0,523302.0,8,0,0
u_02679,,F,MOBILE,4.0,1863945.0,26,0,0
u_02680,43.0,F,APP,0.0,768259.0,10,102,1
u_02681,43.0,F,MOBILE,0.0,1016934.0,10,104,0
u_02682,40.0,M,MOBILE,3.0,1718040.0,15,0,0
u_02683,35.0,F,MOBILE,1.0,251562.0,3,0,0
u_02684,34.0,M,WEB,1.0,259083.0,6,60,0
u_02685,49.0,F,WEB,3.0,828115.0,11,26,0
u_02686,41.0,F,MOBILE,0.0,160199.0,4,41,0
u_02687,41.0,F,WEB,1.0,396149.0,11,26,0
u_02688,33.0,F,WEB,1.0,277927.0,3,15,0
u_02689,34.0,F,APP,2.0,486091.0,14,4,0
u_02690,53.0,F,REFERRAL,1.0,487627.0,5,0,0
u_02691,31.0,F,WEB,2.0,520645.0,8,0,0
u_02692,34.0,M,MOBILE,3.0,486455.0,6,0,0
u_02693,25.0,F,APP,1.0,1277215.0,13,0,0
u_02694,42.0,F,REFERRAL,0.0,413321.0,4,0,0
u_02695,41.0,M,WEB,1.0,735242.0,10,0,0
u_02696,47.0,M,APP,1.0,427043.0,4,18,0
u_02697,38.0,M,APP,0.0,351264.0,5,19,0
u_02698,32.0,F,WEB,2.0,996952.0,9,16,0
u_02699,27.0,F,WEB,1.0,765510.0,7,53,0
u_02700,37.0,M,APP,2.0,984065.0,13,83,0
u_02701,34.0,F,AD,0.0,532463.0,7,22,0
u_02702,29.0,M,APP,5.0,1125915.0,17,0,0
u_02703,25.0,M,APP,0.0,500951.0,6,42,0
u_02704,37.0,F,REFERRAL,1.0,625779.0,7,47,0
u_02705,52.0,F,WEB,0.0,609020.0,10,40,0
u_02706,30.0,M,REFERRAL,0.0,552244.0,8,82,1
u_02707,24.0,M,APP,2.0,780643.0,10,0,0
u_02708,34.0,M,APP,0.0,184512.0,3,45,1
u_02709,23.0,M,WEB,2.0,448053.0,11,0,0
u_02710,46.0,F,MOBILE,0.0,349469.0,4,24,0
u_02711,31.0,F,,1.0,1261558.0,16,11,0
u_02712,31.0,M,REFERRAL,1.0,808166.0,11,7,0
u_02713,47.0,M,MOBILE,0.0,1745362.0,18,0,0
u_02714,41.0,M,WEB,1.0,502861.0,6,33,0
u_02715,22.0,F,WEB,0.0,342911.0,4,22,0
u_02716,25.0,F,AD,3.0,725850.0,12,94,0
u_02717,55.0,M,MOBILE,0.0,747527.0,11,39,0
u_02718,49.0,M,REFERRAL,1.0,573564.0,5,25,0
u_02719,30.0,M,MOBILE,1.0,1057208.0,10,8,0
u_02720,20.0,F,APP,0.0,7104900.0,7,17,1
u_02721,54.0,F,APP,2.0,2042671.0,14,54,0
u_02722,35.0,M,MOBILE,0.0,4254.0,0,1,1
u_02723,22.0,M,AD,2.0,1015652.0,11,0,0
u_02724,23.0,M,APP,3.0,1611172.0,16,0,0
u_02725,35.0,M,APP,1.0,378848.0,6,0,0
u_02726,39.0,M,WEB,2.0,418343.0,9,13,0
u_02727,27.0,M,WEB,0.0,610694.0,9,286,1
u_02728,47.0,M,WEB,0.0,174953.0,3,24,1
u_02729,28.0,F,AD,2.0,516255.0,9,0,0
u_02730,20.0,M,MOBILE,0.0,329264.0,4,121,0
u_02731,26.0,M,APP,1.0,1068260.0,13,8,1
u_02732,30.0,F,WEB,4.0,1136917.0,16,0,0
u_02733,36.0,F,MOBILE,4.0,1997354.0,26,0,0
u_02734,65.0,F,APP,0.0,367531.0,20,86,0
u_02735,51.0,M,WEB,0.0,4318.0,0,61,0
u_02736,47.0,F,MOBILE,0.0,48630.0,1,77,1
u_02737,55.0,M,MOBILE,0.0,218897.0,4,67,0
u_02738,46.0,M,REFERRAL,0.0,820.0,0,31,0
u_02739,48.0,F,MOBILE,2.0,813834.0,6,0,0
u_02740,44.0,F,APP,2.0,758671.0,7,0,0
u_02741,38.0,F,WEB,0.0,604869.0,6,28,0
u_02742,23.0,M,WEB,1.0,382401.0,5,18,1
u_02743,47.0,F,REFERRAL,3.0,594469.0,10,0,0
u_02744,35.0,M,APP,0.0,361275.0,6,68,0
u_02745,20.0,F,MOBILE,0.0,3719.0,0,60,0
u_02746,20.0,F,MOBILE,0.0,730541.0,8,13,0
u_02747,41.0,F,WEB,2.0,801844.0,8,72,0
u_02748,38.0,F,MOBILE,0.0,415666.0,4,0,1
u_02749,20.0,F,AD,1.0,691121.0,10,78,0
u_02750,51.0,F,REFERRAL,0.0,437074.0,5,105,0
u_02751,49.0,M,REFERRAL,0.0,57889.0,2,72,1
u_02752,38.0,M,MOBILE,0.0,345474.0,4,7,0
u_02753,36.0,M,MOBILE,0.0,774346.0,9,0,0
u_02754,43.0,F,MOBILE,1.0,167141.0,4,0,0
u_02755,21.0,M,MOBILE,3.0,1285302.0,18,0,0
u_02756,27.0,M,WEB,0.0,1066496.0,10,0,0
u_02757,34.0,F,AD,0.0,303993.0,3,8,0
u_02758,26.0,F,MOBILE,1.0,360249.0,8,16,0
u_02759,34.0,M,MOBILE,2.0,471974.0,7,120,0
u_02760,23.0,M,APP,3.0,833099.0,9,0,0
u_02761,36.0,M,APP,1.0,729087.0,7,49,0
u_02762,35.0,F,APP,0.0,152.0,0,105,0
u_02763,49.0,M,APP,1.0,515359.0,6,12,0
u_02764,52.0,F,WEB,0.0,304520.0,4,127,1
u_02765,30.0,F,MOBILE,0.0,204837.0,2,8,1
u_02766,37.0,M,REFERRAL,1.0,562492.0,12,18,1
u_02767,44.0,M,WEB,0.0,,8,69,0
u_02768,38.0,M,MOBILE,3.0,1202370.0,13,7,0
u_02769,30.0,M,APP,0.0,459757.0,5,31,0
u_02770,23.0,F,APP,0.0,1721272.0,12,16,0
u_02771,55.0,M,APP,3.0,1014226.0,20,2,0
u_02772,23.0,F,MOBILE,0.0,1171326.0,17,18,0
u_02773,41.0,F,MOBILE,1.0,490401.0,6,39,0
u_02774,39.0,F,APP,1.0,264739.0,4,33,0
u_02775,40.0,F,WEB,2.0,969197.0,11,25,0
u_02776,31.0,M,WEB,0.0,97475.0,1,89,0
u_02777,36.0,F,APP,0.0,393391.0,5,25,1
u_02778,42.0,F,AD,1.0,418830.0,4,30,0
u_02779,23.0,M,AD,0.0,51533.0,2,45,1
u_02780,33.0,M,APP,0.0,715564.0,11,41,0
u_02781,23.0,M,MOBILE,0.0,202301.0,2,90,0
u_02782,32.0,M,MOBILE,0.0,180255.0,3,41,1
u_02783,47.0,M,AD,3.0,820201.0,9,63,0
u_02784,37.0,F,MOBILE,1.0,339000.0,10,6,0
u_02785,54.0,F,MOBILE,4.0,906009.0,12,23,0
u_02786,40.0,M,MOBILE,1.0,279292.0,4,0,0
u_02787,30.0,F,APP,4.0,338087.0,13,24,0
u_02788,49.0,F,MOBILE,0.0,399658.0,6,22,0
u_02789,20.0,M,WEB,1.0,190511.0,7,0,0
u_02790,51.0,F,MOBILE,4.0,,27,0,0
u_02791,27.0,F,MOBILE,0.0,226954.0,4,57,0
u_02792,32.0,M,WEB,1.0,597305.0,9,91,1
u_02793,56.0,F,WEB,2.0,999667.0,15,56,0
u_02794,38.0,M,APP,3.0,713750.0,7,100,0
u_02795,35.0,F,MOBILE,0.0,578524.0,6,13,0
u_02796,47.0,M,REFERRAL,0.0,260528.0,3,24,1
u_02797,40.0,F,WEB,1.0,598730.0,16,200,1
u_02798,35.0,M,APP,2.0,368928.0,10,0,0
u_02799,37.0,M,,1.0,149959.0,2,69,0
u_02800,43.0,M,REFERRAL,1.0,949989.0,10,0,0
u_02801,20.0,F,WEB,0.0,814417.0,13,105,0
u_02802,65.0,F,AD,3.0,715075.0,16,0,0
u_02803,48.0,F,REFERRAL,0.0,741638.0,12,25,0
u_02804,42.0,M,AD,0.0,417639.0,4,73,1
u_02805,20.0,M,MOBILE,1.0,498552.0,7,0,0
u_02806,35.0,M,APP,1.0,236701.0,3,38,0
u_02807,27.0,F,REFERRAL,2.0,2826486.0,22,0,0
u_02808,33.0,M,WEB,1.0,396068.0,6,44,0
u_02809,36.0,M,MOBILE,0.0,329331.0,6,0,0
u_02810,43.0,M,MOBILE,0.0,317482.0,4,59,0
u_02811,57.0,F,MOBILE,1.0,578105.0,5,144,0
u_02812,27.0,M,MOBILE,0.0,1298538.0,17,11,0
u_02813,20.0,M,MOBILE,0.0,46900.0,1,8,0
u_02814,28.0,M,AD,0.0,1039.0,0,20,1
u_02815,51.0,F,MOBILE,4.0,780148.0,13,19,0
u_02816,28.0,F,APP,0.0,883266.0,10,60,0
u_02817,24.0,M,MOBILE,0.0,1083579.0,11,24,0
u_02818,49.0,M,MOBILE,3.0,528393.0,6,0,0
u_02819,48.0,F,MOBILE,2.0,1871559.0,20,0,0
u_02820,29.0,F,MOBILE,0.0,470123.0,5,16,1
u_02821,38.0,M,MOBILE,1.0,1402321.0,18,15,0
u_02822,31.0,M,MOBILE,0.0,377785.0,4,44,0
u_02823,50.0,M,REFERRAL,0.0,810825.0,11,13,0
u_02824,35.0,M,AD,0.0,205984.0,5,13,0
u_02825,37.0,M,REFERRAL,0.0,1174670.0,11,0,0
u_02826,36.0,M,REFERRAL,3.0,752703.0,13,21,0
u_02827,38.0,M,MOBILE,0.0,215463.0,3,2,1
u_02828,27.0,M,WEB,0.0,1059401.0,12,36,0
u_02829,44.0,F,APP,0.0,994146.0,9,12,0
u_02830,38.0,F,MOBILE,2.0,959923.0,12,0,0
u_02831,40.0,F,MOBILE,2.0,538854.0,11,40,0
u_02832,65.0,F,REFERRAL,1.0,350386.0,7,0,0
u_02833,47.0,M,AD,0.0,401997.0,6,72,0
u_02834,32.0,M,WEB,0.0,1397869.0,15,31,0
u_02835,24.0,F,APP,0.0,45000.0,3,14,0
u_02836,31.0,F,AD,0.0,452689.0,6,20,0
u_02837,25.0,M,MOBILE,0.0,1503009.0,14,64,0
u_02838,20.0,M,WEB,2.0,505502.0,5,0,0
u_02839,37.0,F,REFERRAL,5.0,2888844.0,28,0,0
u_02840,39.0,F,WEB,1.0,461113.0,9,0,0
u_02841,29.0,F,WEB,1.0,1381696.0,15,128,1
u_02842,44.0,M,MOBILE,0.0,460886.0,7,1,0
u_02843,44.0,F,WEB,3.0,1007438.0,11,53,0
u_02844,22.0,M,WEB,1.0,417251.0,7,12,0
u_02845,29.0,M,WEB,1.0,246538.0,5,17,0
u_02846,39.0,F,APP,0.0,418893.0,5,0,0
u_02847,21.0,F,AD,0.0,357.0,0,50,1
u_02848,40.0,M,MOBILE,4.0,1027524.0,13,21,0
u_02849,35.0,M,WEB,1.0,541975.0,6,0,0
u_02850,53.0,F,AD,3.0,634160.0,6,4,0
u_02851,34.0,M,MOBILE,1.0,422000.0,5,24,0
u_02852,49.0,F,MOBILE,2.0,1122432.0,10,24,0
u_02853,49.0,M,MOBILE,0.0,460765.0,4,3,0
u_02854,43.0,F,APP,1.0,408975.0,5,0,0
u_02855,37.0,M,REFERRAL,2.0,993573.0,11,4,0
u_02856,39.0,M,APP,2.0,827322.0,8,70,0
u_02857,41.0,M,WEB,0.0,1124732.0,19,118,0
u_02858,29.0,M,WEB,0.0,763075.0,9,32,0
u_02859,41.0,F,REFERRAL,1.0,520254.0,8,80,0
u_02860,35.0,M,WEB,0.0,323603.0,4,57,1
u_02861,26.0,M,,2.0,1092398.0,18,106,0
u_02862,47.0,M,APP,3.0,612984.0,9,32,0
u_02863,55.0,F,APP,0.0,871326.0,11,41,1
u_02864,34.0,F,MOBILE,0.0,577095.0,4,51,1
u_02865,55.0,F,WEB,0.0,3414.0,0,38,0
u_02866,48.0,F,MOBILE,4.0,1116368.0,17,14,0
u_02867,24.0,M,APP,0.0,1522099.0,18,3,0
u_02868,37.0,M,APP,3.0,991316.0,14,0,0
u_02869,44.0,F,WEB,0.0,53845.0,2,87,0
u_02870,48.0,F,MOBILE,1.0,763522.0,-1,49,0
u_02871,27.0,M,MOBILE,0.0,1029592.0,19,12,0
u_02872,42.0,M,MOBILE,1.0,442140.0,5,7,0
u_02873,48.0,F,REFERRAL,0.0,314155.0,4,110,0
u_02874,32.0,M,AD,2.0,2269605.0,25,116,0
u_02875,46.0,M,APP,1.0,248631.0,3,9,0
u_02876,26.0,F,WEB,0.0,962119.0,10,80,0
u_02877,28.0,M,APP,2.0,897710.0,13,0,0
u_02878,59.0,F,AD,4.0,1829462.0,17,0,0
u_02879,38.0,M,MOBILE,0.0,689518.0,7,89,0
u_02880,41.0,M,AD,1.0,352067.0,4,40,0
u_02881,32.0,M,REFERRAL,0.0,23483.0,1,0,1
u_02882,42.0,M,WEB,0.0,900419.0,9,46,1
u_02883,31.0,M,WEB,0.0,336531.0,6,60,0
u_02884,51.0,M,WEB,2.0,482455.0,10,5,0
u_02885,28.0,F,WEB,0.0,981208.0,15,14,0
u_02886,26.0,F,APP,2.0,191410.0,6,23,0
u_02887,31.0,F,APP,0.0,471920.0,7,38,1
u_02888,39.0,F,MOBILE,2.0,1066462.0,10,98,0
u_02889,24.0,M,APP,0.0,579889.0,7,0,0
u_02890,23.0,F,MOBILE,1.0,228572.0,7,17,0
u_02891,41.0,M,REFERRAL,0.0,172905.0,2,51,0
u_02892,20.0,M,WEB,1.0,910522.0,12,73,1
u_02893,20.0,F,APP,0.0,4222.0,0,3,1
u_02894,49.0,M,,1.0,461477.0,7,47,0
u_02895,26.0,M,MOBILE,3.0,1677587.0,16,0,0
u_02896,20.0,M,WEB,1.0,780091.0,10,2,0
u_02897,22.0,F,WEB,1.0,712736.0,11,32,0
u_02898,33.0,F,AD,3.0,872663.0,13,10,0
u_02899,37.0,M,WEB,3.0,1276410.0,10,0,0
u_02900,46.0,M,REFERRAL,0.0,448987.0,6,19,0
u_02901,29.0,M,APP,1.0,228937.0,2,33,0
u_02902,44.0,F,MOBILE,0.0,15000.0,1,22,1
u_02903,20.0,M,WEB,0.0,934134.0,8,94,1
u_02904,31.0,M,WEB,2.0,542604.0,20,36,0
u_02905,36.0,F,APP,0.0,461579.0,6,6,1
u_02906,54.0,M,APP,0.0,610760.0,9,11,0
u_02907,27.0,F,APP,0.0,970869.0,10,51,0
u_02908,43.0,F,AD,1.0,923525.0,12,56,0
u_02909,47.0,F,MOBILE,0.0,93322.0,1,13,0
u_02910,20.0,M,WEB,0.0,1478132.0,14,45,1
u_02911,42.0,F,MOBILE,2.0,1184192.0,12,95,0
u_02912,35.0,M,APP,1.0,430852.0,8,0,0
u_02913,29.0,F,WEB,1.0,522655.0,7,162,0
u_02914,54.0,M,MOBILE,1.0,532088.0,11,71,0
u_02915,51.0,M,WEB,3.0,1180694.0,15,0,0
u_02916,41.0,M,REFERRAL,1.0,490172.0,8,48,0
u_02917,37.0,F,WEB,1.0,1745611.0,14,113,0
u_02918,31.0,F,REFERRAL,3.0,1311056.0,18,0,0
u_02919,41.0,F,MOBILE,3.0,742309.0,10,13,0
u_02920,46.0,F,MOBILE,2.0,260378.0,5,0,0
u_02921,36.0,F,APP,2.0,346377.0,7,98,0
u_02922,51.0,F,WEB,1.0,1464870.0,17,47,0
u_02923,41.0,M,WEB,3.0,821081.0,13,0,0
u_02924,44.0,F,REFERRAL,1.0,229351.0,4,3,0
u_02925,38.0,F,WEB,0.0,296394.0,6,19,0
u_02926,25.0,M,REFERRAL,1.0,1920683.0,15,55,0
u_02927,41.0,M,WEB,0.0,558721.0,9,20,0
u_02928,37.0,F,WEB,0.0,240828.0,4,43,1
u_02929,27.0,M,MOBILE,0.0,279864.0,7,11,0
u_02930,21.0,M,REFERRAL,3.0,468704.0,9,73,0
u_02931,43.0,F,MOBILE,1.0,165034.0,4,10,0
u_02932,23.0,F,APP,2.0,187209.0,4,294,1
u_02933,42.0,F,WEB,4.0,1237638.0,18,0,0
u_02934,51.0,M,AD,1.0,733.0,0,50,0
u_02935,26.0,F,MOBILE,1.0,662559.0,10,79,1
u_02936,30.0,F,MOBILE,0.0,142436.0,2,71,1
u_02937,22.0,M,AD,0.0,72893.0,2,0,0
u_02938,23.0,F,MOBILE,1.0,526815.0,8,43,0
u_02939,42.0,M,WEB,1.0,736554.0,5,34,0
u_02940,39.0,F,REFERRAL,2.0,640637.0,9,57,0
u_02941,42.0,M,WEB,4.0,803710.0,10,35,0
u_02942,33.0,M,MOBILE,3.0,1410554.0,14,18,0
u_02943,35.0,M,AD,1.0,368670.0,4,39,0
u_02944,42.0,M,MOBILE,0.0,193910.0,3,40,0
u_02945,46.0,F,APP,0.0,83497.0,2,42,1
u_02946,40.0,F,WEB,2.0,632306.0,8,0,0
u_02947,25.0,M,WEB,3.0,1296731.0,15,0,0
u_02948,33.0,M,AD,0.0,548991.0,7,26,0
u_02949,59.0,F,APP,0.0,288880.0,4,20,1
u_02950,40.0,M,APP,1.0,96160.0,1,81,0
u_02951,30.0,M,WEB,2.0,1876665.0,21,22,0
u_02952,46.0,F,APP,0.0,441610.0,5,186,1
u_02953,20.0,F,APP,1.0,856687.0,15,42,0
u_02954,35.0,M,WEB,2.0,1045083.0,11,0,0
u_02955,30.0,F,MOBILE,0.0,238525.0,5,23,0
u_02956,48.0,M,,1.0,510413.0,5,0,0
u_02957,20.0,F,AD,2.0,774160.0,13,122,0
u_02958,45.0,F,APP,0.0,609825.0,6,0,0
u_02959,36.0,M,MOBILE,0.0,1092745.0,9,38,0
u_02960,43.0,F,APP,2.0,898821.0,8,19,0
u_02961,48.0,M,WEB,0.0,683644.0,11,0,0
u_02962,20.0,M,APP,2.0,1193622.0,12,0,0
u_02963,20.0,M,REFERRAL,1.0,298793.0,4,47,1
u_02964,33.0,M,REFERRAL,0.0,1529760.0,11,21,0
u_02965,31.0,M,REFERRAL,0.0,977823.0,10,93,0
u_02966,30.0,M,WEB,0.0,98816.0,2,18,0
u_02967,27.0,M,MOBILE,1.0,229987.0,5,85,0
u_02968,44.0,M,WEB,2.0,756968.0,10,65,0
u_02969,42.0,M,MOBILE,1.0,489779.0,9,3,0
u_02970,36.0,F,MOBILE,0.0,357705.0,4,36,1
u_02971,41.0,F,APP,0.0,756124.0,7,28,0
u_02972,36.0,M,MOBILE,0.0,239795.0,2,8,0
u_02973,54.0,M,WEB,5.0,1977563.0,19,28,0
u_02974,30.0,M,REFERRAL,3.0,504213.0,7,35,0
u_02975,39.0,M,APP,1.0,599972.0,9,16,0
u_02976,44.0,M,APP,0.0,295023.0,5,21,0
u_02977,49.0,M,WEB,1.0,196706.0,5,17,1
u_02978,21.0,M,APP,1.0,330268.0,6,0,0
u_02979,36.0,M,MOBILE,2.0,417734.0,18,0,0
u_02980,38.0,M,AD,0.0,585649.0,8,31,1
u_02981,39.0,M,REFERRAL,3.0,1505570.0,12,86,0
u_02982,31.0,M,MOBILE,0.0,488312.0,10,4,0
u_02983,33.0,M,APP,4.0,1547074.0,25,0,0
u_02984,28.0,F,MOBILE,0.0,723956.0,8,32,0
u_02985,38.0,F,MOBILE,3.0,529404.0,10,9,0
u_02986,35.0,F,WEB,1.0,272248.0,4,49,0
u_02987,31.0,M,WEB,1.0,261243.0,3,6,0
u_02988,25.0,M,REFERRAL,3.0,225000.0,15,0,0
u_02989,26.0,M,MOBILE,2.0,774717.0,9,7,0
u_02990,35.0,F,WEB,0.0,4225.0,0,111,1
u_02991,39.0,M,WEB,1.0,863284.0,11,34,0
u_02992,26.0,F,APP,1.0,1217731.0,14,7,0
u_02993,39.0,M,APP,2.0,443239.0,5,0,0
u_02994,35.0,M,REFERRAL,2.0,568865.0,12,77,0
u_02995,42.0,F,AD,2.0,631600.0,10,10,0
u_02996,36.0,F,WEB,1.0,379133.0,5,37,0
u_02997,20.0,F,WEB,0.0,240628.0,5,43,0
u_02998,24.0,M,REFERRAL,0.0,1053855.0,24,30,0
u_02999,50.0,F,MOBILE,0.0,818883.0,9,0,0
u_03000,47.0,M,MOBILE,2.0,618994.0,10,0,0
u_01802,29.0,M,APP,0.0,369698.0,6,51,1
u_01191,42.0,F,WEB,1.0,700036.0,13,55,0
u_01818,52.0,F,WEB,1.0,994156.0,14,0,0
u_00252,21.0,M,MOBILE,5.0,3273259.0,33,0,0
u_02506,35.0,M,MOBILE,0.0,171571.0,3,90,1
u_01118,46.0,F,WEB,0.0,745198.0,9,58,0
u_01412,30.0,F,MOBILE,2.0,729493.0,8,42,0
u_02114,28.0,M,MOBILE,1.0,210806.0,6,90,0
u_00409,32.0,M,WEB,0.0,516073.0,7,15,0
u_02580,40.0,M,APP,0.0,1319088.0,22,98,0
u_02255,25.0,M,AD,1.0,1026183.0,12,20,0
u_00053,22.0,M,MOBILE,0.0,394427.0,6,13,0
u_00645,28.0,F,WEB,1.0,2361341.0,21,0,0
u_01764,33.0,F,APP,1.0,121565.0,4,31,0
u_02777,36.0,F,APP,0.0,393391.0,5,25,1
u_00901,20.0,F,REFERRAL,1.0,1220629.0,16,0,0
u_01074,29.0,M,WEB,3.0,1077570.0,12,0,0
u_00473,32.0,M,APP,3.0,1005222.0,15,0,0
u_02739,48.0,F,MOBILE,2.0,813834.0,6,0,0
u_02547,20.0,M,WEB,3.0,707343.0,10,0,0
u_00045,37.0,M,MOBILE,0.0,187703.0,2,55,1
u_00290,32.0,M,APP,0.0,345583.0,5,1,0
u_00913,43.0,F,REFERRAL,4.0,764818.0,13,0,0
u_02084,28.0,M,MOBILE,5.0,1718166.0,23,43,0
u_01361,48.0,F,WEB,2.0,997478.0,10,0,0
u_02896,20.0,M,WEB,1.0,780091.0,10,2,0
u_02604,42.0,M,WEB,0.0,812502.0,10,29,1
u_01227,48.0,M,MOBILE,4.0,627789.0,11,0,0
u_00297,24.0,M,MOBILE,1.0,446847.0,7,2,0
u_01242,34.0,F,WEB,0.0,1902.0,0,45,1
