user_id,age,gender,channel,vip_grade,total_spent,order_count,recency,churn
u_00001,32,F,WEB,2,1245484,22,51,0
u_00002,36,M,WEB,3,374005,11,0,0
u_00003,37,M,MOBILE,0,3994,0,0,0
u_00004,22,M,WEB,0,53184,3,32,0
u_00005,38,F,MOBILE,1,369491,7,23,0
u_00006,65,M,MOBILE,0,422784,7,16,0
u_00007,55,F,APP,3,1076537,13,0,0
u_00008,31,M,WEB,3,492663,6,0,0
u_00009,54,M,WEB,2,317020,13,82,0
u_00010,27,M,MOBILE,1,379502,7,0,0
u_00011,63,M,AD,0,454816,4,118,1
u_00012,35,M,WEB,3,207045,6,0,0
u_00013,20,M,APP,1,167331,9,52,0
u_00014,41,F,WEB,0,286348,4,15,0
u_00015,31,F,WEB,2,882890,9,1,0
u_00016,27,F,WEB,0,471879,5,32,1
u_00017,23,F,AD,0,4734,0,10,0
u_00018,33,F,AD,2,623213,9,0,0
u_00019,37,F,MOBILE,0,215854,3,7,0
u_00020,41,M,MOBILE,0,662080,6,25,0
u_00021,29,F,WEB,2,721151,8,4,0
u_00022,45,M,APP,0,2386,0,10,0
u_00023,36,F,WEB,0,81770,1,45,0
u_00024,27,F,WEB,1,1054194,13,8,0
u_00025,40,F,AD,2,935276,7,24,0
u_00026,54,M,MOBILE,0,254538,3,4,0
u_00027,20,M,WEB,0,169195,2,26,1
u_00028,48,M,WEB,3,575408,10,0,0
u_00029,31,M,WEB,3,1634433,16,40,0
u_00030,47,F,WEB,1,451554,6,104,0
u_00031,48,M,WEB,0,904148,9,9,1
u_00032,41,M,MOBILE,2,411623,5,30,0
u_00033,32,M,MOBILE,0,103300,2,151,1
u_00034,27,F,MOBILE,0,100102,1,33,0
u_00035,36,F,MOBILE,2,770642,11,46,0
u_00036,24,M,MOBILE,0,424296,5,7,0
u_00037,29,M,WEB,1,277632,6,76,0
u_00038,27,F,WEB,0,630195,5,44,0
u_00039,33,F,REFERRAL,1,159645,2,0,1
u_00040,20,M,APP,0,103215,3,34,1
u_00041,32,M,WEB,0,307520,3,21,0
u_00042,35,M,WEB,2,989891,10,0,0
u_00043,32,M,WEB,4,1003312,15,30,0
u_00044,28,M,MOBILE,3,195000,13,113,0
u_00045,37,M,MOBILE,0,187703,2,55,1
u_00046,45,M,MOBILE,1,640682,11,17,0
u_00047,20,M,REFERRAL,1,452065,5,8,0
u_00048,32,F,MOBILE,1,169233,5,218,1
u_00049,27,M,WEB,0,1024540,12,66,0
u_00050,41,F,MOBILE,0,283346,6,0,0
u_00051,32,M,WEB,0,330456,4,107,0
u_00052,32,M,APP,0,831160,7,41,0
u_00053,22,M,MOBILE,0,394427,6,13,0
u_00054,31,F,APP,0,442578,5,71,1
u_00055,50,F,MOBILE,1,584027,7,35,1
u_00056,20,M,APP,0,1432,0,72,0
u_00057,30,M,MOBILE,3,475416,9,0,0
u_00058,55,M,APP,2,522926,8,0,0
u_00059,20,M,WEB,1,208990,5,4,0
u_00060,49,M,WEB,0,295669,4,0,0
u_00061,44,F,REFERRAL,0,197250,3,60,0
u_00062,41,M,WEB,1,890400,7,116,0
u_00063,23,M,APP,1,378202,6,132,1
u_00064,48,M,MOBILE,3,667464,18,18,0
u_00065,36,M,REFERRAL,1,971719,15,5,0
u_00066,40,M,MOBILE,0,447133,12,14,0
u_00067,29,F,WEB,0,422536,5,0,0
u_00068,37,F,MOBILE,1,407525,7,16,0
u_00069,32,M,MOBILE,3,1325739,13,0,0
u_00070,31,F,MOBILE,0,1044401,13,22,1
u_00071,20,F,AD,2,427682,6,76,0
u_00072,20,M,MOBILE,1,467353,5,19,0
u_00073,40,M,APP,3,2650723,28,5,0
u_00074,20,M,APP,1,724618,8,0,0
u_00075,29,F,AD,2,693798,9,45,0
u_00076,37,M,AD,0,304901,3,64,0
u_00077,27,M,APP,0,325632,6,19,0
u_00078,36,F,WEB,0,409845,8,29,0
u_00079,38,F,REFERRAL,5,1829608,18,0,0
u_00080,35,F,MOBILE,0,1034826,12,15,1
u_00081,37,M,WEB,0,1064673,12,32,0
u_00082,23,M,REFERRAL,2,985843,19,135,0
u_00083,43,M,REFERRAL,1,559760,6,110,1
u_00084,38,F,WEB,0,219559,4,96,0
u_00085,25,M,MOBILE,0,413170,10,352,1
u_00086,41,M,MOBILE,0,530848,7,0,1
u_00087,31,M,WEB,1,397853,5,28,0
u_00088,29,M,AD,4,1075346,13,0,0
u_00089,42,F,WEB,0,661391,11,23,0
u_00090,52,F,MOBILE,4,1516652,16,10,0
u_00091,37,F,WEB,0,1038781,11,0,0
u_00092,39,M,MOBILE,0,201163,3,169,1
u_00093,55,F,MOBILE,1,109823,1,33,0
u_00094,34,F,MOBILE,5,2017206,16,38,0
u_00095,31,M,MOBILE,0,577424,7,14,0
u_00096,37,F,WEB,2,668046,8,213,0
u_00097,54,F,WEB,0,111488,2,16,0
u_00098,34,M,MOBILE,0,334978,3,0,0
u_00099,20,F,APP,3,997991,11,11,0
u_00100,29,M,WEB,0,111053,5,46,0
u_00101,20,M,MOBILE,0,89317,2,44,0
u_00102,43,F,APP,0,1321036,17,37,0
u_00103,32,M,MOBILE,0,1147,0,5,1
u_00104,29,M,MOBILE,4,672021,17,22,0
u_00105,46,M,APP,3,632563,10,0,0
u_00106,43,F,WEB,0,399224,4,115,0
u_00107,47,M,MOBILE,3,811747,8,24,0
u_00108,37,F,MOBILE,2,971778,12,0,0
u_00109,47,F,MOBILE,0,411027,4,79,0
u_00110,47,F,MOBILE,0,2118,0,12,0
u_00111,45,M,APP,2,445221,5,18,0
u_00112,30,M,MOBILE,4,1898533,26,0,0
u_00113,20,F,WEB,1,1111410,14,3,0
u_00114,36,M,MOBILE,1,343687,4,110,0
u_00115,28,F,WEB,2,820436,9,25,0
u_00116,27,M,APP,1,750568,10,5,1
u_00117,22,F,WEB,0,46362,1,96,1
u_00118,26,M,APP,0,237227,3,26,1
u_00119,20,M,WEB,3,388526,8,186,1
u_00120,44,F,WEB,0,507739,7,24,0
u_00121,30,F,APP,1,580774,6,41,0
u_00122,40,M,WEB,0,4873,0,10,0
u_00123,33,F,WEB,0,1449172,18,90,0
u_00124,42,F,REFERRAL,1,554547,8,15,0
u_00125,36,M,APP,0,1004480,14,64,0
u_00126,30,F,AD,2,606979,9,0,0
u_00127,37,F,WEB,0,235213,3,0,0
u_00128,25,F,REFERRAL,2,747649,9,0,0
u_00129,36,F,WEB,1,189962,7,20,0
u_00130,50,M,REFERRAL,2,637480,12,8,0
u_00131,20,F,WEB,2,343857,7,0,0
u_00132,39,F,MOBILE,4,1693173,21,3,0
u_00133,20,F,APP,0,30000,2,0,1
u_00134,35,M,WEB,0,795236,7,4,1
u_00135,45,M,APP,1,700984,11,22,0
u_00136,40,F,MOBILE,1,412713,4,0,0
u_00137,20,M,APP,3,527817,6,13,0
u_00138,59,F,MOBILE,1,520626,6,0,0
u_00139,37,F,MOBILE,0,97,0,0,0
u_00140,35,M,MOBILE,0,349776,8,56,0
u_00141,35,F,APP,0,260745,4,0,0
u_00142,30,F,WEB,1,89731,1,21,0
u_00143,28,F,APP,2,970590,13,10,0
u_00144,29,M,WEB,0,578976,9,31,1
u_00145,22,F,WEB,1,877035,14,13,0
u_00146,45,M,APP,0,496321,5,42,0
u_00147,45,F,MOBILE,0,352247,3,4,0
u_00148,35,F,WEB,4,1246122,13,0,0
u_00149,23,F,MOBILE,0,129703,2,0,0
u_00150,40,M,MOBILE,1,422019,9,27,0
u_00151,52,F,MOBILE,2,857160,12,121,0
u_00152,20,F,APP,1,809761,15,190,1
u_00153,39,F,APP,3,996975,10,167,0
u_00154,35,M,REFERRAL,1,81414,1,0,0
u_00155,44,M,MOBILE,1,202203,5,0,0
u_00156,49,F,WEB,1,1208766,18,0,0
u_00157,34,F,WEB,0,886197,12,0,0
u_00158,20,F,APP,0,566115,6,23,0
u_00159,44,M,MOBILE,0,181500,3,4,1
u_00160,53,M,WEB,1,1302321,16,58,0
u_00161,22,F,AD,2,643080,6,0,1
u_00162,20,F,MOBILE,0,145484,2,34,0
u_00163,37,F,MOBILE,0,261330,3,3,0
u_00164,46,M,MOBILE,0,103173,2,48,0
u_00165,37,F,MOBILE,0,301341,5,129,1
u_00166,30,M,WEB,0,273640,4,5,0
u_00167,28,M,WEB,0,425060,9,123,0
u_00168,65,M,MOBILE,1,1057332,13,136,0
u_00169,26,M,REFERRAL,0,49223,1,14,0
u_00170,34,M,MOBILE,0,523161,6,141,1
u_00171,32,F,APP,2,349463,5,0,0
u_00172,31,M,MOBILE,0,392542,4,72,1
u_00173,35,F,WEB,1,370642,6,45,0
u_00174,47,F,WEB,0,478212,7,54,0
u_00175,37,F,MOBILE,2,356252,5,3,0
u_00176,20,M,APP,1,520356,5,151,1
u_00177,28,M,MOBILE,0,1770,0,40,0
u_00178,25,M,REFERRAL,2,777851,8,4,0
u_00179,38,M,MOBILE,2,1045494,13,99,0
u_00180,38,F,MOBILE,0,221532,2,0,0
u_00181,33,F,APP,0,308503,7,180,1
u_00182,48,F,AD,4,609155,10,9,0
u_00183,25,F,REFERRAL,0,709324,8,83,0
u_00184,29,M,APP,2,774931,6,117,0
u_00185,38,M,APP,0,1008938,11,16,0
u_00186,20,M,REFERRAL,0,278629,3,34,1
u_00187,55,F,WEB,2,739005,12,11,0
u_00188,64,M,WEB,0,264453,5,2,0
u_00189,65,F,WEB,2,243736,3,5,0
u_00190,40,F,APP,1,651819,6,33,0
u_00191,28,F,WEB,0,478231,7,9,0
u_00192,29,M,APP,1,171148,3,25,0
u_00193,41,M,MOBILE,4,1052505,16,31,0
u_00194,55,F,APP,1,461085,7,0,0
u_00195,40,F,APP,2,188496,3,0,1
u_00196,35,F,REFERRAL,0,308219,6,143,1
u_00197,28,M,WEB,1,1135985,16,0,0
u_00198,40,M,MOBILE,1,414348,5,5,0
u_00199,30,M,WEB,1,619775,6,8,1
u_00200,45,M,WEB,1,803331,6,18,0
u_00201,25,M,APP,3,1866001,18,20,0
u_00202,41,F,MOBILE,0,314876,5,0,0
u_00203,49,M,WEB,1,393618,9,99,1
u_00204,29,M,REFERRAL,0,235613,5,60,1
u_00205,38,F,MOBILE,2,627118,12,98,0
u_00206,47,M,APP,2,455030,9,2,0
u_00207,25,M,REFERRAL,0,851804,14,37,0
u_00208,33,M,MOBILE,3,544553,15,0,0
u_00209,24,F,MOBILE,1,175500,3,73,0
u_00210,37,F,APP,0,470208,6,72,1
u_00211,25,M,MOBILE,0,448987,12,0,0
u_00212,47,M,REFERRAL,0,4796,0,45,1
u_00213,38,M,APP,1,715655,7,25,0
u_00214,35,M,WEB,0,575439,5,48,0
u_00215,26,M,WEB,0,61679,1,13,0
u_00216,20,M,WEB,0,200281,3,21,1
u_00217,40,M,WEB,2,354501,11,0,0
u_00218,36,M,WEB,1,232841,7,92,0
u_00219,42,M,AD,1,139423,3,11,0
u_00220,55,F,WEB,0,190223,2,61,0
u_00221,45,F,MOBILE,1,745690,7,0,0
u_00222,29,M,WEB,0,346605,5,53,0
u_00223,37,M,WEB,0,104200,1,80,1
u_00224,44,F,MOBILE,4,1869923,23,0,0
u_00225,33,F,APP,2,599378,9,0,0
u_00226,44,M,APP,0,120000,8,94,0
u_00227,40,M,MOBILE,4,741746,13,0,0
u_00228,20,F,MOBILE,1,514006,8,19,0
u_00229,27,F,WEB,1,247248,3,0,0
u_00230,20,F,REFERRAL,2,324332,8,66,1
u_00231,38,M,REFERRAL,1,503930,5,49,0
u_00232,45,M,WEB,2,223208,9,14,0
u_00233,34,F,REFERRAL,0,591809,9,11,0
u_00234,29,F,MOBILE,0,415681,6,27,0
u_00235,25,M,WEB,0,207407,2,0,0
u_00236,39,F,MOBILE,1,505895,5,79,0
u_00237,29,F,WEB,0,470937,6,84,0
u_00238,43,M,WEB,3,1264406,13,72,0
u_00239,24,F,WEB,1,241021,5,53,0
u_00240,50,M,WEB,0,623747,8,0,0
u_00241,47,F,APP,0,952679,10,56,0
u_00242,43,M,MOBILE,0,411263,6,62,0
u_00243,33,M,WEB,3,1511812,26,0,0
u_00244,20,F,WEB,1,49555,1,103,0
u_00245,60,F,AD,3,878351,13,21,0
u_00246,36,F,AD,0,4469,0,80,0
u_00247,44,F,MOBILE,0,1880,0,9,0
u_00248,26,F,WEB,2,1166242,13,0,0
u_00249,30,M,WEB,0,136277,3,0,0
u_00250,51,M,WEB,3,986792,10,0,0
u_00251,44,M,WEB,0,710045,7,23,1
u_00252,21,M,MOBILE,5,3273259,33,0,0
u_00253,38,M,MOBILE,1,972825,7,0,1
u_00254,26,M,AD,3,1366802,15,0,0
u_00255,31,M,MOBILE,1,471219,7,44,1
u_00256,55,M,MOBILE,0,229265,9,59,0
u_00257,39,M,MOBILE,0,244348,4,20,0
u_00258,26,F,REFERRAL,2,306462,6,109,0
u_00259,35,F,MOBILE,3,680064,15,10,0
u_00260,42,M,REFERRAL,2,1387852,12,0,0
u_00261,29,M,WEB,2,1928379,24,43,0
u_00262,38,F,WEB,4,705260,11,0,0
u_00263,38,F,APP,1,260120,3,16,1
u_00264,25,F,WEB,1,1371520,24,32,0
u_00265,29,F,APP,0,612038,10,0,0
u_00266,31,M,APP,1,825113,9,95,0
u_00267,20,M,APP,0,794797,14,53,1
u_00268,58,M,MOBILE,1,1152735,10,27,0
u_00269,44,F,WEB,3,1530096,14,9,0
u_00270,47,F,REFERRAL,1,576822,8,34,0
u_00271,28,F,MOBILE,2,526234,7,21,0
u_00272,38,F,AD,0,3380,0,47,0
u_00273,36,M,MOBILE,1,403395,4,41,0
u_00274,30,F,AD,1,103410,2,0,0
u_00275,40,M,REFERRAL,0,137086,2,0,0
u_00276,42,M,APP,0,75000,5,80,0
u_00277,65,M,MOBILE,2,355553,5,51,0
u_00278,28,F,MOBILE,3,1966530,24,0,0
u_00279,24,M,APP,2,1142896,14,0,0
u_00280,38,M,WEB,0,46671,1,25,0
u_00281,41,M,AD,0,150419,2,100,0
u_00282,20,M,WEB,0,303829,5,85,0
u_00283,34,F,WEB,0,4728,0,157,0
u_00284,40,F,WEB,0,202287,7,111,0
u_00285,47,M,REFERRAL,0,258676,3,34,0
u_00286,32,M,WEB,1,130470,2,196,1
u_00287,51,F,WEB,0,218008,3,67,1
u_00288,21,F,AD,1,435446,9,0,0
u_00289,20,F,APP,0,453276,4,7,0
u_00290,32,M,APP,0,345583,5,1,0
u_00291,30,M,MOBILE,1,172541,2,78,1
u_00292,23,F,AD,0,344761,4,100,1
u_00293,29,F,APP,1,665541,10,45,0
u_00294,47,F,WEB,1,227351,3,64,0
u_00295,21,F,WEB,0,592443,5,19,1
u_00296,31,M,WEB,4,595662,15,0,0
u_00297,24,M,MOBILE,1,446847,7,2,0
u_00298,44,F,MOBILE,0,2390,0,28,0
u_00299,22,M,MOBILE,0,655570,7,61,0
u_00300,50,F,AD,1,79906,1,50,1
u_00301,32,M,APP,0,4574,0,21,0
u_00302,53,M,WEB,2,1132245,10,53,1
u_00303,34,M,APP,0,86688,2,31,0
u_00304,47,F,REFERRAL,2,596479,9,20,0
u_00305,47,F,APP,1,708206,8,7,0
u_00306,40,M,APP,0,462480,5,56,1
u_00307,27,F,AD,0,1024323,8,29,0
u_00308,23,F,MOBILE,0,898964,15,41,0
u_00309,35,M,AD,0,680164,6,38,0
u_00310,29,F,WEB,2,693100,12,51,0
u_00311,40,F,MOBILE,0,463254,6,38,1
u_00312,33,M,MOBILE,2,839470,14,13,0
u_00313,37,F,MOBILE,4,1876676,17,5,0
u_00314,51,M,MOBILE,2,594379,6,0,0
u_00315,44,F,WEB,1,1191466,11,0,0
u_00316,29,M,APP,1,2355,0,18,0
u_00317,47,F,AD,1,271163,3,0,1
u_00318,20,F,AD,1,637732,7,60,1
u_00319,27,M,WEB,0,224563,3,0,0
u_00320,37,M,AD,0,393474,5,13,0
u_00321,55,M,WEB,1,1496067,24,60,0
u_00322,33,M,AD,0,545276,6,0,0
u_00323,29,M,REFERRAL,0,440896,4,49,0
u_00324,26,M,REFERRAL,2,722899,10,7,0
u_00325,20,M,REFERRAL,2,578591,9,32,0
u_00326,64,M,APP,0,1281,0,7,0
u_00327,45,F,APP,1,197069,2,29,0
u_00328,24,M,REFERRAL,3,690035,7,0,0
u_00329,36,F,APP,2,1539739,18,12,0
u_00330,29,M,WEB,0,644583,7,13,0
u_00331,39,M,APP,3,1108733,10,0,0
u_00332,31,F,WEB,3,1072284,9,0,0
u_00333,62,M,MOBILE,0,1094851,10,6,0
u_00334,20,M,REFERRAL,4,694020,10,64,0
u_00335,20,F,AD,1,647295,8,139,1
u_00336,35,M,WEB,1,208147,4,69,0
u_00337,23,M,MOBILE,1,228416,2,0,1
u_00338,32,M,MOBILE,1,371925,6,108,0
u_00339,46,M,MOBILE,0,836898,7,25,0
u_00340,33,F,AD,4,1048778,14,5,0
u_00341,55,F,MOBILE,0,207679,4,27,0
u_00342,30,M,AD,3,1161397,14,31,0
u_00343,20,F,APP,0,906597,10,36,0
u_00344,56,M,WEB,1,1494775,19,29,0
u_00345,33,F,MOBILE,0,411977,4,9,0
u_00346,56,F,WEB,2,75000,5,0,1
u_00347,46,M,WEB,0,195750,2,69,1
u_00348,20,F,MOBILE,3,2012008,24,5,0
u_00349,20,F,MOBILE,1,469673,7,90,0
u_00350,25,F,MOBILE,1,258862,6,39,0
u_00351,23,F,MOBILE,2,783798,9,7,0
u_00352,43,F,REFERRAL,2,443398,6,0,0
u_00353,33,F,MOBILE,0,844144,8,120,1
u_00354,59,M,MOBILE,2,486999,8,26,0
u_00355,39,F,MOBILE,0,324964,4,20,0
u_00356,23,F,MOBILE,1,1022197,11,92,1
u_00357,40,F,REFERRAL,2,391556,5,0,0
u_00358,51,M,APP,0,120664,2,71,1
u_00359,34,M,REFERRAL,3,582634,7,59,0
u_00360,35,F,MOBILE,1,324012,7,0,0
u_00361,45,M,WEB,2,858931,8,0,0
u_00362,25,F,MOBILE,2,187181,6,34,0
u_00363,32,M,WEB,1,520588,8,39,0
u_00364,38,M,APP,2,153508,5,40,0
u_00365,43,F,APP,3,1539986,15,19,0
u_00366,43,F,MOBILE,2,304843,7,20,0
u_00367,38,M,MOBILE,1,936013,11,91,0
u_00368,20,M,MOBILE,0,266309,6,29,1
u_00369,27,F,MOBILE,0,587922,7,4,0
u_00370,53,M,REFERRAL,0,1341788,15,53,0
u_00371,40,F,WEB,3,724514,12,86,0
u_00372,36,M,MOBILE,0,1227184,13,54,1
u_00373,54,M,WEB,1,646456,8,0,0
u_00374,47,M,MOBILE,2,381819,7,40,0
u_00375,35,M,APP,0,378,0,21,0
u_00376,35,F,AD,1,581449,10,0,0
u_00377,26,M,MOBILE,0,172597,5,100,1
u_00378,31,F,MOBILE,0,563518,9,49,1
u_00379,23,M,WEB,1,738639,9,106,1
u_00380,40,F,WEB,3,658830,12,0,0
u_00381,27,F,APP,1,287594,5,5,0
u_00382,21,M,WEB,2,615815,8,0,0
u_00383,20,M,MOBILE,0,231226,4,63,0
u_00384,42,M,MOBILE,0,3757,0,81,1
u_00385,64,F,AD,0,514077,8,37,0
u_00386,41,F,MOBILE,2,763467,18,71,0
u_00387,28,F,APP,2,1437839,14,8,0
u_00388,25,F,AD,0,281154,3,34,0
u_00389,26,F,REFERRAL,0,1620,0,4,1
u_00390,30,F,APP,2,2265400,18,30,0
u_00391,43,M,AD,0,700896,8,63,0
u_00392,33,M,MOBILE,2,416665,11,0,0
u_00393,37,F,WEB,0,387315,7,0,0
u_00394,23,F,WEB,1,313879,7,25,0
u_00395,51,M,MOBILE,0,165937,5,12,0
u_00396,26,F,WEB,3,676911,12,122,0
u_00397,54,M,WEB,1,125236,5,30,1
u_00398,40,M,WEB,0,600266,6,81,0
u_00399,41,M,APP,3,504739,10,0,0
u_00400,45,F,MOBILE,1,345693,8,9,0
u_00401,23,F,WEB,0,264902,5,98,1
u_00402,60,M,REFERRAL,0,336334,3,0,0
u_00403,57,F,AD,1,871566,12,34,0
u_00404,61,F,MOBILE,0,173831,3,79,0
u_00405,23,F,MOBILE,4,1038947,12,0,0
u_00406,24,F,APP,0,220718,7,39,0
u_00407,24,M,APP,0,153206,3,33,0
u_00408,37,M,WEB,0,334082,3,34,0
u_00409,32,M,WEB,0,516073,7,15,0
u_00410,20,M,WEB,0,252831,3,64,0
u_00411,31,M,APP,4,1165056,14,0,0
u_00412,23,M,WEB,2,466821,6,12,0
u_00413,46,M,WEB,1,1018641,12,109,0
u_00414,32,F,REFERRAL,1,664796,10,0,0
u_00415,24,M,WEB,5,1363379,24,0,0
u_00416,32,F,MOBILE,2,1337297,20,13,0
u_00417,27,F,MOBILE,0,1296,0,17,1
u_00418,37,M,WEB,0,1451,0,36,1
u_00419,35,F,WEB,0,105703,1,19,0
u_00420,30,F,WEB,0,691195,9,32,0
u_00421,31,F,WEB,3,1190875,15,61,0
u_00422,28,F,WEB,2,625713,9,0,0
u_00423,30,M,APP,3,1473288,12,21,0
u_00424,23,F,REFERRAL,1,464474,8,15,1
u_00425,22,M,AD,0,103833,4,58,0
u_00426,41,M,APP,1,443943,4,11,0
u_00427,33,F,WEB,0,773128,11,29,0
u_00428,43,F,REFERRAL,0,277,0,152,1
u_00429,36,F,APP,1,597831,7,51,0
u_00430,40,M,MOBILE,3,424246,13,0,0
u_00431,27,M,APP,2,868557,12,0,0
u_00432,36,F,WEB,1,171532,2,0,0
u_00433,43,M,WEB,0,702456,14,29,0
u_00434,33,M,WEB,2,637907,7,31,0
u_00435,45,M,REFERRAL,0,449971,4,143,1
u_00436,47,M,MOBILE,0,432423,5,38,0
u_00437,37,M,MOBILE,1,371947,6,47,0
u_00438,27,F,APP,1,424493,5,35,0
u_00439,25,F,APP,2,718177,10,0,0
u_00440,31,F,MOBILE,0,393453,4,27,1
u_00441,36,M,MOBILE,0,90902,2,47,0
u_00442,20,F,APP,1,1092503,10,8,0
u_00443,51,F,MOBILE,1,796709,9,69,0
u_00444,54,M,AD,0,773828,10,25,1
u_00445,39,M,MOBILE,0,143647,7,36,1
u_00446,49,M,REFERRAL,0,623,0,3,1
u_00447,28,M,MOBILE,0,345206,7,38,1
u_00448,41,M,APP,0,61372,1,39,1
u_00449,24,F,MOBILE,4,1297788,13,89,1
u_00450,20,F,REFERRAL,1,620275,8,15,0
u_00451,32,M,APP,0,749985,9,139,1
u_00452,39,F,REFERRAL,0,136868,9,20,0
u_00453,31,M,APP,1,781878,10,49,0
u_00454,20,M,MOBILE,1,446177,6,0,0
u_00455,39,F,WEB,2,454001,11,10,0
u_00456,43,M,WEB,0,169192,2,51,0
u_00457,41,M,MOBILE,1,468282,10,42,0
u_00458,38,F,AD,0,112420,3,38,0
u_00459,53,F,WEB,0,1331651,13,23,0
u_00460,39,M,WEB,2,589326,9,6,0
u_00461,37,M,AD,0,121621,2,78,0
u_00462,24,F,WEB,5,711044,17,0,0
u_00463,41,F,REFERRAL,1,240814,4,42,0
u_00464,38,F,REFERRAL,3,645094,9,20,0
u_00465,32,F,MOBILE,3,626776,10,0,0
u_00466,59,F,AD,3,587917,11,56,0
u_00467,47,F,AD,1,206629,7,44,0
u_00468,27,F,AD,1,681348,7,76,0
u_00469,53,M,WEB,2,930647,9,93,0
u_00470,24,M,APP,4,1107418,14,0,0
u_00471,23,M,MOBILE,1,149987,2,10,0
u_00472,48,M,WEB,2,337758,3,43,0
u_00473,32,M,APP,3,1005222,15,0,0
u_00474,37,F,MOBILE,1,416272,11,0,0
u_00475,41,F,REFERRAL,2,424825,7,0,0
u_00476,46,F,MOBILE,1,365011,4,17,0
u_00477,23,M,MOBILE,1,873758,9,61,1
u_00478,32,F,MOBILE,4,1553915,17,132,0
u_00479,27,F,WEB,0,871714,9,23,0
u_00480,26,F,MOBILE,2,691401,11,247,1
u_00481,41,F,WEB,3,658592,11,0,0
u_00482,31,F,REFERRAL,3,1037085,14,0,0
u_00483,39,F,WEB,0,1002354,15,6,1
u_00484,44,M,AD,1,1159863,10,29,0
u_00485,29,M,REFERRAL,0,73015,1,72,0
u_00486,50,F,AD,5,819839,12,22,0
u_00487,42,M,APP,1,1123477,16,8,0
u_00488,33,M,WEB,1,538089,6,22,0
u_00489,43,M,REFERRAL,0,353521,3,16,0
u_00490,54,M,MOBILE,0,99778,1,52,1
u_00491,20,F,WEB,3,498862,12,0,0
u_00492,35,M,REFERRAL,0,192665,3,77,1
u_00493,20,F,REFERRAL,0,1235935,16,0,0
u_00494,33,F,WEB,0,1622272,13,62,0
u_00495,42,F,REFERRAL,2,424261,5,81,0
u_00496,46,F,MOBILE,1,472946,7,48,0
u_00497,43,F,WEB,0,4907,0,16,1
u_00498,43,M,APP,2,1358641,13,29,0
u_00499,46,M,MOBILE,1,535244,8,70,0
u_00500,40,M,WEB,0,341361,4,46,0
u_00501,36,F,REFERRAL,1,197739,2,23,0
u_00502,42,F,WEB,5,1187476,15,0,0
u_00503,37,F,REFERRAL,3,796085,9,119,0
u_00504,41,M,WEB,3,549169,8,85,0
u_00505,20,F,WEB,0,159754,2,23,0
u_00506,28,M,WEB,3,418812,9,26,0
u_00507,45,M,APP,1,756794,9,41,1
u_00508,29,M,REFERRAL,3,449499,9,0,0
u_00509,27,M,WEB,1,622084,10,26,0
u_00510,36,M,MOBILE,0,933713,12,39,0
u_00511,25,F,APP,0,52252,1,163,0
u_00512,41,F,MOBILE,4,984974,13,15,0
u_00513,36,F,MOBILE,0,634671,10,0,0
u_00514,50,F,REFERRAL,0,399025,9,14,0
u_00515,23,M,MOBILE,0,239947,2,123,1
u_00516,27,M,REFERRAL,3,829255,19,32,0
u_00517,29,M,WEB,3,643242,10,5,0
u_00518,32,F,AD,2,538289,6,0,0
u_00519,43,M,APP,3,306929,5,24,0
u_00520,34,F,WEB,1,324062,4,111,0
u_00521,38,F,APP,0,169429,2,9,0
u_00522,36,F,MOBILE,1,748135,7,46,0
u_00523,37,F,APP,0,277737,5,44,1
u_00524,20,F,WEB,1,547065,6,14,0
u_00525,28,M,WEB,4,1093815,13,38,0
u_00526,37,M,MOBILE,2,589581,7,0,0
u_00527,22,M,AD,1,365819,9,187,1
u_00528,39,F,APP,1,429462,9,0,0
u_00529,38,F,MOBILE,0,179205,2,48,1
u_00530,45,F,MOBILE,1,682354,7,12,0
u_00531,20,F,MOBILE,1,408270,4,30,0
u_00532,37,M,WEB,1,564222,7,13,0
u_00533,37,M,WEB,0,516552,7,0,0
u_00534,31,F,MOBILE,2,964242,15,0,0
u_00535,40,M,REFERRAL,0,520636,5,189,0
u_00536,31,M,APP,1,785733,9,4,0
u_00537,40,F,WEB,4,695174,10,6,0
u_00538,52,F,MOBILE,0,399725,4,198,0
u_00539,28,M,WEB,3,859160,11,0,0
u_00540,41,M,MOBILE,2,1015193,10,73,0
u_00541,20,F,MOBILE,0,284037,6,75,0
u_00542,51,M,MOBILE,3,349188,9,0,0
u_00543,30,M,WEB,0,418216,6,56,0
u_00544,38,F,REFERRAL,3,654884,9,51,0
u_00545,42,F,MOBILE,1,322781,5,0,1
u_00546,27,M,MOBILE,1,497358,7,0,0
u_00547,31,F,WEB,2,628955,13,16,0
u_00548,24,M,APP,0,461230,5,40,1
u_00549,38,M,REFERRAL,4,2012444,15,35,0
u_00550,20,F,AD,2,1465084,12,7,0
u_00551,33,F,WEB,0,1072491,10,112,1
u_00552,43,M,WEB,2,579709,16,0,0
u_00553,39,F,APP,1,343935,5,0,0
u_00554,23,F,MOBILE,2,919647,12,0,0
u_00555,39,M,MOBILE,3,1180196,16,28,0
u_00556,46,M,REFERRAL,0,369615,5,34,0
u_00557,36,F,MOBILE,1,1258505,18,17,0
u_00558,20,M,WEB,2,672599,7,10,0
u_00559,38,F,MOBILE,2,2057841,29,110,0
u_00560,47,M,MOBILE,1,104059,2,0,0
u_00561,34,M,MOBILE,0,510906,9,0,0
u_00562,31,F,MOBILE,1,849550,9,12,0
u_00563,45,F,APP,0,262388,4,31,0
u_00564,26,M,MOBILE,1,373376,6,24,0
u_00565,24,F,WEB,1,918512,9,194,1
u_00566,47,M,REFERRAL,1,511928,4,10,0
u_00567,40,F,WEB,0,2662,0,85,1
u_00568,23,F,WEB,5,1381251,14,4,0
u_00569,26,F,WEB,2,587970,6,1,0
u_00570,50,F,MOBILE,0,632992,6,0,0
u_00571,58,F,MOBILE,3,507360,15,7,0
u_00572,27,F,MOBILE,0,2335,0,151,1
u_00573,33,M,AD,3,813664,14,47,0
u_00574,27,M,WEB,0,361088,4,112,0
u_00575,32,F,REFERRAL,0,189920,3,21,0
u_00576,48,F,APP,1,339186,9,53,0
u_00577,50,M,MOBILE,0,482950,5,0,0
u_00578,51,M,MOBILE,1,518215,5,8,0
u_00579,34,F,MOBILE,2,1202418,12,0,0
u_00580,46,F,AD,1,1301174,15,8,0
u_00581,37,M,REFERRAL,2,1302787,13,25,0
u_00582,47,M,MOBILE,2,205049,4,27,0
u_00583,50,F,MOBILE,1,543885,19,25,0
u_00584,36,F,MOBILE,0,90000,6,88,0
u_00585,54,M,REFERRAL,0,781194,7,36,1
u_00586,40,F,MOBILE,3,714307,13,10,0
u_00587,51,F,MOBILE,1,1476824,18,0,0
u_00588,44,F,APP,3,710667,12,2,0
u_00589,28,F,WEB,0,80570,1,0,0
u_00590,24,F,MOBILE,4,866788,13,0,0
u_00591,39,M,WEB,3,715578,10,70,0
u_00592,61,F,WEB,0,399349,4,39,0
u_00593,29,M,WEB,5,1753830,17,0,0
u_00594,34,M,AD,1,388584,5,29,0
u_00595,32,M,AD,5,1643403,15,0,0
u_00596,33,F,WEB,0,588635,6,75,0
u_00597,28,M,MOBILE,3,1138169,19,0,0
u_00598,47,M,REFERRAL,0,860814,8,33,0
u_00599,26,M,APP,0,3879,0,25,1
u_00600,39,M,REFERRAL,1,1196263,14,43,0
u_00601,26,F,APP,2,934117,12,23,0
u_00602,34,F,MOBILE,4,1223331,24,100,0
u_00603,20,M,MOBILE,0,157140,4,22,1
u_00604,44,M,WEB,0,127790,2,30,0
u_00605,63,M,MOBILE,0,179203,4,40,0
u_00606,40,F,MOBILE,0,366946,9,228,1
u_00607,20,F,WEB,1,84554,2,0,1
u_00608,51,F,REFERRAL,0,195000,13,20,0
u_00609,49,F,REFERRAL,0,520208,6,28,0
u_00610,28,M,REFERRAL,0,185944,3,46,0
u_00611,57,M,MOBILE,5,1384815,18,20,0
u_00612,29,M,MOBILE,0,216301,3,110,1
u_00613,34,M,WEB,0,379543,4,25,0
u_00614,32,F,WEB,2,959952,18,0,0
u_00615,28,M,MOBILE,1,428849,9,0,0
u_00616,33,M,APP,0,82447,1,14,1
u_00617,31,F,MOBILE,1,420389,10,0,0
u_00618,33,M,MOBILE,2,1047191,16,0,0
u_00619,46,M,REFERRAL,0,468510,7,12,0
u_00620,24,M,WEB,5,1330537,17,0,0
u_00621,41,F,MOBILE,1,555596,8,106,1
u_00622,52,F,WEB,0,498135,8,76,1
u_00623,40,F,MOBILE,3,2604968,34,0,0
u_00624,35,M,MOBILE,1,517345,12,26,0
u_00625,23,M,APP,0,76865,1,22,1
u_00626,49,F,APP,0,727747,11,89,0
u_00627,36,M,MOBILE,0,725380,11,0,0
u_00628,30,M,WEB,0,213947,2,35,0
u_00629,46,F,MOBILE,3,309186,10,51,1
u_00630,41,M,APP,3,583770,18,0,0
u_00631,43,M,REFERRAL,0,319073,5,16,1
u_00632,37,M,APP,0,192732,3,0,1
u_00633,42,M,MOBILE,3,597480,15,40,0
u_00634,45,M,MOBILE,1,940074,10,74,0
u_00635,35,F,AD,0,457516,4,17,0
u_00636,35,F,MOBILE,1,902422,10,178,0
u_00637,20,M,MOBILE,4,1926151,20,49,0
u_00638,31,F,AD,0,35533,1,55,1
u_00639,52,M,WEB,0,538779,10,3,0
u_00640,27,M,APP,1,430126,7,150,1
u_00641,31,M,APP,1,838851,12,118,0
u_00642,44,M,APP,5,658592,20,124,0
u_00643,41,F,WEB,3,837608,10,57,0
u_00644,25,F,WEB,2,633827,10,15,0
u_00645,28,F,WEB,1,2361341,21,0,0
u_00646,50,F,REFERRAL,0,171677,3,20,0
u_00647,49,M,MOBILE,4,1017515,13,0,0
u_00648,20,F,WEB,0,71771,3,92,1
u_00649,64,F,REFERRAL,0,403280,8,14,1
u_00650,20,F,REFERRAL,2,592867,13,4,0
u_00651,37,M,WEB,0,176043,2,6,0
u_00652,51,M,AD,1,348341,4,34,0
u_00653,32,F,MOBILE,0,945249,11,31,1
u_00654,33,F,MOBILE,0,510812,9,20,0
u_00655,35,F,WEB,0,761000,9,7,0
u_00656,41,F,WEB,1,2420164,23,15,0
u_00657,20,F,APP,3,1165921,10,25,0
u_00658,47,F,WEB,0,915,0,27,0
u_00659,48,F,MOBILE,1,1161844,10,22,0
u_00660,23,M,WEB,0,843400,8,31,1
u_00661,33,M,WEB,1,412750,5,0,1
u_00662,52,F,MOBILE,3,794393,9,0,0
u_00663,37,F,WEB,0,583838,8,154,1
u_00664,24,M,AD,2,457760,10,0,0
u_00665,37,M,REFERRAL,0,1716859,16,71,0
u_00666,59,M,AD,2,543440,7,109,1
u_00667,35,F,MOBILE,0,150000,10,0,0
u_00668,38,M,WEB,2,253191,4,8,0
u_00669,31,M,APP,2,644965,9,50,0
u_00670,37,M,APP,3,1052271,14,0,0
u_00671,39,F,APP,4,1213242,18,0,0
u_00672,37,F,WEB,0,53717,1,18,0
u_00673,56,F,MOBILE,0,588676,5,0,1
u_00674,30,M,MOBILE,0,363760,8,82,0
u_00675,20,M,MOBILE,1,326067,7,86,1
u_00676,32,F,MOBILE,3,675150,8,0,0
u_00677,50,F,APP,0,610367,9,58,0
u_00678,24,F,WEB,0,98101,1,71,0
u_00679,56,M,MOBILE,0,434712,6,68,0
u_00680,44,M,WEB,2,1573079,13,0,0
u_00681,47,M,APP,0,518689,5,20,0
u_00682,22,M,WEB,1,1029641,12,47,0
u_00683,34,M,MOBILE,0,453755,5,43,1
u_00684,44,M,WEB,0,685118,7,97,1
u_00685,43,M,AD,0,74057,1,59,0
u_00686,43,F,WEB,0,331123,6,36,0
u_00687,42,M,AD,0,722998,7,41,0
u_00688,37,M,REFERRAL,1,136836,3,55,0
u_00689,20,M,WEB,3,1470237,13,3,0
u_00690,42,M,MOBILE,1,169817,4,33,0
u_00691,20,M,WEB,0,506063,5,60,1
u_00692,22,F,APP,2,608217,12,16,0
u_00693,22,M,APP,0,137657,1,27,0
u_00694,39,F,REFERRAL,0,273460,6,22,1
u_00695,53,M,WEB,2,727080,25,60,0
u_00696,21,M,REFERRAL,1,1021696,11,0,0
u_00697,20,M,MOBILE,0,469596,4,0,0
u_00698,41,F,MOBILE,1,972287,14,88,0
u_00699,55,M,WEB,0,3575,0,71,0
u_00700,34,M,WEB,1,1180296,17,11,0
u_00701,29,M,MOBILE,4,1645906,14,0,0
u_00702,20,F,APP,1,330266,10,120,1
u_00703,52,M,MOBILE,0,143980,2,50,0
u_00704,30,M,REFERRAL,0,859738,14,7,0
u_00705,39,M,MOBILE,0,832008,12,0,0
u_00706,51,M,WEB,0,125214,7,80,0
u_00707,34,M,REFERRAL,4,2126112,28,0,0
u_00708,37,M,APP,1,665381,5,29,0
u_00709,33,M,MOBILE,4,2156865,15,23,0
u_00710,34,M,MOBILE,1,513877,9,0,0
u_00711,42,M,APP,0,585869,7,133,1
u_00712,41,F,MOBILE,1,432496,4,13,0
u_00713,50,M,REFERRAL,5,1286325,19,0,0
u_00714,42,M,WEB,1,569474,5,2,0
u_00715,32,M,WEB,0,153688,2,35,1
u_00716,30,M,MOBILE,4,2368546,21,48,0
u_00717,35,F,WEB,0,571948,7,64,0
u_00718,47,M,MOBILE,4,745057,12,0,0
u_00719,43,F,WEB,1,512515,5,8,0
u_00720,22,M,WEB,1,195232,7,50,1
u_00721,41,M,MOBILE,0,368950,3,36,0
u_00722,21,F,APP,2,220058,3,218,1
u_00723,54,F,WEB,4,746870,13,84,0
u_00724,47,F,MOBILE,0,3274,0,36,1
u_00725,29,M,WEB,4,631470,10,0,0
u_00726,20,M,WEB,0,391732,10,0,0
u_00727,46,F,WEB,1,750112,11,41,0
u_00728,45,F,REFERRAL,0,843982,11,2,0
u_00729,50,M,WEB,2,250064,8,27,0
u_00730,46,M,MOBILE,5,1098746,14,0,0
u_00731,29,M,REFERRAL,0,167725,2,0,1
u_00732,32,F,APP,2,1345358,12,66,0
u_00733,35,F,APP,0,997419,11,38,0
u_00734,37,F,WEB,1,736823,11,20,0
u_00735,30,F,MOBILE,0,59883,1,0,0
u_00736,40,M,MOBILE,0,2254,0,271,1
u_00737,36,M,MOBILE,1,775257,7,0,0
u_00738,53,F,REFERRAL,2,423566,5,81,0
u_00739,46,M,WEB,0,102210,1,0,0
u_00740,42,F,WEB,0,678051,9,4,0
u_00741,42,F,WEB,0,364383,4,46,0
u_00742,33,M,MOBILE,0,1670,0,7,0
u_00743,38,M,WEB,0,70247,1,99,0
u_00744,35,F,REFERRAL,0,840070,7,17,0
u_00745,20,M,REFERRAL,0,253025,5,0,0
u_00746,26,M,WEB,1,243685,3,0,0
u_00747,41,M,REFERRAL,0,579816,6,21,0
u_00748,53,M,APP,3,1080926,16,5,0
u_00749,42,F,APP,0,232245,4,17,0
u_00750,40,M,MOBILE,1,612615,10,9,0
u_00751,55,F,WEB,0,242715,4,45,0
u_00752,34,M,WEB,1,265803,7,19,0
u_00753,49,F,WEB,0,95235,1,38,1
u_00754,54,F,WEB,0,1181568,13,56,0
u_00755,38,F,REFERRAL,0,180601,4,23,0
u_00756,36,M,WEB,2,371828,6,91,0
u_00757,22,M,APP,0,43527,1,5,1
u_00758,43,F,MOBILE,0,95429,1,53,1
u_00759,28,F,AD,3,1243480,16,3,0
u_00760,20,F,MOBILE,1,900576,10,0,0
u_00761,20,M,WEB,0,1174994,11,58,0
u_00762,50,F,WEB,3,330120,10,33,0
u_00763,45,F,WEB,0,689686,12,55,0
u_00764,32,F,APP,0,74591,1,74,0
u_00765,28,M,MOBILE,1,1335834,13,32,0
u_00766,51,F,MOBILE,5,818930,15,25,0
u_00767,34,F,APP,4,2005575,19,0,0
u_00768,20,M,REFERRAL,0,601024,7,14,0
u_00769,34,F,APP,2,548238,9,0,0
u_00770,45,F,WEB,3,1447131,13,18,0
u_00771,34,F,MOBILE,0,1121124,12,63,0
u_00772,53,F,MOBILE,0,347200,8,67,0
u_00773,47,F,REFERRAL,0,74948,2,61,0
u_00774,48,F,MOBILE,1,196873,4,0,0
u_00775,20,F,AD,0,272394,6,36,1
u_00776,24,M,WEB,0,136158,2,31,1
u_00777,38,F,APP,0,118812,2,27,0
u_00778,26,F,REFERRAL,0,582528,6,8,0
u_00779,42,M,MOBILE,0,181963,2,32,0
u_00780,49,F,WEB,2,364294,4,81,0
u_00781,26,F,MOBILE,2,461234,6,9,0
u_00782,32,F,REFERRAL,0,56019,1,34,1
u_00783,34,F,APP,0,424603,5,36,1
u_00784,34,F,AD,0,231714,2,0,1
u_00785,39,M,MOBILE,0,613415,5,0,0
u_00786,44,M,APP,1,274231,5,62,0
u_00787,33,F,APP,4,925215,12,174,0
u_00788,41,M,AD,4,1150682,12,57,0
u_00789,20,M,MOBILE,1,206331,2,23,0
u_00790,52,M,APP,0,1340,0,2,0
u_00791,22,F,MOBILE,0,883131,12,25,1
u_00792,47,M,WEB,0,320627,4,1,0
u_00793,33,M,REFERRAL,3,1460285,15,103,1
u_00794,47,M,MOBILE,0,1963567,15,126,0
u_00795,36,F,APP,1,360474,6,18,0
u_00796,21,M,MOBILE,0,214374,4,0,0
u_00797,20,M,REFERRAL,0,366645,4,28,1
u_00798,29,M,APP,0,164178,3,43,0
u_00799,57,M,WEB,0,67535,1,43,1
u_00800,20,M,WEB,2,744781,10,36,0
u_00801,38,M,AD,0,312504,8,0,0
u_00802,43,M,WEB,1,746713,9,113,0
u_00803,44,F,MOBILE,0,114978,3,90,1
u_00804,44,M,APP,1,554339,6,13,0
u_00805,48,M,MOBILE,3,943256,9,0,0
u_00806,41,M,AD,1,518022,6,12,1
u_00807,57,M,WEB,1,200013,3,0,0
u_00808,35,F,REFERRAL,4,945363,13,0,0
u_00809,37,M,MOBILE,3,1304221,15,0,0
u_00810,28,M,AD,0,105088,1,51,0
u_00811,50,M,APP,0,344286,5,15,0
u_00812,37,F,MOBILE,0,1258916,17,0,0
u_00813,39,F,AD,0,890042,8,18,0
u_00814,27,M,MOBILE,0,1025289,14,6,0
u_00815,48,F,WEB,0,456461,9,43,0
u_00816,24,M,MOBILE,0,190926,3,12,1
u_00817,35,M,MOBILE,2,721809,12,0,0
u_00818,24,F,MOBILE,4,1068558,14,0,0
u_00819,34,M,WEB,2,426328,5,0,0
u_00820,38,F,WEB,1,610210,6,25,1
u_00821,35,M,WEB,2,629017,14,21,0
u_00822,45,M,WEB,1,175743,3,54,0
u_00823,25,F,MOBILE,0,2075035,20,0,0
u_00824,40,M,WEB,1,684089,11,0,0
u_00825,53,F,WEB,1,631170,8,3,0
u_00826,28,F,APP,4,1546112,18,3,0
u_00827,30,F,APP,3,1391650,23,102,0
u_00828,27,F,APP,1,811115,10,69,0
u_00829,58,F,REFERRAL,3,625489,9,25,0
u_00830,26,F,MOBILE,0,103571,2,52,0
u_00831,28,F,APP,1,445463,8,71,0
u_00832,61,M,WEB,0,1064838,12,32,0
u_00833,60,M,AD,0,3378,0,31,1
u_00834,39,F,REFERRAL,1,384074,11,0,0
u_00835,20,M,APP,1,247286,5,34,1
u_00836,26,F,APP,2,1181054,23,0,0
u_00837,33,M,REFERRAL,2,555280,7,32,1
u_00838,28,M,REFERRAL,0,727792,7,22,0
u_00839,31,M,REFERRAL,1,774329,13,0,0
u_00840,38,M,REFERRAL,1,426541,6,18,1
u_00841,31,F,WEB,0,148881,2,177,1
u_00842,32,M,MOBILE,0,232423,2,2,0
u_00843,20,M,REFERRAL,1,1551591,18,109,0
u_00844,38,M,MOBILE,0,420635,4,46,0
u_00845,23,F,WEB,2,543801,6,13,1
u_00846,39,F,WEB,0,339872,3,20,0
u_00847,45,F,AD,0,474653,8,12,0
u_00848,20,M,WEB,1,733872,9,59,0
u_00849,34,F,APP,0,1098193,14,112,0
u_00850,26,M,MOBILE,4,817441,19,0,0
u_00851,22,M,WEB,4,1744201,17,0,0
u_00852,20,M,APP,0,183657,3,82,0
u_00853,41,M,MOBILE,0,345637,6,157,1
u_00854,35,F,WEB,4,984464,17,131,0
u_00855,28,F,APP,3,810983,11,0,0
u_00856,28,F,MOBILE,3,518118,7,59,0
u_00857,35,F,REFERRAL,1,1485380,15,87,0
u_00858,26,M,WEB,0,857,0,11,1
u_00859,44,M,MOBILE,4,672815,8,0,0
u_00860,51,F,MOBILE,1,568596,9,40,0
u_00861,37,M,APP,2,1803853,25,0,0
u_00862,37,F,MOBILE,0,1408947,15,0,0
u_00863,20,M,APP,0,551178,5,17,0
u_00864,33,M,MOBILE,4,1176544,18,0,0
u_00865,35,M,AD,5,1726212,17,33,0
u_00866,22,M,APP,1,2037874,20,0,0
u_00867,36,M,WEB,0,983113,19,33,0
u_00868,42,M,WEB,0,519802,5,87,1
u_00869,29,M,REFERRAL,0,154703,4,47,1
u_00870,41,M,APP,0,322273,4,24,0
u_00871,38,F,MOBILE,0,1189827,14,0,0
u_00872,33,M,MOBILE,0,486650,5,0,0
u_00873,20,M,APP,1,286372,4,0,0
u_00874,56,F,APP,0,1417334,13,68,0
u_00875,41,F,MOBILE,1,921084,10,4,0
u_00876,46,F,MOBILE,0,450927,5,14,0
u_00877,40,M,AD,0,106150,2,19,0
u_00878,29,F,AD,2,1300274,12,71,0
u_00879,56,F,MOBILE,0,2538,0,22,1
u_00880,33,F,WEB,0,293332,3,20,0
u_00881,36,F,MOBILE,1,955535,14,119,0
u_00882,43,F,MOBILE,0,335427,5,35,0
u_00883,20,F,MOBILE,4,988023,9,0,0
u_00884,44,F,MOBILE,1,302456,8,70,0
u_00885,36,M,MOBILE,0,154161,2,0,0
u_00886,42,M,WEB,2,506244,8,188,0
u_00887,39,F,MOBILE,3,545430,9,0,0
u_00888,38,F,WEB,2,592768,9,46,0
u_00889,46,F,REFERRAL,0,326052,6,17,0
u_00890,31,M,MOBILE,0,1320168,11,131,0
u_00891,30,M,MOBILE,0,98980,1,83,0
u_00892,26,F,MOBILE,1,170364,2,0,0
u_00893,24,M,AD,0,273415,5,88,1
u_00894,32,F,WEB,1,888975,9,16,0
u_00895,29,M,APP,2,736284,9,42,0
u_00896,42,F,WEB,0,1351681,9,18,0
u_00897,27,F,APP,1,466471,10,26,0
u_00898,21,M,MOBILE,1,2372430,18,0,0
u_00899,33,F,MOBILE,0,174870,2,287,1
u_00900,45,M,WEB,0,405329,5,104,0
u_00901,20,F,REFERRAL,1,1220629,16,0,0
u_00902,52,M,WEB,1,617137,12,65,0
u_00903,39,M,APP,1,947992,14,59,0
u_00904,20,F,MOBILE,0,74426,1,8,1
u_00905,33,M,APP,1,352567,4,16,0
u_00906,36,M,REFERRAL,5,1053383,13,0,0
u_00907,35,F,REFERRAL,4,321230,8,0,0
u_00908,20,M,REFERRAL,2,454555,10,61,0
u_00909,37,F,WEB,2,782671,10,49,0
u_00910,44,M,WEB,0,1264,0,36,1
u_00911,42,F,MOBILE,0,861474,7,7,0
u_00912,20,F,WEB,0,210932,3,0,1
u_00913,43,F,REFERRAL,4,764818,13,0,0
u_00914,37,F,WEB,0,210433,3,51,0
u_00915,51,M,MOBILE,0,453526,7,0,1
u_00916,37,F,WEB,2,612448,7,25,1
u_00917,47,F,REFERRAL,3,1296849,15,0,0
u_00918,64,M,APP,2,734017,8,25,0
u_00919,40,F,MOBILE,1,120091,2,0,0
u_00920,29,F,AD,0,546959,11,45,0
u_00921,42,M,MOBILE,4,687992,21,0,0
u_00922,43,M,APP,1,281899,5,177,1
u_00923,43,F,APP,3,1086308,9,23,0
u_00924,20,M,APP,1,707834,9,3,0
u_00925,33,M,APP,4,1726951,19,61,0
u_00926,20,M,MOBILE,2,684006,9,16,0
u_00927,35,F,MOBILE,1,515930,6,21,1
u_00928,58,M,MOBILE,1,1339159,17,56,0
u_00929,38,F,MOBILE,1,802062,8,0,0
u_00930,35,F,MOBILE,0,215639,3,19,1
u_00931,20,F,MOBILE,4,1741011,20,0,0
u_00932,23,M,WEB,3,826354,18,0,0
u_00933,20,M,MOBILE,1,1244799,10,24,0
u_00934,36,M,REFERRAL,3,556828,11,0,0
u_00935,37,M,APP,4,878363,12,77,0
u_00936,41,M,APP,1,392191,13,74,0
u_00937,20,F,REFERRAL,0,380243,4,0,1
u_00938,50,M,APP,2,1008766,11,0,0
u_00939,44,M,AD,0,261069,7,25,1
u_00940,41,F,MOBILE,1,978489,15,20,0
u_00941,46,M,AD,2,961037,11,0,0
u_00942,37,F,REFERRAL,2,749735,8,0,0
u_00943,40,M,APP,0,943220,13,37,0
u_00944,26,M,WEB,0,3902,0,37,0
u_00945,33,M,WEB,0,370790,5,7,0
u_00946,20,F,MOBILE,1,611650,6,62,0
u_00947,33,F,MOBILE,0,1593040,14,74,0
u_00948,40,F,MOBILE,0,280024,3,35,0
u_00949,48,F,WEB,0,74791,1,62,0
u_00950,30,M,MOBILE,0,254408,4,39,0
u_00951,24,M,MOBILE,1,1456100,16,43,0
u_00952,25,M,WEB,1,2407080,27,0,0
u_00953,20,M,APP,0,280657,3,46,0
u_00954,20,F,REFERRAL,2,1114401,13,26,0
u_00955,29,M,WEB,3,1004446,16,26,0
u_00956,30,M,APP,1,425697,14,0,0
u_00957,20,M,MOBILE,0,386746,5,40,0
u_00958,36,F,APP,1,2061,0,71,0
u_00959,55,F,MOBILE,1,597088,8,66,0
u_00960,44,M,APP,0,1108733,15,7,0
u_00961,21,M,MOBILE,3,985706,13,1,0
u_00962,48,M,WEB,0,497427,5,0,0
u_00963,34,F,MOBILE,2,627241,9,83,1
u_00964,37,F,APP,0,691695,8,78,1
u_00965,44,F,MOBILE,4,438402,20,7,0
u_00966,20,M,WEB,3,369708,9,0,0
u_00967,41,M,MOBILE,3,472134,7,68,0
u_00968,20,M,AD,1,473715,7,15,0
u_00969,41,M,WEB,1,249032,3,1,0
u_00970,46,M,MOBILE,2,1163689,13,17,0
u_00971,29,M,MOBILE,1,549366,8,21,0
u_00972,35,M,WEB,1,433267,4,32,0
u_00973,47,F,WEB,1,27351,1,15,1
u_00974,41,M,APP,5,934801,14,0,0
u_00975,44,M,APP,3,1011455,11,0,0
u_00976,44,M,WEB,1,678221,5,12,0
u_00977,32,F,APP,1,643108,7,51,1
u_00978,54,M,MOBILE,0,419443,7,106,1
u_00979,45,M,AD,1,964116,11,33,0
u_00980,27,M,MOBILE,0,693679,10,55,0
u_00981,36,F,MOBILE,4,1605987,22,94,0
u_00982,33,M,WEB,1,2065138,14,0,1
u_00983,26,F,WEB,0,185081,2,33,0
u_00984,28,M,APP,1,546399,7,65,0
u_00985,25,F,MOBILE,1,183814,2,8,0
u_00986,20,M,MOBILE,1,748047,9,0,0
u_00987,30,F,WEB,1,673776,6,41,0
u_00988,35,M,MOBILE,0,4903,0,56,1
u_00989,46,M,WEB,2,148701,3,102,0
u_00990,29,F,MOBILE,0,254706,3,38,1
u_00991,27,M,MOBILE,0,261431,5,168,0
u_00992,31,F,MOBILE,2,575771,9,38,1
u_00993,39,F,MOBILE,0,580207,9,72,0
u_00994,45,M,APP,0,217672,2,53,1
u_00995,26,M,APP,1,194963,4,48,0
u_00996,36,M,MOBILE,1,190026,4,31,0
u_00997,48,F,APP,1,190080,3,32,0
u_00998,20,M,WEB,3,914195,13,53,0
u_00999,38,F,APP,0,557354,5,25,1
u_01000,35,F,WEB,0,562877,12,4,0
u_01001,27,M,MOBILE,1,419856,6,12,0
u_01002,51,M,REFERRAL,0,274192,7,135,0
u_01003,53,M,REFERRAL,0,1061693,13,17,0
u_01004,35,M,WEB,3,1009222,12,34,0
u_01005,48,F,MOBILE,2,1173049,11,275,1
u_01006,44,F,REFERRAL,0,142498,3,0,1
u_01007,35,M,APP,0,345069,3,57,0
u_01008,37,M,WEB,5,2522068,26,0,0
u_01009,32,M,MOBILE,0,779981,7,96,1
u_01010,36,F,APP,3,719495,15,0,0
u_01011,22,F,WEB,2,471553,10,60,0
u_01012,41,F,AD,3,1185586,22,14,0
u_01013,56,F,WEB,0,316927,5,57,1
u_01014,38,F,MOBILE,4,848829,12,0,0
u_01015,40,F,WEB,0,2051,0,68,0
u_01016,34,M,MOBILE,2,276121,5,22,0
u_01017,25,F,REFERRAL,1,381400,6,74,1
u_01018,47,M,MOBILE,0,108468,3,0,0
u_01019,32,F,WEB,3,841779,11,130,1
u_01020,27,F,WEB,0,1388237,14,13,0
u_01021,35,F,WEB,0,175276,2,40,0
u_01022,21,F,MOBILE,1,567422,10,1,1
u_01023,39,F,MOBILE,0,302895,5,234,1
u_01024,33,M,APP,3,2691697,19,57,0
u_01025,52,M,MOBILE,3,1613301,16,0,0
u_01026,44,F,WEB,0,410220,10,219,0
u_01027,22,F,REFERRAL,0,931,0,6,1
u_01028,26,M,WEB,2,474242,7,44,0
u_01029,31,F,AD,0,432131,6,36,0
u_01030,20,M,MOBILE,0,337663,5,34,1
u_01031,20,M,WEB,2,537995,7,0,0
u_01032,49,M,REFERRAL,1,549954,7,49,1
u_01033,41,M,APP,1,393740,7,65,0
u_01034,28,M,REFERRAL,0,643835,9,80,0
u_01035,31,M,APP,0,260664,7,106,1
u_01036,27,M,MOBILE,0,749482,9,7,0
u_01037,51,M,REFERRAL,0,403467,6,17,0
u_01038,47,M,MOBILE,4,2867728,22,0,0
u_01039,25,M,AD,2,178109,6,7,0
u_01040,33,F,APP,1,1275286,14,7,0
u_01041,20,F,MOBILE,0,207465,2,0,0
u_01042,45,F,APP,2,296140,6,0,0
u_01043,25,M,WEB,0,497582,5,20,1
u_01044,64,F,REFERRAL,0,389543,4,13,0
u_01045,30,M,APP,4,790177,10,46,0
u_01046,52,F,REFERRAL,0,946122,8,0,1
u_01047,20,M,WEB,0,178567,2,190,1
u_01048,27,M,APP,2,265420,5,16,0
u_01049,37,F,WEB,0,989850,11,46,0
u_01050,60,F,MOBILE,3,1162907,17,34,0
u_01051,32,M,APP,0,557168,5,60,0
u_01052,51,M,APP,2,942304,19,0,0
u_01053,29,F,AD,0,85805,1,42,0
u_01054,31,F,WEB,2,2512060,29,7,0
u_01055,41,M,MOBILE,1,90000,6,58,0
u_01056,31,F,MOBILE,0,210093,3,26,0
u_01057,23,F,APP,2,1032807,13,0,0
u_01058,51,M,APP,1,276374,6,25,0
u_01059,49,M,WEB,0,232635,7,23,0
u_01060,48,F,MOBILE,1,78640,1,29,0
u_01061,42,F,MOBILE,1,960277,8,5,0
u_01062,26,F,MOBILE,0,33800,1,27,0
u_01063,42,F,MOBILE,0,305961,5,0,0
u_01064,25,M,WEB,3,625516,14,0,0
u_01065,49,M,AD,0,469216,6,8,0
u_01066,26,F,WEB,4,833781,11,0,0
u_01067,41,F,MOBILE,0,447069,6,0,0
u_01068,29,F,MOBILE,2,407472,8,69,0
u_01069,41,F,MOBILE,1,1691156,13,9,0
u_01070,34,F,APP,2,315773,7,75,0
u_01071,36,F,APP,5,344677,18,51,0
u_01072,41,F,MOBILE,0,230556,4,16,0
u_01073,55,F,MOBILE,0,498376,5,0,1
u_01074,29,M,WEB,3,1077570,12,0,0
u_01075,48,M,MOBILE,0,212681,3,81,0
u_01076,43,F,WEB,0,452122,5,63,0
u_01077,41,M,MOBILE,0,362992,4,37,0
u_01078,34,M,WEB,0,269337,3,25,1
u_01079,33,M,MOBILE,1,432109,6,2,0
u_01080,45,M,MOBILE,0,735717,7,129,1
u_01081,40,M,WEB,0,96195,2,0,1
u_01082,27,F,WEB,0,415700,9,10,0
u_01083,34,F,MOBILE,1,421744,7,75,0
u_01084,46,F,MOBILE,0,1031283,11,37,1
u_01085,50,F,MOBILE,1,579197,9,19,0
u_01086,33,M,APP,0,450416,6,59,0
u_01087,35,M,WEB,0,159742,3,60,0
u_01088,37,M,AD,0,488137,5,0,1
u_01089,38,F,WEB,0,4505,0,3,0
u_01090,20,F,AD,0,277,0,37,1
u_01091,53,M,AD,0,581345,8,9,0
u_01092,33,F,AD,0,96095,1,36,1
u_01093,20,M,WEB,0,287420,4,0,0
u_01094,37,F,WEB,5,1398120,16,24,0
u_01095,23,M,WEB,0,96784,4,68,0
u_01096,29,M,MOBILE,0,338805,4,13,1
u_01097,20,M,MOBILE,0,571990,9,16,0
u_01098,29,M,MOBILE,0,710026,9,12,0
u_01099,63,M,MOBILE,0,400137,5,0,0
u_01100,36,M,WEB,1,805434,9,2,0
u_01101,20,F,AD,1,1741904,15,0,0
u_01102,31,F,WEB,0,869,0,52,0
u_01103,45,F,WEB,1,508046,11,159,1
u_01104,31,M,AD,1,893602,8,117,0
u_01105,20,F,MOBILE,0,751769,9,26,1
u_01106,20,F,APP,0,325319,4,105,0
u_01107,31,M,WEB,2,1758810,16,46,0
u_01108,50,F,MOBILE,0,649580,10,0,0
u_01109,22,F,MOBILE,1,459480,7,77,1
u_01110,43,F,REFERRAL,0,222666,7,60,0
u_01111,44,M,WEB,2,1353701,13,131,0
u_01112,44,M,MOBILE,1,198617,4,20,0
u_01113,28,F,REFERRAL,3,1183470,11,8,0
u_01114,20,F,WEB,2,476703,7,36,0
u_01115,37,M,APP,0,156925,2,12,0
u_01116,44,F,WEB,1,1112450,12,63,0
u_01117,27,M,MOBILE,0,4979,0,0,0
u_01118,46,F,WEB,0,745198,9,58,0
u_01119,32,F,WEB,0,697526,8,17,0
u_01120,32,M,WEB,4,1621632,17,0,0
u_01121,20,M,AD,3,974369,14,145,0
u_01122,28,M,WEB,0,621229,10,123,1
u_01123,39,M,APP,0,111910,2,21,0
u_01124,37,M,WEB,0,115028,1,31,0
u_01125,34,M,WEB,1,399479,9,0,0
u_01126,37,M,MOBILE,1,786083,6,54,1
u_01127,50,F,REFERRAL,2,275927,14,11,1
u_01128,35,M,AD,1,85798,1,9,0
u_01129,47,F,REFERRAL,1,518652,5,32,0
u_01130,42,F,WEB,0,105000,7,45,0
u_01131,44,F,APP,0,403443,6,31,1
u_01132,29,F,APP,0,404600,8,23,1
u_01133,45,M,WEB,1,357002,3,4,0
u_01134,43,F,MOBILE,1,480721,7,0,0
u_01135,64,M,MOBILE,1,451012,5,0,0
u_01136,48,M,MOBILE,4,808413,10,54,0
u_01137,22,F,AD,0,414828,4,6,1
u_01138,36,M,APP,0,790227,7,60,0
u_01139,26,M,MOBILE,3,852219,10,0,0
u_01140,28,M,MOBILE,0,201900,3,0,0
u_01141,39,F,MOBILE,1,114384,2,153,1
u_01142,37,M,WEB,5,1494888,18,160,0
u_01143,39,M,WEB,2,1489284,25,66,0
u_01144,30,F,WEB,0,30658,2,0,0
u_01145,21,M,MOBILE,0,111700,2,16,1
u_01146,43,F,AD,0,173423,5,52,1
u_01147,45,F,MOBILE,4,859312,13,0,0
u_01148,25,M,WEB,1,181120,5,15,0
u_01149,50,M,MOBILE,0,1472223,14,29,0
u_01150,31,M,MOBILE,1,183140,3,0,0
u_01151,25,F,MOBILE,0,1145162,12,160,1
u_01152,47,M,MOBILE,1,692833,12,57,0
u_01153,33,M,MOBILE,1,270930,6,0,0
u_01154,20,M,WEB,0,324937,3,61,0
u_01155,44,M,WEB,0,693110,8,55,0
u_01156,20,M,MOBILE,0,48147,2,65,0
u_01157,20,M,APP,4,1222308,19,10,0
u_01158,40,M,REFERRAL,0,315708,8,59,0
u_01159,26,M,WEB,0,971114,13,118,1
u_01160,35,M,MOBILE,1,187666,3,2,0
u_01161,38,M,APP,1,1357735,11,28,0
u_01162,34,M,APP,0,446541,6,23,0
u_01163,36,M,APP,0,533546,7,27,0
u_01164,31,M,AD,2,1422357,17,98,0
u_01165,30,M,WEB,3,680566,12,7,0
u_01166,22,F,WEB,1,583061,5,23,0
u_01167,23,F,WEB,2,419128,5,101,0
u_01168,28,F,WEB,0,263228,3,44,1
u_01169,41,M,AD,1,1889972,23,7,0
u_01170,47,M,WEB,1,728908,9,0,0
u_01171,47,F,REFERRAL,2,1077282,12,0,0
u_01172,54,M,APP,4,1539660,21,0,0
u_01173,24,F,AD,0,407,0,13,0
u_01174,52,M,WEB,3,2168177,20,20,0
u_01175,30,M,APP,2,639099,5,19,0
u_01176,28,F,REFERRAL,2,892895,9,27,0
u_01177,39,F,MOBILE,1,340435,14,71,0
u_01178,46,M,WEB,2,871619,10,38,0
u_01179,37,M,WEB,2,591846,8,59,0
u_01180,30,F,AD,1,276212,3,9,0
u_01181,62,M,MOBILE,0,193257,2,35,0
u_01182,43,M,APP,1,176468,3,18,0
u_01183,35,F,WEB,0,75000,5,12,0
u_01184,20,F,APP,1,907426,8,57,0
u_01185,20,F,WEB,0,389346,4,0,0
u_01186,37,M,APP,2,404322,12,36,0
u_01187,33,F,MOBILE,0,384478,8,11,0
u_01188,49,M,APP,2,700046,8,14,1
u_01189,40,F,MOBILE,0,744072,8,20,1
u_01190,33,F,WEB,0,109671,2,11,0
u_01191,42,F,WEB,1,700036,13,55,0
u_01192,25,F,WEB,0,198776,3,199,1
u_01193,28,M,WEB,1,323415,8,56,0
u_01194,46,F,AD,3,952138,11,99,0
u_01195,20,F,MOBILE,0,2890,0,32,1
u_01196,26,F,AD,0,505568,10,11,1
u_01197,29,F,WEB,1,116601,3,20,1
u_01198,54,M,REFERRAL,0,421530,4,0,0
u_01199,42,M,REFERRAL,0,332228,4,27,1
u_01200,23,M,MOBILE,2,396901,10,108,0
u_01201,45,F,WEB,0,178616,7,0,0
u_01202,54,F,MOBILE,1,702943,9,39,0
u_01203,22,F,WEB,0,253426,7,0,0
u_01204,46,M,WEB,0,602444,16,14,0
u_01205,46,F,APP,2,1896557,27,14,0
u_01206,45,F,APP,4,596006,10,14,0
u_01207,52,F,MOBILE,3,1747027,19,21,0
u_01208,27,M,MOBILE,0,233966,3,29,0
u_01209,29,M,WEB,0,133864,2,28,0
u_01210,43,M,AD,0,728999,11,9,0
u_01211,37,M,APP,1,697454,7,15,0
u_01212,45,M,WEB,3,1147772,14,14,0
u_01213,20,M,APP,1,1116950,16,88,0
u_01214,58,F,MOBILE,0,445570,5,71,0
u_01215,20,M,REFERRAL,1,438543,7,17,0
u_01216,23,F,WEB,1,188864,8,66,0
u_01217,20,M,MOBILE,0,549162,9,29,1
u_01218,20,F,WEB,1,330096,7,34,0
u_01219,50,F,APP,1,1207854,18,8,0
u_01220,22,M,WEB,1,696564,7,126,1
u_01221,20,M,MOBILE,2,249672,8,82,1
u_01222,50,F,REFERRAL,0,319912,3,2,0
u_01223,49,M,APP,0,1156893,23,0,0
u_01224,20,M,WEB,3,1807969,17,0,1
u_01225,32,M,MOBILE,0,179513,4,59,0
u_01226,31,F,MOBILE,0,321767,4,0,0
u_01227,48,M,MOBILE,4,627789,11,0,0
u_01228,35,F,WEB,0,130418,2,110,1
u_01229,23,F,WEB,1,2093605,34,55,0
u_01230,41,M,WEB,0,220749,4,37,0
u_01231,47,F,MOBILE,4,332717,18,0,0
u_01232,32,M,AD,1,302707,5,29,1
u_01233,36,M,MOBILE,2,602505,7,57,0
u_01234,25,F,MOBILE,1,449402,5,21,1
u_01235,41,M,REFERRAL,0,703107,10,37,1
u_01236,34,F,WEB,1,1379106,13,62,0
u_01237,21,F,WEB,2,1349844,11,0,0
u_01238,33,M,APP,2,1840617,17,0,0
u_01239,45,F,MOBILE,0,376236,10,68,0
u_01240,39,F,MOBILE,0,197553,2,70,0
u_01241,61,F,AD,2,764857,9,14,0
u_01242,34,F,WEB,0,1902,0,45,1
u_01243,32,F,WEB,1,1553178,18,16,0
u_01244,42,F,WEB,1,476398,5,10,0
u_01245,39,F,APP,0,1583536,20,0,0
u_01246,34,M,APP,0,274317,5,30,0
u_01247,29,M,MOBILE,3,402548,8,28,1
u_01248,28,F,APP,3,2524213,26,20,0
u_01249,36,F,WEB,1,843561,13,0,0
u_01250,20,M,WEB,0,276647,4,69,0
u_01251,27,M,APP,2,855657,13,3,0
u_01252,37,M,MOBILE,3,964994,14,14,0
u_01253,45,M,WEB,1,642173,7,37,1
u_01254,30,M,WEB,2,321606,4,67,0
u_01255,33,F,MOBILE,0,340234,5,18,0
u_01256,37,M,WEB,3,498390,14,5,0
u_01257,32,M,AD,3,1528237,13,12,0
u_01258,31,F,WEB,1,410759,11,23,0
u_01259,31,F,WEB,1,430932,7,13,0
u_01260,27,M,APP,4,1790424,23,62,0
u_01261,46,F,APP,0,331131,3,7,0
u_01262,35,M,MOBILE,0,133186,2,0,1
u_01263,38,F,WEB,2,1062579,17,0,0
u_01264,43,F,WEB,1,123029,2,0,0
u_01265,46,F,MOBILE,2,937926,11,53,1
u_01266,33,M,MOBILE,0,4501,0,2,0
u_01267,41,F,WEB,0,455517,4,22,0
u_01268,20,F,MOBILE,1,431986,11,0,0
u_01269,33,F,WEB,3,883797,12,0,0
u_01270,32,M,REFERRAL,0,47834,1,65,1
u_01271,48,F,AD,2,659419,10,82,0
u_01272,54,F,MOBILE,1,531602,16,91,1
u_01273,33,M,AD,0,304614,4,45,0
u_01274,53,M,MOBILE,0,221545,4,40,1
u_01275,20,F,MOBILE,1,394721,8,0,0
u_01276,37,F,APP,0,324472,4,1,0
u_01277,48,F,WEB,0,260574,4,52,1
u_01278,63,F,APP,0,2881,0,33,0
u_01279,53,F,WEB,0,1085144,11,38,1
u_01280,22,M,WEB,0,154354,2,24,0
u_01281,26,M,APP,1,564047,6,116,0
u_01282,42,F,REFERRAL,2,833158,12,58,0
u_01283,41,F,REFERRAL,3,1272453,12,38,0
u_01284,46,M,MOBILE,1,711670,10,32,0
u_01285,34,M,APP,0,103056,1,8,0
u_01286,20,F,APP,2,1089427,17,86,0
u_01287,25,M,REFERRAL,0,307559,3,144,1
u_01288,29,M,MOBILE,0,190259,3,37,0
u_01289,36,F,MOBILE,0,177422,2,11,1
u_01290,38,F,MOBILE,1,414634,7,34,0
u_01291,20,F,MOBILE,0,628006,9,83,0
u_01292,23,F,MOBILE,1,216583,2,0,0
u_01293,20,F,MOBILE,2,630805,11,0,0
u_01294,35,M,REFERRAL,3,402270,15,7,0
u_01295,29,F,WEB,2,372049,9,0,0
u_01296,20,F,MOBILE,0,88564,1,10,0
u_01297,44,F,WEB,3,2887356,26,0,0
u_01298,30,F,WEB,2,1212447,17,71,0
u_01299,41,M,MOBILE,1,590553,6,10,0
u_01300,60,M,WEB,1,509687,10,16,0
u_01301,53,F,MOBILE,2,396972,12,11,0
u_01302,25,F,WEB,1,542540,10,24,0
u_01303,41,M,MOBILE,1,316991,3,63,0
u_01304,20,M,MOBILE,0,96653,3,110,1
u_01305,27,M,WEB,2,744895,8,1,0
u_01306,20,M,WEB,3,955361,12,5,0
u_01307,20,M,WEB,0,549061,6,62,0
u_01308,25,M,MOBILE,1,318164,9,72,0
u_01309,39,M,MOBILE,1,282917,6,0,0
u_01310,42,M,REFERRAL,0,967915,14,80,1
u_01311,25,F,WEB,2,622711,10,58,0
u_01312,39,F,MOBILE,0,334689,7,11,0
u_01313,46,M,WEB,2,753720,9,19,1
u_01314,37,M,WEB,0,103683,2,26,0
u_01315,52,M,APP,0,698545,7,1,0
u_01316,27,F,REFERRAL,1,239577,9,79,0
u_01317,34,F,WEB,2,800563,10,61,0
u_01318,42,F,APP,2,1424171,15,71,0
u_01319,28,F,WEB,2,1025524,14,0,0
u_01320,34,M,WEB,1,89151,4,74,0
u_01321,40,F,WEB,3,2110378,21,0,0
u_01322,30,M,AD,0,68526,1,81,0
u_01323,30,M,WEB,0,1933488,27,94,0
u_01324,23,F,MOBILE,1,291900,6,113,1
u_01325,43,M,WEB,2,541681,6,0,0
u_01326,46,M,WEB,2,1788801,23,8,0
u_01327,41,M,MOBILE,2,539168,8,0,0
u_01328,36,F,WEB,1,418553,5,178,1
u_01329,36,M,MOBILE,1,719841,6,55,0
u_01330,46,M,WEB,0,250268,3,164,0
u_01331,20,F,REFERRAL,0,334457,3,20,1
u_01332,31,F,WEB,2,775969,18,46,0
u_01333,26,F,APP,1,858108,13,46,0
u_01334,20,M,MOBILE,1,307506,7,61,0
u_01335,27,F,WEB,2,263061,3,14,0
u_01336,31,M,WEB,0,4679,0,18,0
u_01337,45,F,MOBILE,0,3354,0,39,0
u_01338,26,M,REFERRAL,4,1428598,17,129,0
u_01339,33,F,WEB,1,765785,9,38,0
u_01340,20,M,APP,0,58483,1,34,1
u_01341,31,M,MOBILE,0,195408,3,0,1
u_01342,30,F,REFERRAL,0,427752,3,10,0
u_01343,52,F,MOBILE,1,734793,12,23,0
u_01344,42,M,AD,2,310290,5,130,0
u_01345,28,F,MOBILE,5,1539288,16,37,0
u_01346,56,M,WEB,1,855257,12,46,0
u_01347,20,F,WEB,0,488024,5,21,0
u_01348,37,M,WEB,0,3994,0,0,0
u_01349,20,M,MOBILE,1,1860156,15,61,0
u_01350,35,M,AD,0,74891,1,31,0
u_01351,29,M,WEB,0,1331540,16,46,1
u_01352,41,F,MOBILE,2,252130,11,64,0
u_01353,27,M,REFERRAL,2,473948,7,0,0
u_01354,48,F,MOBILE,0,767889,7,0,0
u_01355,55,M,MOBILE,0,299950,12,1,0
u_01356,38,F,MOBILE,0,524395,11,72,0
u_01357,37,F,MOBILE,1,1328490,30,45,0
u_01358,27,M,WEB,2,697231,9,28,0
u_01359,41,F,WEB,2,335085,4,230,0
u_01360,34,F,REFERRAL,5,2465666,26,0,0
u_01361,48,F,WEB,2,997478,10,0,0
u_01362,42,M,MOBILE,0,748714,11,85,0
u_01363,33,F,APP,1,889388,9,89,0
u_01364,29,F,APP,1,281509,4,80,1
u_01365,31,M,WEB,0,116656,1,44,1
u_01366,43,M,MOBILE,0,77568,1,21,0
u_01367,40,M,AD,3,1145040,15,93,0
u_01368,26,F,REFERRAL,1,171633,3,19,0
u_01369,41,F,WEB,1,666460,8,80,0
u_01370,35,F,APP,0,159285,4,15,1
u_01371,20,M,APP,1,621756,6,0,0
u_01372,51,M,WEB,0,295203,5,31,0
u_01373,24,M,APP,0,395358,8,27,0
u_01374,46,M,REFERRAL,2,743130,13,0,0
u_01375,29,M,APP,0,156694,2,63,0
u_01376,27,M,MOBILE,2,719563,10,22,0
u_01377,32,M,MOBILE,3,708659,13,0,0
u_01378,20,F,REFERRAL,0,59827,1,45,1
u_01379,45,F,WEB,0,453804,10,118,0
u_01380,29,M,APP,1,199791,3,76,0
u_01381,55,F,MOBILE,1,236584,3,0,0
u_01382,26,F,MOBILE,2,786444,10,0,0
u_01383,20,F,MOBILE,0,117439,1,58,1
u_01384,20,M,MOBILE,2,401245,9,2,0
u_01385,40,M,MOBILE,0,529604,7,7,0
u_01386,29,M,APP,1,1061701,13,0,0
u_01387,34,M,MOBILE,0,599963,7,0,0
u_01388,39,F,MOBILE,3,881038,14,0,0
u_01389,35,M,WEB,0,30000,2,0,0
u_01390,35,M,WEB,2,404015,10,9,0
u_01391,35,M,MOBILE,1,411156,4,0,1
u_01392,45,F,WEB,0,229107,3,0,0
u_01393,24,F,REFERRAL,1,827356,10,20,0
u_01394,39,F,WEB,3,315810,11,111,0
u_01395,35,F,APP,4,1123033,12,0,0
u_01396,35,M,MOBILE,0,242600,3,0,0
u_01397,43,M,APP,0,205066,9,0,0
u_01398,37,M,MOBILE,0,187498,2,149,1
u_01399,36,M,REFERRAL,3,2351518,23,0,0
u_01400,22,M,MOBILE,1,479830,7,8,0
u_01401,62,M,APP,1,1639739,25,22,0
u_01402,38,M,REFERRAL,1,1005875,12,22,0
u_01403,51,F,MOBILE,1,260426,7,0,0
u_01404,42,M,REFERRAL,0,237532,3,33,0
u_01405,54,M,WEB,1,438554,10,58,0
u_01406,55,F,MOBILE,1,212274,3,0,0
u_01407,55,F,AD,5,588611,21,0,0
u_01408,20,F,AD,0,777649,7,74,0
u_01409,38,F,AD,2,687364,12,16,0
u_01410,45,F,APP,2,1066488,13,50,0
u_01411,44,F,WEB,1,303251,7,37,0
u_01412,30,F,MOBILE,2,729493,8,42,0
u_01413,34,M,APP,0,446434,11,28,0
u_01414,21,M,WEB,3,502786,13,15,0
u_01415,25,M,MOBILE,0,64544,2,32,0
u_01416,25,F,WEB,0,344306,4,49,0
u_01417,44,M,MOBILE,0,725841,11,44,0
u_01418,35,F,REFERRAL,0,60559,1,1,1
u_01419,31,M,APP,0,765408,7,0,0
u_01420,46,M,MOBILE,0,147056,2,24,0
u_01421,26,F,REFERRAL,1,331433,4,0,0
u_01422,29,F,APP,2,471588,5,66,0
u_01423,36,M,APP,0,271082,4,37,0
u_01424,50,F,REFERRAL,0,66381,1,24,0
u_01425,33,F,WEB,0,82367,2,23,0
u_01426,37,F,REFERRAL,3,699288,11,18,0
u_01427,48,F,APP,2,255999,6,73,0
u_01428,42,M,MOBILE,0,277939,4,21,0
u_01429,42,F,APP,1,534130,9,56,0
u_01430,25,F,AD,2,891670,9,0,0
u_01431,33,F,WEB,1,1058411,15,27,0
u_01432,45,M,APP,1,501068,8,3,0
u_01433,41,M,WEB,0,441086,7,40,1
u_01434,30,M,WEB,0,69301,4,86,0
u_01435,29,M,AD,1,333035,8,33,0
u_01436,35,F,WEB,0,279627,3,25,1
u_01437,42,M,MOBILE,1,431598,6,0,0
u_01438,21,F,WEB,2,413962,11,0,0
u_01439,36,M,REFERRAL,1,97050,3,51,1
u_01440,47,M,APP,0,131464,7,22,0
u_01441,46,F,REFERRAL,3,1459010,12,0,0
u_01442,32,F,MOBILE,1,325082,3,70,0
u_01443,49,M,APP,1,876325,10,31,0
u_01444,48,F,APP,5,2066913,25,0,0
u_01445,39,M,AD,0,886152,12,98,0
u_01446,35,F,MOBILE,0,125686,4,57,1
u_01447,53,F,WEB,2,710664,7,14,0
u_01448,20,F,WEB,2,1258063,11,0,1
u_01449,43,M,MOBILE,4,742196,12,15,0
u_01450,30,F,WEB,0,646014,8,4,1
u_01451,51,F,WEB,1,1180736,12,36,0
u_01452,45,F,MOBILE,0,223597,3,50,1
u_01453,20,F,AD,1,423524,4,0,0
u_01454,35,M,APP,0,786369,11,41,0
u_01455,31,M,APP,1,441046,4,166,1
u_01456,44,M,MOBILE,4,1075000,11,50,0
u_01457,43,M,MOBILE,1,942936,10,65,1
u_01458,25,F,APP,0,761302,6,40,0
u_01459,23,F,REFERRAL,0,3684,0,57,1
u_01460,37,F,MOBILE,0,307089,4,41,1
u_01461,40,F,WEB,1,469700,13,39,0
u_01462,46,M,APP,1,485294,7,51,0
u_01463,42,M,MOBILE,1,216184,5,16,0
u_01464,29,F,APP,1,295172,5,71,0
u_01465,43,F,WEB,0,747062,15,40,0
u_01466,42,M,MOBILE,2,952758,11,102,0
u_01467,49,M,AD,2,892719,10,67,0
u_01468,49,F,MOBILE,0,154343,4,5,1
u_01469,24,M,WEB,0,701566,7,20,0
u_01470,36,F,MOBILE,0,2292,0,154,1
u_01471,31,M,WEB,0,85661,1,0,0
u_01472,27,F,MOBILE,1,85994,1,14,0
u_01473,48,F,MOBILE,0,330735,7,36,0
u_01474,45,F,APP,1,450100,9,71,0
u_01475,20,F,MOBILE,0,734768,16,50,0
u_01476,42,M,APP,0,627964,6,22,0
u_01477,52,M,APP,1,387227,5,1,0
u_01478,45,F,MOBILE,0,646470,6,95,1
u_01479,44,F,WEB,0,212559,4,51,1
u_01480,42,F,APP,1,354308,6,29,0
u_01481,40,F,MOBILE,1,325224,4,31,0
u_01482,36,M,APP,0,859845,9,112,1
u_01483,25,F,WEB,0,93092,1,64,1
u_01484,34,M,APP,0,74029,1,0,1
u_01485,44,M,REFERRAL,2,1357863,13,2,0
u_01486,23,M,WEB,2,1477898,19,48,0
u_01487,36,M,WEB,0,348671,5,97,1
u_01488,24,M,MOBILE,0,643822,9,53,1
u_01489,21,M,WEB,3,1287292,20,0,0
u_01490,49,F,WEB,2,950533,8,56,0
u_01491,32,F,APP,3,195000,13,0,0
u_01492,31,M,WEB,0,1151862,10,2,0
u_01493,30,M,MOBILE,0,172142,3,0,0
u_01494,48,M,REFERRAL,1,1892117,20,112,0
u_01495,49,F,REFERRAL,1,623159,9,0,0
u_01496,36,F,MOBILE,1,1256126,13,0,0
u_01497,32,F,WEB,0,379832,5,16,1
u_01498,24,F,MOBILE,0,407932,5,111,1
u_01499,54,M,WEB,1,3839,0,0,0
u_01500,20,F,AD,0,237431,7,36,0
u_01501,26,M,AD,2,278742,8,0,0
u_01502,35,M,WEB,0,708012,7,163,1
u_01503,35,F,MOBILE,2,780500,14,74,0
u_01504,59,M,APP,0,538909,7,14,0
u_01505,48,F,REFERRAL,1,257166,3,35,0
u_01506,41,M,AD,0,780377,14,0,0
u_01507,20,M,MOBILE,0,202740,2,0,0
u_01508,20,M,MOBILE,2,467109,6,0,1
u_01509,37,M,MOBILE,1,533348,7,78,0
u_01510,42,F,APP,2,675173,9,0,0
u_01511,25,F,REFERRAL,0,1248,0,33,1
u_01512,30,M,AD,0,456831,7,80,0
u_01513,49,F,WEB,0,717434,6,31,1
u_01514,31,M,WEB,3,1106009,28,8,0
u_01515,33,F,APP,3,1017889,15,36,0
u_01516,41,F,MOBILE,0,207410,2,89,1
u_01517,38,F,WEB,1,382594,5,0,0
u_01518,35,M,REFERRAL,3,1789723,19,0,0
u_01519,39,M,WEB,0,271738,4,49,0
u_01520,35,F,APP,1,581642,6,31,0
u_01521,21,F,WEB,3,667844,9,0,0
u_01522,20,F,REFERRAL,2,463477,11,46,0
u_01523,26,M,WEB,2,568893,16,90,1
u_01524,28,F,WEB,2,375329,8,0,0
u_01525,34,F,WEB,0,1269800,11,113,0
u_01526,41,M,MOBILE,0,247342,3,0,0
u_01527,20,M,MOBILE,0,522700,9,104,1
u_01528,35,F,AD,0,407382,7,0,0
u_01529,59,M,APP,1,162200,8,23,0
u_01530,44,M,WEB,0,695033,8,134,1
u_01531,20,F,APP,2,1041102,12,35,0
u_01532,55,M,WEB,2,433094,8,0,0
u_01533,21,M,MOBILE,2,541990,10,35,1
u_01534,41,F,AD,2,874463,15,2,1
u_01535,43,F,REFERRAL,1,660259,6,0,0
u_01536,48,F,APP,1,255684,11,32,0
u_01537,22,F,APP,4,1142649,13,0,0
u_01538,42,F,MOBILE,1,698800,9,47,0
u_01539,39,M,WEB,1,152895,4,3,1
u_01540,29,F,MOBILE,1,400244,7,0,0
u_01541,40,M,MOBILE,2,395151,10,30,0
u_01542,20,F,REFERRAL,3,630451,9,65,0
u_01543,37,M,MOBILE,0,182303,3,62,1
u_01544,32,F,APP,1,652645,10,79,0
u_01545,42,F,APP,0,1098650,9,42,0
u_01546,27,M,APP,3,252720,5,0,0
u_01547,20,F,WEB,2,165894,10,12,0
u_01548,56,M,WEB,1,618949,9,67,0
u_01549,23,M,MOBILE,1,81162,1,5,1
u_01550,25,M,MOBILE,0,693117,6,6,0
u_01551,54,M,WEB,0,513573,6,274,1
u_01552,29,M,MOBILE,2,502064,6,0,0
u_01553,46,M,WEB,5,574692,16,0,0
u_01554,45,F,WEB,0,1098136,13,140,0
u_01555,39,M,MOBILE,1,917124,11,62,0
u_01556,27,M,MOBILE,4,1717334,16,12,0
u_01557,46,F,APP,2,1055900,13,16,0
u_01558,20,M,MOBILE,0,116741,2,15,1
u_01559,31,F,WEB,2,578526,8,0,0
u_01560,34,F,APP,0,316543,4,142,1
u_01561,42,M,WEB,1,62231,4,38,0
u_01562,23,F,WEB,0,206415,5,48,0
u_01563,20,M,WEB,0,581489,7,103,1
u_01564,27,M,WEB,0,108922,1,51,0
u_01565,40,F,WEB,0,484105,7,97,0
u_01566,41,M,REFERRAL,0,201611,2,42,0
u_01567,20,M,MOBILE,1,788689,13,101,0
u_01568,57,F,WEB,0,165351,2,47,0
u_01569,27,M,REFERRAL,1,1082846,15,47,0
u_01570,33,M,APP,0,367957,5,0,0
u_01571,37,M,REFERRAL,1,414131,4,0,0
u_01572,39,M,WEB,0,410875,7,83,0
u_01573,39,F,WEB,1,108452,2,26,1
u_01574,36,M,APP,3,2076225,37,119,0
u_01575,50,M,MOBILE,1,317243,3,97,0
u_01576,52,M,WEB,5,1887296,16,0,0
u_01577,50,M,WEB,4,1821740,18,0,1
u_01578,48,F,MOBILE,0,145550,2,28,0
u_01579,48,F,APP,0,314116,4,38,0
u_01580,38,M,WEB,3,934606,11,0,0
u_01581,42,M,MOBILE,0,413572,5,145,0
u_01582,24,F,REFERRAL,0,602491,6,0,0
u_01583,20,F,WEB,1,516456,8,34,0
u_01584,53,M,MOBILE,0,836015,12,25,0
u_01585,40,F,MOBILE,0,393429,5,20,1
u_01586,40,M,WEB,2,550780,11,0,0
u_01587,30,F,WEB,0,328701,3,178,1
u_01588,50,M,WEB,0,542963,13,2,0
u_01589,36,M,WEB,0,3351,0,94,1
u_01590,24,F,APP,4,649241,12,9,0
u_01591,21,F,WEB,1,315097,5,18,0
u_01592,41,M,WEB,0,68720,1,51,0
u_01593,38,M,MOBILE,2,763865,11,0,0
u_01594,27,M,REFERRAL,4,706536,13,32,0
u_01595,25,M,APP,1,802266,10,0,0
u_01596,26,M,APP,1,192489,4,106,0
u_01597,37,M,WEB,0,816940,8,36,0
u_01598,28,F,MOBILE,0,200020,3,29,1
u_01599,39,M,REFERRAL,2,592656,8,66,0
u_01600,31,F,APP,2,545016,16,52,0
u_01601,26,M,WEB,2,719879,15,3,0
u_01602,44,F,WEB,2,1126607,14,45,0
u_01603,20,F,WEB,1,652972,10,130,1
u_01604,20,M,WEB,0,47577,1,38,0
u_01605,21,M,AD,0,131077,2,60,0
u_01606,45,M,MOBILE,0,411018,6,90,0
u_01607,29,M,WEB,1,1788213,26,9,0
u_01608,20,M,WEB,0,1107032,13,13,1
u_01609,58,F,AD,2,757894,6,28,0
u_01610,37,F,WEB,0,434340,4,0,0
u_01611,30,M,MOBILE,4,714020,11,8,0
u_01612,34,F,WEB,2,577128,10,0,0
u_01613,55,F,WEB,1,375592,5,54,0
u_01614,48,M,MOBILE,2,619420,11,27,0
u_01615,29,M,MOBILE,0,369286,5,32,0
u_01616,25,F,WEB,3,534164,13,81,0
u_01617,47,M,MOBILE,0,399104,6,15,0
u_01618,43,M,MOBILE,2,395057,4,50,0
u_01619,53,F,MOBILE,0,440757,5,4,0
u_01620,49,F,WEB,1,433987,3,21,0
u_01621,38,F,MOBILE,0,299527,5,11,1
u_01622,35,F,MOBILE,1,398870,4,135,0
u_01623,20,F,APP,2,1033149,11,27,0
u_01624,39,F,WEB,5,831391,16,0,0
u_01625,34,M,WEB,1,334783,4,39,0
u_01626,23,M,MOBILE,0,1960,0,138,1
u_01627,39,F,AD,0,495101,7,216,1
u_01628,24,F,MOBILE,0,737870,14,23,0
u_01629,34,M,WEB,0,498352,6,14,0
u_01630,48,F,MOBILE,0,308272,5,78,0
u_01631,54,F,WEB,0,54144,1,114,0
u_01632,36,F,WEB,3,1539346,14,3,0
u_01633,22,F,WEB,0,98898,2,33,1
u_01634,39,F,AD,1,538751,9,25,0
u_01635,28,F,AD,0,1996128,23,14,0
u_01636,33,F,AD,0,209463,2,104,1
u_01637,34,M,MOBILE,0,71752,1,37,1
u_01638,42,M,AD,2,447828,6,165,1
u_01639,26,M,MOBILE,0,135553,2,52,1
u_01640,36,M,AD,1,500285,7,0,0
u_01641,51,M,REFERRAL,0,1270811,14,135,0
u_01642,33,F,WEB,0,654154,8,14,0
u_01643,36,M,AD,0,165923,2,105,1
u_01644,28,M,MOBILE,1,267496,8,198,1
u_01645,24,M,WEB,2,548301,9,35,0
u_01646,39,M,MOBILE,1,130772,3,50,0
u_01647,35,M,APP,0,3689,0,39,0
u_01648,38,F,APP,0,172331,2,99,1
u_01649,52,M,APP,1,277531,7,40,0
u_01650,49,F,REFERRAL,1,576594,9,30,0
u_01651,38,F,REFERRAL,1,231846,5,80,0
u_01652,37,M,MOBILE,3,383388,10,163,0
u_01653,30,F,MOBILE,2,417353,7,8,0
u_01654,21,F,AD,4,1160806,15,113,0
u_01655,29,F,MOBILE,1,574584,8,76,0
u_01656,42,M,WEB,0,955615,9,18,0
u_01657,52,F,APP,1,482906,7,24,1
u_01658,37,M,WEB,0,233603,6,38,0
u_01659,39,F,MOBILE,0,299181,3,39,0
u_01660,37,M,REFERRAL,0,677175,7,31,1
u_01661,33,F,APP,2,559780,9,0,0
u_01662,47,F,MOBILE,2,385675,10,0,0
u_01663,25,M,APP,1,617670,8,23,0
u_01664,50,F,WEB,2,434996,6,0,0
u_01665,42,F,WEB,4,670518,12,64,0
u_01666,26,F,WEB,2,349581,9,0,0
u_01667,38,M,REFERRAL,0,242488,5,8,0
u_01668,43,F,APP,0,1377388,22,34,0
u_01669,49,F,MOBILE,3,1689971,15,6,0
u_01670,50,F,WEB,0,922521,14,86,0
u_01671,46,F,WEB,2,282679,13,117,0
u_01672,34,F,WEB,0,933088,10,127,1
u_01673,41,M,WEB,3,684074,10,35,0
u_01674,36,M,REFERRAL,3,650033,7,31,0
u_01675,50,F,AD,0,481046,7,37,1
u_01676,32,M,MOBILE,0,554811,6,7,0
u_01677,30,F,REFERRAL,5,2033517,22,21,0
u_01678,42,M,APP,4,682866,11,0,0
u_01679,36,F,WEB,1,189249,5,38,0
u_01680,23,M,WEB,0,358724,8,13,1
u_01681,34,F,WEB,1,454073,10,99,0
u_01682,41,F,MOBILE,0,222701,4,2,0
u_01683,24,F,MOBILE,0,90365,1,60,1
u_01684,33,M,WEB,1,509079,13,5,0
u_01685,34,F,APP,1,579508,13,79,0
u_01686,28,M,MOBILE,0,3443,0,160,1
u_01687,25,F,APP,1,1053617,17,56,1
u_01688,47,M,MOBILE,0,134381,2,195,1
u_01689,47,M,REFERRAL,1,526363,8,0,0
u_01690,52,F,REFERRAL,3,1675644,15,0,0
u_01691,36,F,MOBILE,4,693854,14,0,0
u_01692,33,M,APP,0,418530,14,93,0
u_01693,42,M,REFERRAL,2,1297155,13,22,0
u_01694,36,M,MOBILE,0,368714,4,65,0
u_01695,50,F,MOBILE,1,855657,9,0,0
u_01696,28,M,MOBILE,0,478873,8,40,0
u_01697,31,M,REFERRAL,0,94396,1,0,0
u_01698,33,F,AD,0,706698,8,8,0
u_01699,44,M,AD,3,732930,16,0,0
u_01700,34,M,WEB,2,1322903,11,9,0
u_01701,23,M,WEB,0,74837,1,101,1
u_01702,38,M,WEB,3,451272,9,0,0
u_01703,32,F,WEB,0,474662,5,45,0
u_01704,43,M,WEB,1,325729,6,124,0
u_01705,41,F,WEB,0,770925,10,104,0
u_01706,49,M,MOBILE,2,749809,8,39,0
u_01707,65,M,MOBILE,1,194656,10,50,0
u_01708,38,F,MOBILE,0,75064,4,39,1
u_01709,44,M,WEB,0,302970,3,113,0
u_01710,32,M,APP,0,1515448,17,19,0
u_01711,30,M,APP,1,177565,5,96,1
u_01712,38,M,WEB,0,385198,5,35,0
u_01713,46,M,MOBILE,0,435308,5,25,1
u_01714,38,F,AD,0,389557,3,62,1
u_01715,49,F,WEB,0,80756,1,6,0
u_01716,21,M,MOBILE,1,131800,2,26,0
u_01717,38,F,REFERRAL,2,1537528,15,33,0
u_01718,36,F,REFERRAL,3,962865,12,0,0
u_01719,35,M,AD,0,540977,8,12,0
u_01720,35,M,REFERRAL,3,545110,7,21,0
u_01721,36,F,APP,0,440263,6,111,0
u_01722,34,F,REFERRAL,1,244781,2,12,0
u_01723,58,M,WEB,3,845760,10,14,0
u_01724,41,M,MOBILE,0,555512,11,8,0
u_01725,20,M,MOBILE,0,2133476,19,0,0
u_01726,27,F,REFERRAL,1,705451,6,73,0
u_01727,20,F,MOBILE,0,175756,3,72,0
u_01728,65,M,MOBILE,1,3466903,30,21,0
u_01729,23,M,MOBILE,4,1005954,15,0,0
u_01730,20,F,APP,2,639324,7,107,0
u_01731,55,F,REFERRAL,1,348889,4,30,0
u_01732,21,M,APP,4,1368418,11,30,0
u_01733,62,M,WEB,2,832584,8,128,1
u_01734,35,M,REFERRAL,3,738439,17,0,0
u_01735,20,F,REFERRAL,0,57284,1,0,0
u_01736,42,F,APP,0,319837,4,46,1
u_01737,46,M,APP,1,251505,4,43,0
u_01738,54,M,AD,0,281950,4,29,0
u_01739,20,F,MOBILE,3,1243442,18,4,0
u_01740,38,M,REFERRAL,2,788953,11,72,0
u_01741,34,M,REFERRAL,0,474,0,54,0
u_01742,20,F,WEB,5,821241,15,0,0
u_01743,27,M,WEB,3,465241,8,66,0
u_01744,38,M,REFERRAL,4,2452287,31,89,0
u_01745,28,M,REFERRAL,0,197519,3,29,0
u_01746,45,M,WEB,2,622824,8,89,0
u_01747,59,F,WEB,3,383944,8,52,0
u_01748,53,F,MOBILE,0,410294,4,68,0
u_01749,37,M,MOBILE,0,1312393,11,14,0
u_01750,27,M,APP,0,440223,7,49,0
u_01751,45,M,REFERRAL,1,638133,9,6,0
u_01752,37,F,MOBILE,0,711491,8,126,1
u_01753,43,M,APP,1,620369,10,0,0
u_01754,32,F,APP,0,3837,0,77,1
u_01755,38,F,MOBILE,0,78410,1,36,0
u_01756,37,M,WEB,0,1518459,19,73,0
u_01757,20,M,APP,1,638511,8,73,0
u_01758,24,M,WEB,0,252343,7,10,1
u_01759,34,F,MOBILE,0,1246020,16,26,1
u_01760,47,M,MOBILE,0,440307,9,28,0
u_01761,44,F,MOBILE,2,915853,9,122,1
u_01762,27,F,APP,4,2464557,22,96,0
u_01763,47,M,WEB,0,257508,3,3,0
u_01764,33,F,APP,1,121565,4,31,0
u_01765,37,M,WEB,0,92423,1,55,1
u_01766,49,M,WEB,5,2290441,23,19,0
u_01767,20,F,APP,0,242130,4,29,0
u_01768,64,M,MOBILE,3,680980,10,12,0
u_01769,55,F,MOBILE,4,1500009,18,0,0
u_01770,41,M,MOBILE,0,861939,9,62,0
u_01771,40,F,MOBILE,0,387702,3,89,0
u_01772,36,M,MOBILE,0,617081,9,170,1
u_01773,52,F,APP,4,1103741,12,26,0
u_01774,32,F,REFERRAL,1,220054,2,165,0
u_01775,20,F,APP,1,394974,7,0,0
u_01776,59,M,MOBILE,0,438757,6,92,0
u_01777,44,F,APP,0,4437,0,31,1
u_01778,20,M,WEB,0,605288,5,113,1
u_01779,43,M,REFERRAL,2,1566388,17,0,0
u_01780,43,M,MOBILE,0,641,0,33,0
u_01781,46,F,WEB,0,499660,5,33,0
u_01782,42,M,APP,0,67829,1,45,0
u_01783,49,M,REFERRAL,0,1188640,14,116,0
u_01784,33,F,AD,0,4104,0,112,1
u_01785,21,M,WEB,2,496594,8,0,0
u_01786,51,M,MOBILE,0,1173,0,17,0
u_01787,44,M,APP,0,733122,9,44,0
u_01788,36,M,AD,0,231044,2,37,0
u_01789,46,M,WEB,3,650972,17,0,0
u_01790,47,M,AD,0,118128,3,60,0
u_01791,43,F,AD,3,557035,10,17,0
u_01792,20,M,WEB,0,630,0,44,1
u_01793,42,M,AD,0,4673,0,43,0
u_01794,20,F,MOBILE,2,696279,11,27,0
u_01795,37,M,WEB,1,464413,10,3,1
u_01796,41,M,MOBILE,0,304194,4,3,0
u_01797,29,F,WEB,0,244242,5,17,0
u_01798,35,M,APP,0,221449,3,44,1
u_01799,51,M,MOBILE,1,371507,5,44,1
u_01800,37,F,WEB,2,639144,6,126,0
u_01801,54,M,AD,1,735236,11,105,0
u_01802,29,M,APP,0,369698,6,51,1
u_01803,41,M,REFERRAL,3,350558,10,0,0
u_01804,65,F,MOBILE,0,826160,14,31,0
u_01805,36,F,WEB,0,606157,8,53,0
u_01806,46,M,MOBILE,5,2288214,21,0,0
u_01807,47,M,MOBILE,2,1447837,18,0,0
u_01808,23,F,MOBILE,0,426973,6,22,0
u_01809,42,M,WEB,0,423613,6,1,0
u_01810,44,F,AD,1,300640,7,63,0
u_01811,29,M,APP,1,601471,10,20,0
u_01812,41,M,MOBILE,0,3537,0,19,1
u_01813,64,F,WEB,0,689988,7,11,1
u_01814,31,F,MOBILE,0,626461,6,19,0
u_01815,44,M,REFERRAL,1,497830,4,25,0
u_01816,34,M,MOBILE,1,1420194,12,44,0
u_01817,20,F,MOBILE,1,1346344,10,13,1
u_01818,52,F,WEB,1,994156,14,0,0
u_01819,37,M,WEB,3,2664383,22,0,0
u_01820,48,F,MOBILE,0,381982,4,34,0
u_01821,56,F,MOBILE,2,1475681,16,0,0
u_01822,39,M,MOBILE,2,723484,11,52,0
u_01823,45,M,REFERRAL,0,198756,3,48,0
u_01824,30,M,WEB,3,559851,9,3,0
u_01825,38,M,AD,1,838283,11,0,0
u_01826,60,F,WEB,1,472907,4,0,0
u_01827,54,M,WEB,1,522041,8,0,0
u_01828,33,M,WEB,2,789821,9,119,1
u_01829,24,F,WEB,0,150854,2,68,0
u_01830,36,M,REFERRAL,1,372176,9,49,0
u_01831,40,F,WEB,0,163568,2,0,0
u_01832,56,M,WEB,1,666458,12,52,0
u_01833,53,F,APP,3,422644,9,0,0
u_01834,58,M,AD,0,538194,10,55,1
u_01835,50,F,WEB,0,440739,14,42,0
u_01836,36,F,WEB,0,394872,5,71,0
u_01837,41,F,APP,0,1098,0,35,0
u_01838,39,F,MOBILE,0,151483,2,42,0
u_01839,35,M,WEB,1,211115,7,45,0
u_01840,32,F,WEB,1,280447,5,0,0
u_01841,40,F,MOBILE,0,393233,6,42,0
u_01842,21,F,MOBILE,0,357601,3,0,1
u_01843,51,F,APP,0,204512,3,12,0
u_01844,28,M,WEB,0,647502,6,34,0
u_01845,53,M,REFERRAL,2,1016933,18,31,0
u_01846,34,M,MOBILE,0,183545,3,38,0
u_01847,42,F,MOBILE,1,1701762,16,38,0
u_01848,26,F,WEB,0,311500,4,262,0
u_01849,35,M,WEB,0,1707,0,34,1
u_01850,44,M,MOBILE,1,570113,5,49,0
u_01851,36,M,REFERRAL,1,128831,5,17,0
u_01852,32,M,WEB,1,281301,5,20,0
u_01853,45,F,WEB,0,240285,3,11,1
u_01854,38,F,WEB,0,314333,4,10,1
u_01855,30,F,WEB,0,61861,1,0,0
u_01856,38,M,APP,2,941612,14,0,0
u_01857,37,M,APP,0,177448,7,114,1
u_01858,54,F,REFERRAL,3,1049976,12,0,0
u_01859,31,M,WEB,0,314555,4,0,0
u_01860,35,F,WEB,0,88194,1,5,0
u_01861,20,M,MOBILE,0,2734,0,24,1
u_01862,33,F,APP,1,1107510,15,102,0
u_01863,25,F,MOBILE,1,406754,5,129,1
u_01864,33,M,AD,2,479669,12,0,0
u_01865,35,F,APP,2,1434063,21,72,0
u_01866,38,F,WEB,0,496386,9,5,0
u_01867,36,F,APP,1,320844,5,46,1
u_01868,46,M,WEB,0,142991,2,0,0
u_01869,44,F,WEB,3,771177,11,125,1
u_01870,35,F,REFERRAL,2,613648,8,0,0
u_01871,40,M,APP,1,580010,7,56,0
u_01872,39,F,REFERRAL,0,580334,7,88,0
u_01873,24,F,MOBILE,4,1332415,19,0,0
u_01874,53,M,MOBILE,3,791488,7,2,0
u_01875,35,M,WEB,1,544323,9,59,0
u_01876,20,M,WEB,4,1886521,15,0,0
u_01877,38,F,MOBILE,0,275679,3,0,0
u_01878,38,M,AD,0,570875,8,35,1
u_01879,44,M,APP,4,1252456,16,2,0
u_01880,45,M,MOBILE,0,158194,4,29,0
u_01881,52,M,MOBILE,0,125097,2,123,1
u_01882,23,F,MOBILE,0,1221995,14,9,0
u_01883,20,F,MOBILE,2,314960,8,4,0
u_01884,40,M,MOBILE,4,1700829,21,7,0
u_01885,42,F,MOBILE,2,1196538,11,199,1
u_01886,25,F,MOBILE,1,116079,2,48,0
u_01887,32,M,REFERRAL,0,410771,5,24,0
u_01888,20,F,MOBILE,2,1029218,10,36,0
u_01889,20,M,WEB,1,721562,16,127,1
u_01890,36,F,APP,1,1125645,20,0,0
u_01891,60,M,APP,2,987046,14,0,0
u_01892,44,M,MOBILE,1,2068958,20,1,0
u_01893,26,F,APP,3,383132,10,29,0
u_01894,45,M,AD,0,507013,5,39,0
u_01895,37,F,WEB,0,330387,3,23,1
u_01896,50,F,AD,3,639933,9,0,0
u_01897,36,F,MOBILE,1,514523,6,47,1
u_01898,43,F,WEB,0,109640,4,14,0
u_01899,47,M,MOBILE,1,546020,7,33,1
u_01900,36,F,REFERRAL,0,295994,3,0,0
u_01901,29,M,APP,0,2791,0,103,0
u_01902,35,M,MOBILE,2,1430561,15,2,0
u_01903,51,F,REFERRAL,0,4655,0,23,0
u_01904,36,F,APP,1,313399,5,0,0
u_01905,27,F,APP,0,609595,5,62,1
u_01906,23,M,REFERRAL,0,854754,16,64,0
u_01907,32,F,APP,1,652331,9,0,0
u_01908,20,F,MOBILE,0,421272,4,151,1
u_01909,43,F,APP,1,200912,8,0,0
u_01910,31,F,REFERRAL,0,189193,2,15,1
u_01911,37,F,WEB,1,165388,5,24,0
u_01912,47,M,WEB,0,74522,1,3,0
u_01913,49,F,MOBILE,0,331443,5,29,0
u_01914,39,M,MOBILE,1,833879,21,205,0
u_01915,26,M,MOBILE,1,176499,8,41,0
u_01916,20,M,APP,0,4423,0,1,1
u_01917,44,F,APP,2,498918,5,48,0
u_01918,58,F,MOBILE,0,73953,1,30,0
u_01919,28,M,APP,3,288342,7,0,0
u_01920,21,F,REFERRAL,0,316462,4,0,0
u_01921,28,M,AD,3,817659,12,1,0
u_01922,32,F,MOBILE,1,578225,10,117,0
u_01923,58,F,AD,4,653724,10,8,0
u_01924,46,M,WEB,2,959681,9,0,0
u_01925,37,F,MOBILE,2,526929,11,0,0
u_01926,32,F,APP,0,2147,0,44,0
u_01927,45,M,WEB,0,228930,3,19,0
u_01928,30,M,APP,0,338996,7,6,0
u_01929,29,F,AD,2,718586,16,10,0
u_01930,39,M,MOBILE,4,1032896,13,0,0
u_01931,48,M,APP,5,934703,14,228,0
u_01932,29,F,AD,0,201939,2,91,1
u_01933,35,F,WEB,0,152253,5,20,0
u_01934,41,M,MOBILE,0,330453,4,101,0
u_01935,26,F,MOBILE,0,454856,9,114,1
u_01936,28,M,WEB,1,1262288,15,32,0
u_01937,25,M,WEB,0,322668,5,88,0
u_01938,57,M,REFERRAL,0,283101,6,21,0
u_01939,39,F,WEB,3,1416804,19,0,0
u_01940,40,M,WEB,0,858250,8,57,1
u_01941,36,M,MOBILE,3,1172315,13,0,0
u_01942,57,M,APP,0,387543,4,6,0
u_01943,28,F,MOBILE,1,594349,13,0,0
u_01944,20,F,AD,2,329653,3,65,0
u_01945,53,M,REFERRAL,0,392260,8,131,1
u_01946,27,M,APP,1,1454734,19,31,0
u_01947,39,F,APP,5,835377,19,0,0
u_01948,30,F,REFERRAL,4,951259,10,12,0
u_01949,53,M,APP,2,1941572,20,0,0
u_01950,46,F,MOBILE,0,525579,5,5,0
u_01951,55,M,MOBILE,5,1420789,17,158,0
u_01952,31,F,REFERRAL,0,807621,7,65,0
u_01953,38,F,REFERRAL,0,195672,4,17,0
u_01954,20,F,MOBILE,0,1088,0,3,0
u_01955,49,M,APP,1,213524,3,41,0
u_01956,41,F,MOBILE,2,657651,8,0,0
u_01957,36,M,MOBILE,1,304509,4,9,0
u_01958,46,M,AD,3,964600,13,2,0
u_01959,41,F,MOBILE,0,242753,4,32,1
u_01960,22,F,AD,1,819802,9,91,1
u_01961,36,F,MOBILE,0,418805,5,43,0
u_01962,46,M,MOBILE,1,305853,6,10,0
u_01963,22,M,REFERRAL,3,1783899,16,0,0
u_01964,20,M,AD,1,191101,5,85,1
u_01965,47,M,REFERRAL,0,1378132,9,23,0
u_01966,41,M,MOBILE,0,2962,0,55,0
u_01967,32,M,WEB,1,553325,4,54,1
u_01968,51,F,APP,0,772856,8,166,0
u_01969,29,F,WEB,0,496412,7,50,0
u_01970,30,M,REFERRAL,1,1328132,19,31,0
u_01971,30,F,WEB,0,507851,7,18,0
u_01972,31,F,MOBILE,0,148792,2,83,0
u_01973,38,F,AD,1,258077,4,25,0
u_01974,28,M,WEB,0,191731,3,7,0
u_01975,28,M,APP,0,281642,7,15,0
u_01976,42,F,MOBILE,0,81824,1,0,1
u_01977,29,M,AD,0,2870,0,165,1
u_01978,34,M,MOBILE,1,910351,9,0,0
u_01979,36,M,APP,0,151463,2,0,0
u_01980,43,M,APP,4,965291,14,68,0
u_01981,30,F,REFERRAL,0,462998,6,48,0
u_01982,20,M,WEB,3,898377,11,27,0
u_01983,39,F,MOBILE,4,1375441,14,135,0
u_01984,37,F,WEB,0,176885,4,74,0
u_01985,24,F,MOBILE,1,45000,3,10,0
u_01986,36,F,REFERRAL,2,968698,11,13,0
u_01987,48,M,REFERRAL,1,528671,10,0,0
u_01988,20,F,WEB,1,730919,10,0,1
u_01989,29,F,MOBILE,1,731764,9,30,0
u_01990,30,F,WEB,1,762646,9,104,1
u_01991,20,M,MOBILE,0,1170080,16,0,1
u_01992,37,M,MOBILE,4,413633,14,0,0
u_01993,45,M,WEB,1,435527,7,50,0
u_01994,43,F,WEB,1,405805,6,0,0
u_01995,45,M,WEB,1,830905,9,28,0
u_01996,43,F,WEB,2,953574,13,0,0
u_01997,28,M,MOBILE,0,282935,3,83,1
u_01998,45,M,WEB,0,554308,5,116,1
u_01999,40,M,WEB,1,989559,12,21,0
u_02000,32,M,REFERRAL,4,1132177,15,36,0
u_02001,42,F,APP,0,2947913,21,0,0
u_02002,30,F,REFERRAL,2,690350,10,111,0
u_02003,36,M,REFERRAL,0,261983,6,65,1
u_02004,31,F,APP,1,535393,5,36,0
u_02005,36,F,MOBILE,0,556547,7,30,0
u_02006,55,F,MOBILE,0,77403,2,27,0
u_02007,47,M,MOBILE,0,803160,7,68,1
u_02008,20,F,AD,0,2048690,28,0,0
u_02009,45,M,WEB,0,500162,7,127,1
u_02010,43,F,WEB,0,1151517,10,0,0
u_02011,31,F,APP,1,607223,16,17,0
u_02012,41,F,APP,0,789896,6,19,0
u_02013,40,M,WEB,0,289443,8,31,0
u_02014,43,M,WEB,2,452038,6,0,0
u_02015,41,M,WEB,0,577348,6,0,0
u_02016,48,M,WEB,0,124900,2,85,1
u_02017,39,M,MOBILE,0,317539,6,16,1
u_02018,20,F,AD,1,398416,6,0,0
u_02019,34,F,APP,0,297985,5,29,0
u_02020,27,M,MOBILE,1,646039,7,9,0
u_02021,21,F,WEB,1,274232,8,34,0
u_02022,35,F,MOBILE,0,133001,2,136,1
u_02023,37,F,MOBILE,0,435174,6,11,0
u_02024,44,F,APP,3,568754,8,6,1
u_02025,41,F,MOBILE,2,956625,13,26,0
u_02026,46,F,APP,0,945922,16,20,0
u_02027,34,F,WEB,0,4035,0,6,0
u_02028,36,F,AD,0,422602,7,20,0
u_02029,50,M,MOBILE,1,309484,11,1,0
u_02030,45,F,MOBILE,1,292333,3,35,0
u_02031,37,F,WEB,2,1205125,15,0,0
u_02032,36,M,APP,0,183696,2,27,0
u_02033,35,F,MOBILE,1,1299430,10,20,0
u_02034,34,M,MOBILE,0,326033,4,11,0
u_02035,20,M,MOBILE,2,933740,8,0,0
u_02036,32,F,MOBILE,0,250596,5,0,0
u_02037,24,F,WEB,0,376550,4,41,1
u_02038,46,M,APP,1,333352,5,61,1
u_02039,24,F,WEB,2,504747,7,0,0
u_02040,33,F,REFERRAL,1,489738,6,0,0
u_02041,44,M,APP,0,228424,5,37,0
u_02042,38,F,APP,5,1329837,14,10,0
u_02043,34,F,WEB,1,386527,6,0,0
u_02044,49,F,WEB,0,238051,4,35,1
u_02045,36,M,MOBILE,2,802140,8,0,0
u_02046,34,M,MOBILE,1,1267898,10,13,0
u_02047,29,F,WEB,1,174718,2,128,0
u_02048,53,M,APP,1,713618,8,7,0
u_02049,60,M,MOBILE,3,544731,6,0,0
u_02050,49,M,MOBILE,0,1236580,16,18,1
u_02051,24,F,WEB,3,405805,8,0,0
u_02052,35,M,REFERRAL,2,415272,4,0,0
u_02053,28,F,WEB,0,456603,4,46,0
u_02054,31,F,APP,0,836448,7,48,1
u_02055,25,M,MOBILE,1,232260,4,20,0
u_02056,39,M,WEB,0,287,0,0,0
u_02057,24,F,WEB,1,1834103,24,0,0
u_02058,34,F,MOBILE,1,589945,13,87,0
u_02059,28,M,AD,2,694259,8,19,0
u_02060,44,M,MOBILE,3,582009,7,0,0
u_02061,31,F,MOBILE,0,983859,10,158,1
u_02062,26,F,AD,0,4751,0,82,0
u_02063,45,F,AD,0,186194,3,54,0
u_02064,33,M,MOBILE,2,996215,17,0,0
u_02065,33,M,MOBILE,0,276102,3,38,1
u_02066,48,F,WEB,2,642979,10,5,0
u_02067,35,M,REFERRAL,3,782767,12,5,0
u_02068,22,F,MOBILE,0,334555,4,81,1
u_02069,26,M,AD,0,352068,3,8,0
u_02070,40,M,APP,5,686512,14,0,0
u_02071,35,F,WEB,2,1852768,15,0,0
u_02072,43,M,MOBILE,0,597339,7,7,0
u_02073,45,F,REFERRAL,1,2451359,17,41,0
u_02074,45,M,REFERRAL,0,162491,7,16,0
u_02075,54,M,AD,0,537133,8,45,0
u_02076,30,F,WEB,0,1102718,12,10,0
u_02077,45,F,MOBILE,0,656479,7,38,0
u_02078,33,M,AD,2,883232,18,15,0
u_02079,29,F,MOBILE,1,575671,9,21,0
u_02080,29,F,REFERRAL,1,984580,13,27,0
u_02081,20,F,AD,0,2308646,31,58,1
u_02082,43,M,WEB,1,91952,2,18,0
u_02083,45,M,APP,0,251897,5,6,1
u_02084,28,M,MOBILE,5,1718166,23,43,0
u_02085,28,F,WEB,1,740328,12,20,0
u_02086,38,F,WEB,2,324975,4,25,0
u_02087,40,M,MOBILE,3,951611,12,108,0
u_02088,41,M,MOBILE,0,68452,1,12,1
u_02089,37,F,MOBILE,0,296722,6,87,0
u_02090,47,M,WEB,1,1510805,15,0,0
u_02091,38,F,AD,0,459512,9,53,0
u_02092,45,F,REFERRAL,0,2338,0,44,0
u_02093,57,F,REFERRAL,0,543842,6,33,0
u_02094,37,F,WEB,0,770406,9,83,0
u_02095,38,F,APP,2,416940,5,2,0
u_02096,52,F,MOBILE,0,44352,1,8,1
u_02097,34,M,MOBILE,0,295997,4,66,1
u_02098,22,M,APP,0,656651,14,17,0
u_02099,31,M,WEB,0,319416,3,48,1
u_02100,36,M,WEB,2,1219850,14,4,0
u_02101,33,F,MOBILE,3,464680,9,0,0
u_02102,55,M,WEB,1,1521401,17,10,0
u_02103,36,F,WEB,1,531284,7,22,0
u_02104,29,M,WEB,2,849104,21,31,0
u_02105,29,M,WEB,0,291132,4,80,1
u_02106,36,F,APP,2,348111,8,66,0
u_02107,20,M,WEB,0,621228,9,8,0
u_02108,41,M,MOBILE,0,450591,6,98,1
u_02109,36,M,REFERRAL,3,1345342,17,7,0
u_02110,37,F,REFERRAL,1,337468,4,15,0
u_02111,23,M,MOBILE,0,211600,6,3,1
u_02112,36,M,APP,2,994861,11,2,0
u_02113,45,F,MOBILE,3,1406515,15,33,0
u_02114,28,M,MOBILE,1,210806,6,90,0
u_02115,40,F,APP,1,318210,6,89,0
u_02116,36,M,APP,1,469627,9,56,0
u_02117,46,M,MOBILE,0,469371,5,36,0
u_02118,34,F,MOBILE,1,466201,6,114,0
u_02119,46,M,WEB,2,482196,7,38,0
u_02120,48,M,APP,0,833,0,0,0
u_02121,40,F,MOBILE,0,4340,0,54,1
u_02122,28,M,MOBILE,0,370833,6,96,0
u_02123,53,F,APP,0,853155,9,47,0
u_02124,25,F,REFERRAL,2,361087,9,29,0
u_02125,65,M,MOBILE,0,120291,2,56,1
u_02126,38,F,WEB,1,851427,8,127,1
u_02127,20,F,WEB,0,292279,3,40,0
u_02128,26,M,WEB,0,551075,6,159,0
u_02129,41,M,APP,0,537274,9,82,0
u_02130,24,M,WEB,0,133704,2,19,1
u_02131,30,F,MOBILE,2,768465,13,14,0
u_02132,20,F,WEB,0,460066,4,15,0
u_02133,33,F,MOBILE,0,181402,8,35,0
u_02134,56,F,APP,0,99544,3,4,0
u_02135,34,M,REFERRAL,2,522457,11,0,0
u_02136,33,M,AD,3,878379,11,0,0
u_02137,42,F,WEB,0,903835,12,51,0
u_02138,36,M,WEB,3,1226844,12,0,0
u_02139,38,M,MOBILE,1,1546331,14,84,0
u_02140,24,M,WEB,0,190336,4,1,1
u_02141,20,M,MOBILE,2,640424,10,12,0
u_02142,38,M,WEB,0,742812,10,167,1
u_02143,31,F,WEB,2,1700586,16,6,0
u_02144,20,F,REFERRAL,1,626041,9,146,1
u_02145,30,M,WEB,0,873436,11,7,0
u_02146,64,M,WEB,0,765004,6,22,0
u_02147,20,M,MOBILE,1,473054,6,18,0
u_02148,39,F,APP,2,485262,8,26,1
u_02149,37,F,WEB,0,605162,8,38,0
u_02150,29,F,WEB,0,612613,7,249,1
u_02151,49,F,MOBILE,0,297523,4,25,0
u_02152,37,M,AD,2,329365,7,24,0
u_02153,38,M,WEB,0,60000,4,14,0
u_02154,50,F,WEB,0,2975,0,34,1
u_02155,38,F,APP,1,892302,15,65,0
u_02156,25,F,APP,0,577632,4,24,1
u_02157,35,M,MOBILE,0,333035,5,43,0
u_02158,22,M,WEB,2,1233717,14,48,0
u_02159,33,F,WEB,1,536136,6,58,0
u_02160,43,M,MOBILE,0,157635,2,23,0
u_02161,40,F,AD,1,366765,7,0,0
u_02162,39,M,WEB,2,543329,8,0,0
u_02163,37,F,AD,0,1762197,17,125,0
u_02164,48,F,REFERRAL,1,425247,4,13,0
u_02165,43,F,WEB,0,4072,0,15,0
u_02166,25,M,MOBILE,1,1483630,15,30,0
u_02167,61,M,WEB,1,829870,15,39,0
u_02168,32,F,WEB,0,235112,2,0,0
u_02169,28,F,WEB,3,511523,8,0,0
u_02170,27,M,AD,0,210722,4,4,0
u_02171,34,F,MOBILE,2,1020661,9,65,0
u_02172,28,F,AD,1,386212,6,65,1
u_02173,31,F,WEB,1,1438018,17,0,0
u_02174,35,M,AD,1,161318,2,37,0
u_02175,20,F,WEB,5,904418,17,0,0
u_02176,42,F,MOBILE,2,726819,9,128,1
u_02177,41,M,APP,2,1131154,12,0,0
u_02178,26,M,APP,2,1262922,15,47,0
u_02179,52,F,REFERRAL,1,106979,2,0,0
u_02180,28,F,MOBILE,1,758392,10,15,0
u_02181,20,M,APP,2,363485,6,14,0
u_02182,56,F,MOBILE,1,455027,6,16,0
u_02183,43,F,WEB,3,473043,6,47,0
u_02184,48,F,MOBILE,2,472486,9,0,0
u_02185,45,M,MOBILE,0,1688495,16,14,0
u_02186,40,F,WEB,0,415541,7,168,1
u_02187,43,M,APP,0,294283,3,155,1
u_02188,49,F,MOBILE,0,252203,3,109,1
u_02189,39,F,MOBILE,0,293499,4,32,0
u_02190,22,F,REFERRAL,1,787220,10,91,1
u_02191,44,F,WEB,2,418630,8,0,0
u_02192,49,F,APP,3,230189,8,0,0
u_02193,20,M,REFERRAL,1,583339,8,79,1
u_02194,36,F,WEB,0,510220,5,5,0
u_02195,35,F,MOBILE,2,871793,10,38,0
u_02196,49,F,APP,0,91553,1,13,0
u_02197,36,F,WEB,4,530475,19,8,0
u_02198,33,F,APP,0,1119246,14,35,0
u_02199,38,M,AD,2,293893,14,33,0
u_02200,29,F,APP,0,276166,4,171,0
u_02201,20,F,WEB,0,783,0,50,0
u_02202,26,M,APP,0,902042,10,0,0
u_02203,44,F,WEB,0,66934,1,0,1
u_02204,52,M,APP,2,459870,10,0,0
u_02205,30,F,WEB,0,816880,11,0,0
u_02206,32,M,MOBILE,0,840279,12,47,0
u_02207,35,F,WEB,5,496050,15,0,0
u_02208,20,F,MOBILE,1,1042392,13,80,0
u_02209,21,M,APP,1,420644,6,29,1
u_02210,32,M,WEB,0,242331,6,0,1
u_02211,27,M,REFERRAL,2,835265,13,15,0
u_02212,22,M,REFERRAL,0,960,0,22,0
u_02213,35,F,APP,1,293683,6,162,0
u_02214,49,F,APP,0,862796,21,24,0
u_02215,30,F,MOBILE,2,1269790,14,16,0
u_02216,41,F,MOBILE,1,746335,11,25,0
u_02217,41,M,MOBILE,5,717926,13,74,0
u_02218,40,M,MOBILE,1,335391,5,0,0
u_02219,34,M,MOBILE,0,524545,6,26,0
u_02220,49,M,MOBILE,1,1203057,11,26,0
u_02221,33,M,APP,2,589164,7,7,0
u_02222,36,F,MOBILE,0,38146,1,55,0
u_02223,54,M,WEB,0,93972,1,32,1
u_02224,31,F,WEB,0,662101,8,5,0
u_02225,30,M,APP,3,669588,8,23,0
u_02226,41,M,WEB,3,850941,17,34,0
u_02227,50,F,MOBILE,2,538565,6,0,0
u_02228,33,M,APP,0,62630,1,86,1
u_02229,52,F,MOBILE,1,810458,9,0,0
u_02230,36,M,APP,5,1177748,14,0,0
u_02231,25,F,WEB,2,1035542,9,0,0
u_02232,27,F,APP,0,243170,3,0,1
u_02233,32,F,APP,4,1382591,13,0,0
u_02234,20,F,REFERRAL,0,1280238,12,10,0
u_02235,42,M,MOBILE,5,908479,17,0,0
u_02236,50,F,MOBILE,0,764469,10,7,0
u_02237,33,M,AD,3,628086,9,36,0
u_02238,20,F,WEB,0,887486,7,22,1
u_02239,44,F,MOBILE,0,597697,7,28,0
u_02240,21,F,APP,0,334195,8,3,0
u_02241,65,F,WEB,1,131678,2,54,1
u_02242,35,M,REFERRAL,0,183330,2,0,0
u_02243,33,F,AD,1,341695,3,0,0
u_02244,24,M,WEB,0,459302,7,24,0
u_02245,38,F,REFERRAL,1,69114,1,0,0
u_02246,31,M,WEB,1,1135711,17,4,0
u_02247,22,M,AD,0,273576,7,0,0
u_02248,65,F,MOBILE,0,353180,4,30,1
u_02249,20,F,MOBILE,0,1810674,23,29,0
u_02250,56,F,APP,1,1274054,12,0,0
u_02251,22,F,APP,0,595049,8,98,1
u_02252,29,F,APP,0,693357,7,95,1
u_02253,31,F,MOBILE,3,629446,9,0,0
u_02254,32,F,WEB,2,1297189,18,115,0
u_02255,25,M,AD,1,1026183,12,20,0
u_02256,38,M,MOBILE,0,535162,4,0,0
u_02257,23,M,WEB,2,470230,6,35,0
u_02258,22,F,MOBILE,1,252046,6,4,0
u_02259,38,F,APP,0,348980,11,0,1
u_02260,44,M,MOBILE,4,1005617,12,32,0
u_02261,56,M,MOBILE,1,534113,8,45,0
u_02262,27,M,MOBILE,4,1473148,19,0,0
u_02263,38,F,AD,0,377147,4,71,0
u_02264,54,M,MOBILE,2,2322391,20,0,0
u_02265,50,F,APP,0,432991,5,24,0
u_02266,34,M,AD,0,705491,8,28,1
u_02267,21,F,REFERRAL,1,805818,15,10,0
u_02268,39,M,REFERRAL,0,192246,3,11,0
u_02269,25,M,WEB,0,60000,4,43,0
u_02270,45,M,APP,2,471776,9,47,0
u_02271,31,F,WEB,0,605110,7,5,0
u_02272,36,F,WEB,4,1008911,11,35,0
u_02273,42,M,APP,3,1538406,18,54,0
u_02274,31,M,WEB,0,77603,1,24,1
u_02275,48,M,APP,0,376910,6,32,0
u_02276,42,M,APP,0,420573,5,24,0
u_02277,53,M,REFERRAL,0,30062,2,7,0
u_02278,35,F,WEB,1,612426,8,49,0
u_02279,27,M,REFERRAL,1,120938,2,15,0
u_02280,38,F,APP,1,813713,8,2,0
u_02281,41,F,MOBILE,2,1231390,13,33,0
u_02282,65,M,WEB,0,696371,13,11,1
u_02283,49,M,MOBILE,3,912115,9,26,0
u_02284,59,M,MOBILE,3,1310652,13,0,0
u_02285,34,M,APP,0,134995,5,162,0
u_02286,44,F,MOBILE,0,4089,0,8,0
u_02287,33,F,WEB,2,2479951,28,0,0
u_02288,36,M,MOBILE,2,2244934,17,50,0
u_02289,40,F,WEB,3,450225,10,0,0
u_02290,39,M,APP,4,442698,16,0,0
u_02291,20,F,MOBILE,1,724371,15,9,0
u_02292,32,M,APP,0,436754,4,0,0
u_02293,49,M,AD,2,1018467,15,6,0
u_02294,44,F,REFERRAL,0,4511,0,76,1
u_02295,31,M,AD,0,525555,8,0,1
u_02296,43,F,APP,4,2477864,24,77,0
u_02297,47,F,WEB,3,870538,9,116,0
u_02298,20,F,MOBILE,1,979637,13,30,0
u_02299,39,M,REFERRAL,0,157839,2,0,0
u_02300,35,F,APP,0,466290,5,93,0
u_02301,39,F,MOBILE,3,1185861,16,79,0
u_02302,34,M,WEB,1,345772,4,7,0
u_02303,23,M,REFERRAL,0,272710,3,34,1
u_02304,24,M,WEB,1,788866,10,32,1
u_02305,42,M,WEB,0,739555,7,62,0
u_02306,28,F,REFERRAL,0,271150,5,98,0
u_02307,32,M,MOBILE,1,1240587,12,36,0
u_02308,60,M,WEB,0,1416964,13,41,0
u_02309,24,M,WEB,1,1147256,8,0,0
u_02310,20,F,MOBILE,0,193597,3,12,0
u_02311,29,F,MOBILE,0,2535,0,10,1
u_02312,36,F,REFERRAL,0,249387,5,0,0
u_02313,39,F,WEB,2,1404308,16,24,0
u_02314,25,M,MOBILE,3,884722,9,48,0
u_02315,36,M,MOBILE,0,58128,1,10,1
u_02316,30,F,AD,0,76831,2,101,1
u_02317,44,F,MOBILE,0,1080531,11,1,0
u_02318,45,F,MOBILE,2,680458,13,15,0
u_02319,38,F,APP,3,1392822,16,0,0
u_02320,37,M,APP,1,431872,6,27,0
u_02321,41,F,MOBILE,3,1044309,18,0,0
u_02322,35,M,AD,0,4181,0,197,1
u_02323,42,M,MOBILE,0,61288,1,18,0
u_02324,43,F,APP,1,127224,8,180,1
u_02325,24,M,WEB,2,638838,6,8,0
u_02326,45,F,REFERRAL,3,631054,13,47,0
u_02327,30,F,MOBILE,4,387197,12,128,0
u_02328,20,M,APP,1,203893,8,24,1
u_02329,21,F,REFERRAL,5,820781,13,46,0
u_02330,53,M,REFERRAL,3,708963,12,0,0
u_02331,29,F,WEB,3,1021003,12,66,0
u_02332,30,F,MOBILE,1,198384,6,0,0
u_02333,34,M,APP,3,708080,16,34,0
u_02334,36,M,AD,2,564213,7,13,0
u_02335,48,M,AD,1,839687,10,82,0
u_02336,34,F,APP,2,483802,6,11,0
u_02337,37,F,APP,1,1050144,10,45,0
u_02338,23,M,APP,2,808231,7,7,0
u_02339,50,M,REFERRAL,1,1001056,14,77,1
u_02340,41,F,APP,0,329565,4,41,1
u_02341,37,M,WEB,0,114192,4,33,0
u_02342,23,F,WEB,0,219557,3,14,0
u_02343,32,M,MOBILE,2,1139767,9,6,0
u_02344,48,F,APP,1,317366,6,8,1
u_02345,29,F,WEB,0,1760,0,45,0
u_02346,45,F,APP,4,920549,13,44,0
u_02347,53,M,MOBILE,0,651307,6,12,0
u_02348,42,F,MOBILE,2,937159,11,41,0
u_02349,25,M,MOBILE,4,551601,10,0,0
u_02350,46,M,REFERRAL,0,934799,8,10,0
u_02351,20,F,WEB,0,384134,9,29,1
u_02352,32,M,MOBILE,0,451213,5,43,0
u_02353,29,F,MOBILE,0,1916012,16,24,0
u_02354,24,M,MOBILE,4,616459,15,0,0
u_02355,39,F,APP,0,132297,2,35,0
u_02356,26,M,MOBILE,1,458713,9,2,0
u_02357,55,M,MOBILE,0,793336,7,0,1
u_02358,28,M,WEB,0,44443,1,12,0
u_02359,24,F,APP,0,118653,1,0,0
u_02360,32,F,APP,0,297737,3,164,1
u_02361,49,F,MOBILE,0,84347,1,72,1
u_02362,24,M,MOBILE,1,821249,9,10,1
u_02363,20,F,APP,0,618401,5,25,1
u_02364,28,F,WEB,0,248875,7,39,0
u_02365,42,M,AD,2,155552,4,181,1
u_02366,41,F,WEB,0,617026,6,184,1
u_02367,33,M,MOBILE,1,33175,1,0,0
u_02368,45,F,AD,3,1164229,15,51,0
u_02369,27,M,WEB,0,60000,4,3,0
u_02370,25,F,WEB,0,1635,0,62,0
u_02371,38,M,AD,4,822201,11,34,0
u_02372,34,M,MOBILE,1,92091,4,0,1
u_02373,29,M,MOBILE,0,146674,3,60,0
u_02374,59,F,WEB,0,2118103,16,48,0
u_02375,38,M,MOBILE,2,571560,8,91,0
u_02376,39,M,WEB,3,872810,16,13,1
u_02377,33,M,MOBILE,0,215103,5,2,1
u_02378,43,M,APP,3,1061016,14,26,0
u_02379,48,F,MOBILE,0,250995,5,32,1
u_02380,40,M,APP,3,3166150,26,0,0
u_02381,40,M,MOBILE,0,656112,6,14,1
u_02382,22,F,WEB,0,508018,6,0,1
u_02383,29,F,MOBILE,0,342998,4,60,0
u_02384,42,M,MOBILE,0,233048,11,13,1
u_02385,38,M,MOBILE,2,579179,10,123,0
u_02386,36,F,WEB,1,402830,5,13,0
u_02387,41,F,APP,0,256958,5,11,0
u_02388,38,M,MOBILE,1,205463,3,0,0
u_02389,33,M,REFERRAL,0,221423,3,65,0
u_02390,38,F,MOBILE,0,1426579,17,30,1
u_02391,32,M,WEB,0,760343,11,77,1
u_02392,35,M,WEB,0,452628,5,3,1
u_02393,57,M,MOBILE,0,1006820,14,18,0
u_02394,26,M,APP,4,859304,12,0,0
u_02395,23,F,APP,0,156288,2,6,0
u_02396,52,M,MOBILE,2,841332,8,0,0
u_02397,20,F,WEB,0,81048,1,1,0
u_02398,29,F,MOBILE,3,860286,11,0,0
u_02399,45,F,MOBILE,0,215425,2,16,1
u_02400,45,M,MOBILE,0,503042,8,15,0
u_02401,32,F,APP,1,435159,8,0,0
u_02402,62,F,WEB,1,692996,15,32,0
u_02403,40,F,WEB,1,683922,7,14,0
u_02404,43,M,REFERRAL,1,1108991,9,3,0
u_02405,38,M,APP,0,120739,1,0,0
u_02406,56,M,APP,5,1627453,21,0,0
u_02407,22,M,WEB,3,947594,11,0,0
u_02408,44,M,WEB,0,567692,11,44,0
u_02409,35,M,MOBILE,0,819845,13,73,1
u_02410,28,F,WEB,1,478638,13,51,0
u_02411,41,M,APP,1,338625,7,0,0
u_02412,44,M,WEB,2,621238,11,0,0
u_02413,26,M,MOBILE,0,731924,6,3,0
u_02414,39,M,MOBILE,2,1380045,10,39,0
u_02415,52,F,REFERRAL,0,246705,3,35,0
u_02416,27,M,APP,0,136335,2,102,0
u_02417,40,F,WEB,0,214311,3,28,0
u_02418,30,M,MOBILE,0,211530,3,10,1
u_02419,43,M,MOBILE,1,160725,2,43,0
u_02420,49,M,WEB,0,1121601,9,98,0
u_02421,33,M,REFERRAL,0,129821,3,48,0
u_02422,44,F,WEB,0,226020,2,18,1
u_02423,40,M,APP,2,382252,6,61,1
u_02424,43,M,AD,2,2805462,18,47,0
u_02425,20,M,WEB,1,194953,5,9,1
u_02426,40,F,WEB,0,1570127,16,194,1
u_02427,42,M,MOBILE,3,255000,17,15,0
u_02428,39,F,MOBILE,1,169748,6,1,0
u_02429,34,F,AD,0,531278,8,63,0
u_02430,22,M,AD,3,1172713,14,44,0
u_02431,25,M,APP,1,381946,7,32,0
u_02432,21,M,MOBILE,0,496912,8,47,0
u_02433,34,F,WEB,0,825951,10,73,0
u_02434,42,M,MOBILE,1,842005,8,51,0
u_02435,23,M,WEB,1,42389,1,31,1
u_02436,45,F,MOBILE,2,556175,9,0,0
u_02437,64,F,WEB,1,709451,10,33,0
u_02438,50,M,MOBILE,1,896295,15,0,0
u_02439,41,M,APP,5,1473583,20,0,0
u_02440,52,F,WEB,1,573503,6,0,0
u_02441,59,F,WEB,0,529691,6,33,0
u_02442,43,M,AD,0,1124704,14,8,0
u_02443,35,F,APP,0,1079430,9,0,0
u_02444,33,F,WEB,0,570966,12,0,0
u_02445,25,M,AD,0,366140,4,106,1
u_02446,42,M,APP,0,333700,4,85,0
u_02447,36,M,REFERRAL,1,515292,7,24,0
u_02448,28,F,MOBILE,0,404652,4,24,1
u_02449,29,M,MOBILE,0,1020384,10,7,0
u_02450,40,F,APP,0,1169556,13,40,0
u_02451,29,F,WEB,5,2015340,30,0,0
u_02452,42,F,WEB,0,469538,5,0,0
u_02453,50,M,MOBILE,2,1605540,11,17,0
u_02454,27,F,REFERRAL,0,149141,2,68,1
u_02455,27,M,WEB,0,83908,4,0,0
u_02456,41,M,MOBILE,2,589714,8,0,0
u_02457,47,M,REFERRAL,0,1378,0,5,1
u_02458,34,M,AD,5,1547161,21,0,0
u_02459,23,M,REFERRAL,3,1471028,21,101,0
u_02460,44,F,WEB,0,4902,0,51,1
u_02461,21,M,MOBILE,5,977433,14,0,0
u_02462,51,F,APP,0,4038,0,80,1
u_02463,57,M,AD,2,730827,7,0,0
u_02464,57,M,REFERRAL,0,407714,4,0,0
u_02465,28,F,AD,1,371333,6,0,0
u_02466,41,F,WEB,0,1193854,14,100,0
u_02467,41,M,WEB,0,219863,3,49,0
u_02468,29,F,MOBILE,2,253235,3,16,0
u_02469,25,F,APP,1,313478,4,20,0
u_02470,29,F,WEB,1,827330,9,26,0
u_02471,25,M,MOBILE,0,38452,2,36,1
u_02472,52,M,WEB,0,265634,5,5,0
u_02473,24,F,AD,4,450258,11,0,0
u_02474,21,M,MOBILE,0,459350,9,12,0
u_02475,52,F,WEB,0,166063,5,33,0
u_02476,32,M,REFERRAL,1,374823,7,23,0
u_02477,37,F,MOBILE,1,808463,17,105,0
u_02478,20,M,MOBILE,5,2754676,22,2,0
u_02479,44,F,APP,0,4163,0,63,1
u_02480,31,M,MOBILE,3,711179,16,3,0
u_02481,29,F,AD,1,719998,8,31,0
u_02482,35,F,APP,3,1437371,19,1,0
u_02483,37,F,AD,0,428955,5,39,1
u_02484,58,F,AD,2,761584,8,0,0
u_02485,30,M,APP,3,594673,14,0,0
u_02486,41,F,MOBILE,1,722927,11,17,0
u_02487,53,M,AD,2,195517,6,0,0
u_02488,30,F,REFERRAL,0,757109,7,24,0
u_02489,29,M,MOBILE,1,923700,9,83,1
u_02490,42,M,WEB,2,644059,16,21,0
u_02491,38,M,WEB,1,619806,9,26,0
u_02492,23,F,WEB,0,350112,3,0,0
u_02493,42,F,MOBILE,3,546457,11,21,0
u_02494,23,F,APP,5,773978,17,0,0
u_02495,33,M,MOBILE,0,83676,1,0,0
u_02496,26,M,MOBILE,0,337797,7,94,0
u_02497,30,F,WEB,4,1433817,22,0,0
u_02498,47,M,APP,1,579692,9,8,0
u_02499,33,M,REFERRAL,0,1821,0,34,1
u_02500,42,F,WEB,4,1189983,19,18,0
u_02501,40,F,REFERRAL,1,828390,14,46,0
u_02502,37,F,WEB,0,238558,7,25,1
u_02503,38,F,APP,3,636484,15,0,0
u_02504,20,F,WEB,1,898042,13,39,0
u_02505,57,F,MOBILE,4,1393564,19,0,0
u_02506,35,M,MOBILE,0,171571,3,90,1
u_02507,20,F,MOBILE,1,356171,7,107,0
u_02508,41,F,REFERRAL,0,696670,8,21,0
u_02509,31,F,REFERRAL,0,53769,1,111,0
u_02510,44,F,WEB,0,465868,6,5,0
u_02511,39,F,WEB,0,30000,2,36,0
u_02512,31,M,MOBILE,2,329246,9,19,0
u_02513,29,F,MOBILE,3,656853,9,50,0
u_02514,21,F,REFERRAL,1,1771154,18,33,0
u_02515,32,F,WEB,2,440819,5,0,0
u_02516,46,M,WEB,3,873041,9,19,0
u_02517,20,M,APP,4,1193074,14,32,0
u_02518,22,F,REFERRAL,0,90798,1,193,1
u_02519,39,M,APP,0,307035,3,30,1
u_02520,36,F,APP,1,705081,13,51,0
u_02521,27,M,APP,1,977572,28,0,0
u_02522,48,M,WEB,0,634148,5,8,0
u_02523,30,F,WEB,4,1125241,15,0,0
u_02524,22,F,REFERRAL,1,202794,4,0,0
u_02525,48,M,WEB,0,335080,8,33,0
u_02526,30,F,MOBILE,1,187164,4,111,0
u_02527,23,M,MOBILE,0,1381,0,33,1
u_02528,38,M,APP,0,89457,1,2,0
u_02529,51,M,MOBILE,1,201659,3,23,0
u_02530,36,F,WEB,1,689904,5,0,1
u_02531,44,M,WEB,3,701430,9,56,0
u_02532,40,F,MOBILE,0,261999,3,0,0
u_02533,21,M,WEB,3,1136095,13,39,0
u_02534,35,F,WEB,0,379512,5,214,1
u_02535,41,F,WEB,2,685183,12,23,0
u_02536,27,F,WEB,0,1968655,21,69,0
u_02537,31,M,MOBILE,0,493786,4,12,0
u_02538,47,M,REFERRAL,2,1072704,15,26,0
u_02539,44,F,WEB,3,1116551,9,0,0
u_02540,53,M,MOBILE,1,546888,10,0,0
u_02541,31,F,WEB,0,274941,4,76,0
u_02542,35,F,REFERRAL,2,1149839,10,0,0
u_02543,43,M,WEB,3,473415,8,38,0
u_02544,34,F,MOBILE,0,190903,3,59,0
u_02545,20,M,WEB,0,1976272,20,32,0
u_02546,34,F,REFERRAL,0,124999,2,6,0
u_02547,20,M,WEB,3,707343,10,0,0
u_02548,33,M,REFERRAL,2,572022,11,6,0
u_02549,40,M,WEB,1,510471,6,92,0
u_02550,38,F,WEB,0,59961,1,193,1
u_02551,36,M,MOBILE,1,1075099,9,84,0
u_02552,40,F,WEB,1,489856,7,22,1
u_02553,34,F,REFERRAL,0,364051,5,28,0
u_02554,44,F,MOBILE,0,1410,0,79,0
u_02555,27,F,APP,0,166188,2,54,0
u_02556,34,F,REFERRAL,0,689084,9,0,0
u_02557,36,M,WEB,0,373894,4,9,0
u_02558,42,F,MOBILE,1,992133,10,152,0
u_02559,20,F,WEB,0,594965,8,65,0
u_02560,65,F,MOBILE,0,570397,12,0,0
u_02561,35,F,APP,1,321367,6,23,0
u_02562,23,M,WEB,0,1667,0,34,1
u_02563,39,F,APP,0,363474,5,13,0
u_02564,26,M,REFERRAL,1,716897,9,20,1
u_02565,27,M,REFERRAL,0,72651,1,16,0
u_02566,45,F,AD,3,680464,12,181,0
u_02567,35,F,AD,0,427083,7,59,0
u_02568,61,F,MOBILE,0,300662,4,32,0
u_02569,33,M,REFERRAL,2,135690,7,29,0
u_02570,49,M,WEB,0,218330,3,31,1
u_02571,34,F,APP,0,423777,5,173,0
u_02572,32,F,APP,0,869545,10,88,1
u_02573,36,F,WEB,0,4059,0,36,0
u_02574,48,M,WEB,1,256832,3,46,1
u_02575,50,M,APP,0,314378,5,0,0
u_02576,26,F,MOBILE,4,2009727,24,0,0
u_02577,40,M,REFERRAL,0,222809,4,20,1
u_02578,32,M,WEB,1,120566,7,124,0
u_02579,23,F,APP,0,86780,1,29,1
u_02580,40,M,APP,0,1319088,22,98,0
u_02581,52,F,APP,0,287263,3,13,0
u_02582,47,F,REFERRAL,3,781142,11,28,0
u_02583,30,F,AD,3,827341,12,54,0
u_02584,49,F,WEB,1,240533,5,0,0
u_02585,40,F,MOBILE,0,359980,7,71,0
u_02586,37,M,MOBILE,1,412520,7,163,0
u_02587,45,M,WEB,2,515196,7,27,0
u_02588,23,F,MOBILE,0,1203449,10,7,1
u_02589,42,M,WEB,2,340477,7,43,0
u_02590,43,M,AD,1,197515,3,3,0
u_02591,25,F,WEB,5,1298434,14,0,0
u_02592,25,F,AD,5,1553587,20,0,0
u_02593,45,M,MOBILE,0,323932,8,8,0
u_02594,29,M,WEB,2,509646,6,42,0
u_02595,46,F,APP,0,285866,3,136,1
u_02596,20,M,MOBILE,0,148982,5,113,0
u_02597,35,F,APP,0,712218,6,27,0
u_02598,36,M,APP,0,190804,3,98,1
u_02599,30,F,WEB,0,205729,3,125,0
u_02600,48,F,APP,1,512000,12,0,0
u_02601,47,F,APP,1,106128,6,50,0
u_02602,35,M,AD,0,563736,7,55,0
u_02603,45,M,WEB,1,374955,5,32,0
u_02604,42,M,WEB,0,812502,10,29,1
u_02605,44,F,MOBILE,1,1332066,14,75,0
u_02606,49,F,WEB,1,899042,9,22,1
u_02607,43,F,MOBILE,0,130824,2,60,0
u_02608,20,F,APP,1,439031,6,44,0
u_02609,23,M,MOBILE,0,66958,1,33,1
u_02610,49,F,WEB,0,456561,5,111,1
u_02611,40,M,REFERRAL,1,498953,5,18,1
u_02612,35,M,AD,0,197891,2,0,0
u_02613,20,F,MOBILE,2,354142,12,9,0
u_02614,52,M,MOBILE,0,241982,4,81,0
u_02615,36,M,REFERRAL,1,378638,5,88,0
u_02616,35,F,WEB,0,781465,11,6,1
u_02617,35,M,REFERRAL,0,300,0,176,1
u_02618,23,F,WEB,2,443363,17,88,0
u_02619,63,M,WEB,0,1481,0,92,0
u_02620,27,F,APP,0,521496,5,2,1
u_02621,47,F,WEB,1,449802,7,78,0
u_02622,32,F,WEB,0,60722,3,0,1
u_02623,39,F,MOBILE,1,1015423,11,252,1
u_02624,34,M,WEB,1,755679,9,75,0
u_02625,56,F,WEB,2,338970,8,39,0
u_02626,34,F,APP,1,772855,11,2,0
u_02627,37,F,AD,0,1619364,14,31,0
u_02628,42,M,WEB,0,600444,6,131,0
u_02629,22,M,WEB,0,858617,11,95,1
u_02630,22,F,MOBILE,0,298971,6,57,0
u_02631,28,M,APP,4,1682065,19,67,0
u_02632,37,F,WEB,3,1775169,22,18,0
u_02633,39,M,WEB,0,509322,8,10,0
u_02634,30,F,APP,0,2830438,29,14,0
u_02635,26,F,REFERRAL,1,559587,11,24,0
u_02636,34,F,REFERRAL,0,540145,10,87,0
u_02637,45,M,WEB,1,1046938,13,48,0
u_02638,24,M,REFERRAL,2,962806,11,14,0
u_02639,34,F,MOBILE,5,1183222,24,0,0
u_02640,25,F,AD,0,823654,11,31,0
u_02641,20,M,APP,0,921781,9,33,0
u_02642,28,M,MOBILE,2,1348674,11,31,0
u_02643,25,F,MOBILE,1,460292,8,0,0
u_02644,37,M,MOBILE,2,769629,9,0,0
u_02645,34,M,AD,0,453114,15,9,0
u_02646,42,F,WEB,1,610428,7,74,0
u_02647,40,M,MOBILE,4,962622,12,0,0
u_02648,35,M,WEB,0,101182,1,23,0
u_02649,24,F,APP,0,557162,5,53,0
u_02650,36,M,WEB,0,194996,9,50,0
u_02651,44,F,APP,3,628386,12,0,0
u_02652,54,F,MOBILE,0,210000,14,23,1
u_02653,41,F,WEB,2,1322952,14,0,0
u_02654,27,M,APP,2,502057,6,19,1
u_02655,46,F,REFERRAL,0,261150,3,50,0
u_02656,54,F,WEB,2,772406,9,68,0
u_02657,39,M,WEB,3,349250,9,109,0
u_02658,20,F,MOBILE,0,435948,3,13,1
u_02659,32,F,APP,0,785405,11,146,0
u_02660,20,M,REFERRAL,2,775469,8,0,0
u_02661,42,M,WEB,0,368392,5,38,0
u_02662,38,F,MOBILE,2,418743,10,3,0
u_02663,37,F,APP,0,269710,3,3,1
u_02664,55,F,WEB,1,794665,7,35,0
u_02665,30,M,MOBILE,2,195918,3,0,0
u_02666,23,F,AD,1,444163,7,0,0
u_02667,33,M,AD,3,503955,10,4,0
u_02668,42,F,APP,4,1754776,20,13,0
u_02669,26,F,MOBILE,1,365617,5,85,1
u_02670,30,M,AD,1,302872,5,266,1
u_02671,29,M,WEB,1,196448,6,0,0
u_02672,52,M,MOBILE,1,563005,7,36,0
u_02673,49,M,MOBILE,0,276496,4,31,1
u_02674,29,F,MOBILE,0,587897,7,35,0
u_02675,51,F,WEB,1,244176,3,53,0
u_02676,38,F,WEB,1,2075530,19,5,0
u_02677,38,M,WEB,1,408808,5,34,0
u_02678,57,M,MOBILE,0,523302,8,0,0
u_02679,23,F,MOBILE,4,1863945,26,0,0
u_02680,43,F,APP,0,768259,10,102,1
u_02681,43,F,MOBILE,0,1016934,10,104,0
u_02682,40,M,MOBILE,3,1718040,15,0,0
u_02683,35,F,MOBILE,1,251562,3,0,0
u_02684,34,M,WEB,1,259083,6,60,0
u_02685,49,F,WEB,3,828115,11,26,0
u_02686,41,F,MOBILE,0,160199,4,41,0
u_02687,41,F,WEB,1,396149,11,26,0
u_02688,33,F,WEB,1,277927,3,15,0
u_02689,34,F,APP,2,486091,14,4,0
u_02690,53,F,REFERRAL,1,487627,5,0,0
u_02691,31,F,WEB,2,520645,8,0,0
u_02692,34,M,MOBILE,3,486455,6,0,0
u_02693,25,F,APP,1,1277215,13,0,0
u_02694,42,F,REFERRAL,0,413321,4,0,0
u_02695,41,M,WEB,1,735242,10,0,0
u_02696,47,M,APP,1,427043,4,18,0
u_02697,38,M,APP,0,351264,5,19,0
u_02698,32,F,WEB,2,996952,9,16,0
u_02699,27,F,WEB,1,765510,7,53,0
u_02700,37,M,APP,2,984065,13,83,0
u_02701,34,F,AD,0,532463,7,22,0
u_02702,29,M,APP,5,1125915,17,0,0
u_02703,25,M,APP,0,500951,6,42,0
u_02704,37,F,REFERRAL,1,625779,7,47,0
u_02705,52,F,WEB,0,609020,10,40,0
u_02706,30,M,REFERRAL,0,552244,8,82,1
u_02707,24,M,APP,2,780643,10,0,0
u_02708,34,M,APP,0,184512,3,45,1
u_02709,23,M,WEB,2,448053,11,0,0
u_02710,46,F,MOBILE,0,349469,4,24,0
u_02711,31,F,MOBILE,1,1261558,16,11,0
u_02712,31,M,REFERRAL,1,808166,11,7,0
u_02713,47,M,MOBILE,0,1745362,18,0,0
u_02714,41,M,WEB,1,502861,6,33,0
u_02715,22,F,WEB,0,342911,4,22,0
u_02716,25,F,AD,3,725850,12,94,0
u_02717,55,M,MOBILE,0,747527,11,39,0
u_02718,49,M,REFERRAL,1,573564,5,25,0
u_02719,30,M,MOBILE,1,1057208,10,8,0
u_02720,20,F,APP,0,710490,7,17,1
u_02721,54,F,APP,2,2042671,14,54,0
u_02722,35,M,MOBILE,0,4254,0,1,1
u_02723,22,M,AD,2,1015652,11,0,0
u_02724,23,M,APP,3,1611172,16,0,0
u_02725,35,M,APP,1,378848,6,0,0
u_02726,39,M,WEB,2,418343,9,13,0
u_02727,27,M,WEB,0,610694,9,286,1
u_02728,47,M,WEB,0,174953,3,24,1
u_02729,28,F,AD,2,516255,9,0,0
u_02730,20,M,MOBILE,0,329264,4,121,0
u_02731,26,M,APP,1,1068260,13,8,1
u_02732,30,F,WEB,4,1136917,16,0,0
u_02733,36,F,MOBILE,4,1997354,26,0,0
u_02734,65,F,APP,0,367531,20,86,0
u_02735,51,M,WEB,0,4318,0,61,0
u_02736,47,F,MOBILE,0,48630,1,77,1
u_02737,55,M,MOBILE,0,218897,4,67,0
u_02738,46,M,REFERRAL,0,820,0,31,0
u_02739,48,F,MOBILE,2,813834,6,0,0
u_02740,44,F,APP,2,758671,7,0,0
u_02741,38,F,WEB,0,604869,6,28,0
u_02742,23,M,WEB,1,382401,5,18,1
u_02743,47,F,REFERRAL,3,594469,10,0,0
u_02744,35,M,APP,0,361275,6,68,0
u_02745,20,F,MOBILE,0,3719,0,60,0
u_02746,20,F,MOBILE,0,730541,8,13,0
u_02747,41,F,WEB,2,801844,8,72,0
u_02748,38,F,MOBILE,0,415666,4,0,1
u_02749,20,F,AD,1,691121,10,78,0
u_02750,51,F,REFERRAL,0,437074,5,105,0
u_02751,49,M,REFERRAL,0,57889,2,72,1
u_02752,38,M,MOBILE,0,345474,4,7,0
u_02753,36,M,MOBILE,0,774346,9,0,0
u_02754,43,F,MOBILE,1,167141,4,0,0
u_02755,21,M,MOBILE,3,1285302,18,0,0
u_02756,27,M,WEB,0,1066496,10,0,0
u_02757,34,F,AD,0,303993,3,8,0
u_02758,26,F,MOBILE,1,360249,8,16,0
u_02759,34,M,MOBILE,2,471974,7,120,0
u_02760,23,M,APP,3,833099,9,0,0
u_02761,36,M,APP,1,729087,7,49,0
u_02762,35,F,APP,0,152,0,105,0
u_02763,49,M,APP,1,515359,6,12,0
u_02764,52,F,WEB,0,304520,4,127,1
u_02765,30,F,MOBILE,0,204837,2,8,1
u_02766,37,M,REFERRAL,1,562492,12,18,1
u_02767,44,M,WEB,0,671163,8,69,0
u_02768,38,M,MOBILE,3,1202370,13,7,0
u_02769,30,M,APP,0,459757,5,31,0
u_02770,23,F,APP,0,1721272,12,16,0
u_02771,55,M,APP,3,1014226,20,2,0
u_02772,23,F,MOBILE,0,1171326,17,18,0
u_02773,41,F,MOBILE,1,490401,6,39,0
u_02774,39,F,APP,1,264739,4,33,0
u_02775,40,F,WEB,2,969197,11,25,0
u_02776,31,M,WEB,0,97475,1,89,0
u_02777,36,F,APP,0,393391,5,25,1
u_02778,42,F,AD,1,418830,4,30,0
u_02779,23,M,AD,0,51533,2,45,1
u_02780,33,M,APP,0,715564,11,41,0
u_02781,23,M,MOBILE,0,202301,2,90,0
u_02782,32,M,MOBILE,0,180255,3,41,1
u_02783,47,M,AD,3,820201,9,63,0
u_02784,37,F,MOBILE,1,339000,10,6,0
u_02785,54,F,MOBILE,4,906009,12,23,0
u_02786,40,M,MOBILE,1,279292,4,0,0
u_02787,30,F,APP,4,338087,13,24,0
u_02788,49,F,MOBILE,0,399658,6,22,0
u_02789,20,M,WEB,1,190511,7,0,0
u_02790,51,F,MOBILE,4,1782126,27,0,0
u_02791,27,F,MOBILE,0,226954,4,57,0
u_02792,32,M,WEB,1,597305,9,91,1
u_02793,56,F,WEB,2,999667,15,56,0
u_02794,38,M,APP,3,713750,7,100,0
u_02795,35,F,MOBILE,0,578524,6,13,0
u_02796,47,M,REFERRAL,0,260528,3,24,1
u_02797,40,F,WEB,1,598730,16,200,1
u_02798,35,M,APP,2,368928,10,0,0
u_02799,37,M,APP,1,149959,2,69,0
u_02800,43,M,REFERRAL,1,949989,10,0,0
u_02801,20,F,WEB,0,814417,13,105,0
u_02802,65,F,AD,3,715075,16,0,0
u_02803,48,F,REFERRAL,0,741638,12,25,0
u_02804,42,M,AD,0,417639,4,73,1
u_02805,20,M,MOBILE,1,498552,7,0,0
u_02806,35,M,APP,1,236701,3,38,0
u_02807,27,F,REFERRAL,2,2826486,22,0,0
u_02808,33,M,WEB,1,396068,6,44,0
u_02809,36,M,MOBILE,0,329331,6,0,0
u_02810,43,M,MOBILE,0,317482,4,59,0
u_02811,57,F,MOBILE,1,578105,5,144,0
u_02812,27,M,MOBILE,0,1298538,17,11,0
u_02813,20,M,MOBILE,0,46900,1,8,0
u_02814,28,M,AD,0,1039,0,20,1
u_02815,51,F,MOBILE,4,780148,13,19,0
u_02816,28,F,APP,0,883266,10,60,0
u_02817,24,M,MOBILE,0,1083579,11,24,0
u_02818,49,M,MOBILE,3,528393,6,0,0
u_02819,48,F,MOBILE,2,1871559,20,0,0
u_02820,29,F,MOBILE,0,470123,5,16,1
u_02821,38,M,MOBILE,1,1402321,18,15,0
u_02822,31,M,MOBILE,0,377785,4,44,0
u_02823,50,M,REFERRAL,0,810825,11,13,0
u_02824,35,M,AD,0,205984,5,13,0
u_02825,37,M,REFERRAL,0,1174670,11,0,0
u_02826,36,M,REFERRAL,3,752703,13,21,0
u_02827,38,M,MOBILE,0,215463,3,2,1
u_02828,27,M,WEB,0,1059401,12,36,0
u_02829,44,F,APP,0,994146,9,12,0
u_02830,38,F,MOBILE,2,959923,12,0,0
u_02831,40,F,MOBILE,2,538854,11,40,0
u_02832,65,F,REFERRAL,1,350386,7,0,0
u_02833,47,M,AD,0,401997,6,72,0
u_02834,32,M,WEB,0,1397869,15,31,0
u_02835,24,F,APP,0,45000,3,14,0
u_02836,31,F,AD,0,452689,6,20,0
u_02837,25,M,MOBILE,0,1503009,14,64,0
u_02838,20,M,WEB,2,505502,5,0,0
u_02839,37,F,REFERRAL,5,2888844,28,0,0
u_02840,39,F,WEB,1,461113,9,0,0
u_02841,29,F,WEB,1,1381696,15,128,1
u_02842,44,M,MOBILE,0,460886,7,1,0
u_02843,44,F,WEB,3,1007438,11,53,0
u_02844,22,M,WEB,1,417251,7,12,0
u_02845,29,M,WEB,1,246538,5,17,0
u_02846,39,F,APP,0,418893,5,0,0
u_02847,21,F,AD,0,357,0,50,1
u_02848,40,M,MOBILE,4,1027524,13,21,0
u_02849,35,M,WEB,1,541975,6,0,0
u_02850,53,F,AD,3,634160,6,4,0
u_02851,34,M,MOBILE,1,422000,5,24,0
u_02852,49,F,MOBILE,2,1122432,10,24,0
u_02853,49,M,MOBILE,0,460765,4,3,0
u_02854,43,F,APP,1,408975,5,0,0
u_02855,37,M,REFERRAL,2,993573,11,4,0
u_02856,39,M,APP,2,827322,8,70,0
u_02857,41,M,WEB,0,1124732,19,118,0
u_02858,29,M,WEB,0,763075,9,32,0
u_02859,41,F,REFERRAL,1,520254,8,80,0
u_02860,35,M,WEB,0,323603,4,57,1
u_02861,26,M,REFERRAL,2,1092398,18,106,0
u_02862,47,M,APP,3,612984,9,32,0
u_02863,55,F,APP,0,871326,11,41,1
u_02864,34,F,MOBILE,0,577095,4,51,1
u_02865,55,F,WEB,0,3414,0,38,0
u_02866,48,F,MOBILE,4,1116368,17,14,0
u_02867,24,M,APP,0,1522099,18,3,0
u_02868,37,M,APP,3,991316,14,0,0
u_02869,44,F,WEB,0,53845,2,87,0
u_02870,48,F,MOBILE,1,763522,10,49,0
u_02871,27,M,MOBILE,0,1029592,19,12,0
u_02872,42,M,MOBILE,1,442140,5,7,0
u_02873,48,F,REFERRAL,0,314155,4,110,0
u_02874,32,M,AD,2,2269605,25,116,0
u_02875,46,M,APP,1,248631,3,9,0
u_02876,26,F,WEB,0,962119,10,80,0
u_02877,28,M,APP,2,897710,13,0,0
u_02878,59,F,AD,4,1829462,17,0,0
u_02879,38,M,MOBILE,0,689518,7,89,0
u_02880,41,M,AD,1,352067,4,40,0
u_02881,32,M,REFERRAL,0,23483,1,0,1
u_02882,42,M,WEB,0,900419,9,46,1
u_02883,31,M,WEB,0,336531,6,60,0
u_02884,51,M,WEB,2,482455,10,5,0
u_02885,28,F,WEB,0,981208,15,14,0
u_02886,26,F,APP,2,191410,6,23,0
u_02887,31,F,APP,0,471920,7,38,1
u_02888,39,F,MOBILE,2,1066462,10,98,0
u_02889,24,M,APP,0,579889,7,0,0
u_02890,23,F,MOBILE,1,228572,7,17,0
u_02891,41,M,REFERRAL,0,172905,2,51,0
u_02892,20,M,WEB,1,910522,12,73,1
u_02893,20,F,APP,0,4222,0,3,1
u_02894,49,M,MOBILE,1,461477,7,47,0
u_02895,26,M,MOBILE,3,1677587,16,0,0
u_02896,20,M,WEB,1,780091,10,2,0
u_02897,22,F,WEB,1,712736,11,32,0
u_02898,33,F,AD,3,872663,13,10,0
u_02899,37,M,WEB,3,1276410,10,0,0
u_02900,46,M,REFERRAL,0,448987,6,19,0
u_02901,29,M,APP,1,228937,2,33,0
u_02902,44,F,MOBILE,0,15000,1,22,1
u_02903,20,M,WEB,0,934134,8,94,1
u_02904,31,M,WEB,2,542604,20,36,0
u_02905,36,F,APP,0,461579,6,6,1
u_02906,54,M,APP,0,610760,9,11,0
u_02907,27,F,APP,0,970869,10,51,0
u_02908,43,F,AD,1,923525,12,56,0
u_02909,47,F,MOBILE,0,93322,1,13,0
u_02910,20,M,WEB,0,1478132,14,45,1
u_02911,42,F,MOBILE,2,1184192,12,95,0
u_02912,35,M,APP,1,430852,8,0,0
u_02913,29,F,WEB,1,522655,7,162,0
u_02914,54,M,MOBILE,1,532088,11,71,0
u_02915,51,M,WEB,3,1180694,15,0,0
u_02916,41,M,REFERRAL,1,490172,8,48,0
u_02917,37,F,WEB,1,1745611,14,113,0
u_02918,31,F,REFERRAL,3,1311056,18,0,0
u_02919,41,F,MOBILE,3,742309,10,13,0
u_02920,46,F,MOBILE,2,260378,5,0,0
u_02921,36,F,APP,2,346377,7,98,0
u_02922,51,F,WEB,1,1464870,17,47,0
u_02923,41,M,WEB,3,821081,13,0,0
u_02924,44,F,REFERRAL,1,229351,4,3,0
u_02925,38,F,WEB,0,296394,6,19,0
u_02926,25,M,REFERRAL,1,1920683,15,55,0
u_02927,41,M,WEB,0,558721,9,20,0
u_02928,37,F,WEB,0,240828,4,43,1
u_02929,27,M,MOBILE,0,279864,7,11,0
u_02930,21,M,REFERRAL,3,468704,9,73,0
u_02931,43,F,MOBILE,1,165034,4,10,0
u_02932,23,F,APP,2,187209,4,294,1
u_02933,42,F,WEB,4,1237638,18,0,0
u_02934,51,M,AD,1,733,0,50,0
u_02935,26,F,MOBILE,1,662559,10,79,1
u_02936,30,F,MOBILE,0,142436,2,71,1
u_02937,22,M,AD,0,72893,2,0,0
u_02938,23,F,MOBILE,1,526815,8,43,0
u_02939,42,M,WEB,1,736554,5,34,0
u_02940,39,F,REFERRAL,2,640637,9,57,0
u_02941,42,M,WEB,4,803710,10,35,0
u_02942,33,M,MOBILE,3,1410554,14,18,0
u_02943,35,M,AD,1,368670,4,39,0
u_02944,42,M,MOBILE,0,193910,3,40,0
u_02945,46,F,APP,0,83497,2,42,1
u_02946,40,F,WEB,2,632306,8,0,0
u_02947,25,M,WEB,3,1296731,15,0,0
u_02948,33,M,AD,0,548991,7,26,0
u_02949,59,F,APP,0,288880,4,20,1
u_02950,40,M,APP,1,96160,1,81,0
u_02951,30,M,WEB,2,1876665,21,22,0
u_02952,46,F,APP,0,441610,5,186,1
u_02953,20,F,APP,1,856687,15,42,0
u_02954,35,M,WEB,2,1045083,11,0,0
u_02955,30,F,MOBILE,0,238525,5,23,0
u_02956,48,M,APP,1,510413,5,0,0
u_02957,20,F,AD,2,774160,13,122,0
u_02958,45,F,APP,0,609825,6,0,0
u_02959,36,M,MOBILE,0,1092745,9,38,0
u_02960,43,F,APP,2,898821,8,19,0
u_02961,48,M,WEB,0,683644,11,0,0
u_02962,20,M,APP,2,1193622,12,0,0
u_02963,20,M,REFERRAL,1,298793,4,47,1
u_02964,33,M,REFERRAL,0,1529760,11,21,0
u_02965,31,M,REFERRAL,0,977823,10,93,0
u_02966,30,M,WEB,0,98816,2,18,0
u_02967,27,M,MOBILE,1,229987,5,85,0
u_02968,44,M,WEB,2,756968,10,65,0
u_02969,42,M,MOBILE,1,489779,9,3,0
u_02970,36,F,MOBILE,0,357705,4,36,1
u_02971,41,F,APP,0,756124,7,28,0
u_02972,36,M,MOBILE,0,239795,2,8,0
u_02973,54,M,WEB,5,1977563,19,28,0
u_02974,30,M,REFERRAL,3,504213,7,35,0
u_02975,39,M,APP,1,599972,9,16,0
u_02976,44,M,APP,0,295023,5,21,0
u_02977,49,M,WEB,1,196706,5,17,1
u_02978,21,M,APP,1,330268,6,0,0
u_02979,36,M,MOBILE,2,417734,18,0,0
u_02980,38,M,AD,0,585649,8,31,1
u_02981,39,M,REFERRAL,3,1505570,12,86,0
u_02982,31,M,MOBILE,0,488312,10,4,0
u_02983,33,M,APP,4,1547074,25,0,0
u_02984,28,F,MOBILE,0,723956,8,32,0
u_02985,38,F,MOBILE,3,529404,10,9,0
u_02986,35,F,WEB,1,272248,4,49,0
u_02987,31,M,WEB,1,261243,3,6,0
u_02988,25,M,REFERRAL,3,225000,15,0,0
u_02989,26,M,MOBILE,2,774717,9,7,0
u_02990,35,F,WEB,0,4225,0,111,1
u_02991,39,M,WEB,1,863284,11,34,0
u_02992,26,F,APP,1,1217731,14,7,0
u_02993,39,M,APP,2,443239,5,0,0
u_02994,35,M,REFERRAL,2,568865,12,77,0
u_02995,42,F,AD,2,631600,10,10,0
u_02996,36,F,WEB,1,379133,5,37,0
u_02997,20,F,WEB,0,240628,5,43,0
u_02998,24,M,REFERRAL,0,1053855,24,30,0
u_02999,50,F,MOBILE,0,818883,9,0,0
u_03000,47,M,MOBILE,2,618994,10,0,0
